#
# There is insufficient memory for the Java Runtime Environment to continue.
# Native memory allocation (mmap) failed to map 313524224 bytes. Error detail: G1 virtual space
# Possible reasons:
#   The system is out of physical RAM or swap space
#   This process is running with CompressedOops enabled, and the Java Heap may be blocking the growth of the native heap
# Possible solutions:
#   Reduce memory load on the system
#   Increase physical memory or swap space
#   Check if swap backing store is full
#   Decrease Java heap size (-Xmx/-Xms)
#   Decrease number of Java threads
#   Decrease Java thread stack sizes (-Xss)
#   Set larger code cache with -XX:ReservedCodeCacheSize=
#   JVM is running with Unscaled Compressed Oops mode in which the Java heap is
#     placed in the first 4GB address space. The Java Heap base address is the
#     maximum limit for the native heap growth. Please use -XX:HeapBaseMinAddress
#     to set the Java Heap base and to place the Java Heap above 4GB virtual address.
# This output file may be truncated or incomplete.
#
#  Out of Memory Error (os_windows.cpp:3898), pid=16460, tid=10900
#
# JRE version: OpenJDK Runtime Environment (21.0.6) (build 21.0.6+-13391695-b895.109)
# Java VM: OpenJDK 64-Bit Server VM (21.0.6+-13391695-b895.109, mixed mode, tiered, compressed oops, compressed class ptrs, g1 gc, windows-amd64)
# No core dump will be written. Minidumps are not enabled by default on client versions of Windows
#

---------------  S U M M A R Y ------------

Command Line: --add-opens=java.base/java.lang=ALL-UNNAMED --add-opens=java.base/java.lang.invoke=ALL-UNNAMED --add-opens=java.base/java.util=ALL-UNNAMED --add-opens=java.prefs/java.util.prefs=ALL-UNNAMED --add-exports=jdk.compiler/com.sun.tools.javac.api=ALL-UNNAMED --add-exports=jdk.compiler/com.sun.tools.javac.util=ALL-UNNAMED --add-opens=java.base/java.util=ALL-UNNAMED --add-opens=java.prefs/java.util.prefs=ALL-UNNAMED --add-opens=java.base/java.nio.charset=ALL-UNNAMED --add-opens=java.base/java.net=ALL-UNNAMED --add-opens=java.base/java.util.concurrent.atomic=ALL-UNNAMED --add-opens=java.xml/javax.xml.namespace=ALL-UNNAMED -Xmx2048m -Dfile.encoding=UTF-8 -Duser.country=ID -Duser.language=en -Duser.variant -javaagent:C:\Users\asus8\.gradle\wrapper\dists\gradle-8.13-bin\5xuhj0ry160q40clulazy9h7d\gradle-8.13\lib\agents\gradle-instrumentation-agent-8.13.jar org.gradle.launcher.daemon.bootstrap.GradleDaemon 8.13

Host: 11th Gen Intel(R) Core(TM) i5-1135G7 @ 2.40GHz, 8 cores, 7G,  Windows 11 , 64 bit Build 26100 (10.0.26100.7309)
Time: Fri Dec  5 19:26:26 2025 SE Asia Standard Time elapsed time: 21.911951 seconds (0d 0h 0m 21s)

---------------  T H R E A D  ---------------

Current thread (0x000002789824e090):  VMThread "VM Thread"          [id=10900, stack(0x000000f454a00000,0x000000f454b00000) (1024K)]

Stack: [0x000000f454a00000,0x000000f454b00000]
Native frames: (J=compiled Java code, j=interpreted, Vv=VM code, C=native code)
V  [jvm.dll+0x6d0639]
V  [jvm.dll+0x85eb03]
V  [jvm.dll+0x86105e]
V  [jvm.dll+0x861743]
V  [jvm.dll+0x27e6e6]
V  [jvm.dll+0x6ccfd5]
V  [jvm.dll+0x6c0a8a]
V  [jvm.dll+0x35537b]
V  [jvm.dll+0x35cfd6]
V  [jvm.dll+0x3aef86]
V  [jvm.dll+0x3af258]
V  [jvm.dll+0x327a2c]
V  [jvm.dll+0x327ab7]
V  [jvm.dll+0x36d93c]
V  [jvm.dll+0x36c0ee]
V  [jvm.dll+0x327181]
V  [jvm.dll+0x36b7f0]
V  [jvm.dll+0x8674c8]
V  [jvm.dll+0x868844]
V  [jvm.dll+0x868d80]
V  [jvm.dll+0x869013]
V  [jvm.dll+0x806ed8]
V  [jvm.dll+0x6cef0d]
C  [ucrtbase.dll+0x37b0]
C  [KERNEL32.DLL+0x2e8d7]
C  [ntdll.dll+0x8c53c]

VM_Operation (0x000000f45b1fa3a0): G1CollectForAllocation, mode: safepoint, requested by thread 0x00000278a0e6f650


---------------  P R O C E S S  ---------------

Threads class SMR info:
_java_thread_list=0x00000278aa861750, length=143, elements={
0x00000278ff579fe0, 0x00000278982a1780, 0x00000278982d43d0, 0x00000278982f7800,
0x00000278982f6450, 0x00000278982f7e90, 0x00000278982f9240, 0x00000278982fa170,
0x00000278982fb760, 0x00000278982f8520, 0x00000278982f5dc0, 0x00000278982f8bb0,
0x00000278982f7170, 0x00000278982f6ae0, 0x000002789d4514d0, 0x000002789d4521f0,
0x000002789d451b60, 0x000002789d44ed70, 0x000002789d450120, 0x000002789d450e40,
0x000002789d4507b0, 0x000002789d452880, 0x000002789d44f400, 0x000002789d452f10,
0x000002789d44fa90, 0x000002789d454950, 0x000002789d455670, 0x000002789d454fe0,
0x000002789d455d00, 0x000002789d4535a0, 0x000002789d456390, 0x000002789d4542c0,
0x00000278a1dbcda0, 0x00000278a1dbacd0, 0x00000278a1dbb360, 0x00000278a1dba640,
0x00000278a1dbb9f0, 0x00000278a1dbc080, 0x00000278a1dbdac0, 0x00000278a1dbd430,
0x00000278a1dbfb90, 0x00000278a1dbf500, 0x00000278a1dbe7e0, 0x00000278a1dc0220,
0x00000278a1dc0f40, 0x00000278a1dc08b0, 0x00000278a1dbee70, 0x00000278a1dc15d0,
0x00000278a1dbe150, 0x00000278a1dc1c60, 0x000002789fa1b2a0, 0x000002789fa1a580,
0x000002789fa19860, 0x000002789fa1b930, 0x000002789fa1bfc0, 0x000002789fa1c650,
0x000002789fa1cce0, 0x000002789fa1d370, 0x000002789fa19ef0, 0x000002789fa1fad0,
0x000002789fa1e720, 0x000002789fa207f0, 0x000002789fa20160, 0x000002789fa1f440,
0x000002789fa20e80, 0x000002789fa1da00, 0x000002789fa1e090, 0x000002789fa1edb0,
0x00000278a0e693e0, 0x00000278a0e6a100, 0x00000278a0e6b4b0, 0x00000278a0e6a790,
0x00000278a0e6ae20, 0x00000278a0e6bb40, 0x00000278a0e686c0, 0x00000278a0e6cef0,
0x00000278a11419d0, 0x00000278a113ff90, 0x00000278a1144130, 0x00000278a1140cb0,
0x00000278a1141340, 0x00000278a11454e0, 0x00000278a1145b70, 0x00000278a1146200,
0x00000278a3684010, 0x00000278a3683980, 0x00000278a368a280, 0x00000278a3689560,
0x00000278a368a910, 0x00000278a3687b20, 0x00000278a3688840, 0x00000278a0e69a70,
0x00000278a0e6efc0, 0x00000278a0e6f650, 0x00000278a31fc6f0, 0x00000278a31fb340,
0x00000278a31facb0, 0x00000278a31f9f90, 0x00000278a31fa620, 0x00000278a31fcd80,
0x00000278a31f9900, 0x00000278a31f9270, 0x00000278a31fb9d0, 0x00000278a31f8550,
0x00000278a31fd410, 0x00000278a31fdaa0, 0x00000278a31fe130, 0x00000278a31ff4e0,
0x00000278a31fee50, 0x00000278a31fc060, 0x00000278a31fe7c0, 0x00000278a31ffb70,
0x00000278a113f900, 0x00000278a11447c0, 0x00000278a1143410, 0x00000278a1144e50,
0x00000278a0e6d580, 0x00000278a0e6e930, 0x00000278a3689bf0, 0x00000278a8ed0020,
0x00000278a8ed06b0, 0x00000278a8ed0d40, 0x00000278a8ecdf50, 0x00000278a8ed13d0,
0x00000278a8ecec70, 0x00000278a8ecf990, 0x00000278a8ed1a60, 0x00000278a8ecf300,
0x00000278a8ece5e0, 0x00000278a8ed3b30, 0x00000278a8ed5570, 0x00000278a8ed20f0,
0x00000278a8ed2780, 0x00000278a8ed2e10, 0x00000278a9042de0, 0x00000278a95e0470,
0x00000278a95e0b00, 0x00000278a95df750, 0x00000278a95e1820, 0x00000278a95e2540,
0x00000278a95e2bd0, 0x00000278a0c21f40, 0x00000278a0c1f660
}

Java Threads: ( => current thread )
  0x00000278ff579fe0 JavaThread "main"                              [_thread_blocked, id=1364, stack(0x000000f454300000,0x000000f454400000) (1024K)]
  0x00000278982a1780 JavaThread "Reference Handler"          daemon [_thread_blocked, id=9620, stack(0x000000f454b00000,0x000000f454c00000) (1024K)]
  0x00000278982d43d0 JavaThread "Finalizer"                  daemon [_thread_blocked, id=17932, stack(0x000000f454c00000,0x000000f454d00000) (1024K)]
  0x00000278982f7800 JavaThread "Signal Dispatcher"          daemon [_thread_blocked, id=16892, stack(0x000000f454d00000,0x000000f454e00000) (1024K)]
  0x00000278982f6450 JavaThread "Attach Listener"            daemon [_thread_blocked, id=18464, stack(0x000000f454e00000,0x000000f454f00000) (1024K)]
  0x00000278982f7e90 JavaThread "Service Thread"             daemon [_thread_blocked, id=4836, stack(0x000000f454f00000,0x000000f455000000) (1024K)]
  0x00000278982f9240 JavaThread "Monitor Deflation Thread"   daemon [_thread_blocked, id=15428, stack(0x000000f455000000,0x000000f455100000) (1024K)]
  0x00000278982fa170 JavaThread "C2 CompilerThread0"         daemon [_thread_blocked, id=8984, stack(0x000000f455100000,0x000000f455200000) (1024K)]
  0x00000278982fb760 JavaThread "C1 CompilerThread0"         daemon [_thread_blocked, id=5504, stack(0x000000f455200000,0x000000f455300000) (1024K)]
  0x00000278982f8520 JavaThread "Common-Cleaner"             daemon [_thread_blocked, id=18088, stack(0x000000f455300000,0x000000f455400000) (1024K)]
  0x00000278982f5dc0 JavaThread "Notification Thread"        daemon [_thread_blocked, id=13036, stack(0x000000f455400000,0x000000f455500000) (1024K)]
  0x00000278982f8bb0 JavaThread "Daemon health stats"               [_thread_blocked, id=5368, stack(0x000000f455d00000,0x000000f455e00000) (1024K)]
  0x00000278982f7170 JavaThread "Incoming local TCP Connector on port 55665"        [_thread_in_native, id=1896, stack(0x000000f455e00000,0x000000f455f00000) (1024K)]
  0x00000278982f6ae0 JavaThread "Daemon periodic checks"            [_thread_blocked, id=15252, stack(0x000000f455f00000,0x000000f456000000) (1024K)]
  0x000002789d4514d0 JavaThread "Daemon"                            [_thread_blocked, id=13432, stack(0x000000f456000000,0x000000f456100000) (1024K)]
  0x000002789d4521f0 JavaThread "Handler for socket connection from /127.0.0.1:55665 to /127.0.0.1:55666"        [_thread_in_native, id=1508, stack(0x000000f456100000,0x000000f456200000) (1024K)]
  0x000002789d451b60 JavaThread "Cancel handler"                    [_thread_blocked, id=15272, stack(0x000000f456200000,0x000000f456300000) (1024K)]
  0x000002789d44ed70 JavaThread "Daemon worker"                     [_thread_blocked, id=19044, stack(0x000000f456300000,0x000000f456400000) (1024K)]
  0x000002789d450120 JavaThread "Asynchronous log dispatcher for DefaultDaemonConnection: socket connection from /127.0.0.1:55665 to /127.0.0.1:55666"        [_thread_blocked, id=19052, stack(0x000000f456400000,0x000000f456500000) (1024K)]
  0x000002789d450e40 JavaThread "Stdin handler"                     [_thread_blocked, id=4832, stack(0x000000f456500000,0x000000f456600000) (1024K)]
  0x000002789d4507b0 JavaThread "Daemon client event forwarder"        [_thread_blocked, id=19048, stack(0x000000f456600000,0x000000f456700000) (1024K)]
  0x000002789d452880 JavaThread "Cache worker for journal cache (C:\Users\asus8\.gradle\caches\journal-1)"        [_thread_blocked, id=8380, stack(0x000000f455600000,0x000000f455700000) (1024K)]
  0x000002789d44f400 JavaThread "File lock request listener"        [_thread_in_native, id=17964, stack(0x000000f456900000,0x000000f456a00000) (1024K)]
  0x000002789d452f10 JavaThread "Cache worker for file hash cache (C:\Users\asus8\.gradle\caches\8.13\fileHashes)"        [_thread_blocked, id=10160, stack(0x000000f456a00000,0x000000f456b00000) (1024K)]
  0x000002789d44fa90 JavaThread "Cache worker for file hash cache (D:\PTB\TB\CareerLink\.gradle\8.13\fileHashes)"        [_thread_blocked, id=5852, stack(0x000000f456c00000,0x000000f456d00000) (1024K)]
  0x000002789d454950 JavaThread "Cache worker for Build Output Cleanup Cache (D:\PTB\TB\CareerLink\.gradle\buildOutputCleanup)"        [_thread_blocked, id=10464, stack(0x000000f456d00000,0x000000f456e00000) (1024K)]
  0x000002789d455670 JavaThread "File watcher server"        daemon [_thread_blocked, id=3928, stack(0x000000f456e00000,0x000000f456f00000) (1024K)]
  0x000002789d454fe0 JavaThread "File watcher consumer"      daemon [_thread_blocked, id=8868, stack(0x000000f456f00000,0x000000f457000000) (1024K)]
  0x000002789d455d00 JavaThread "jar transforms"                    [_thread_blocked, id=5776, stack(0x000000f457000000,0x000000f457100000) (1024K)]
  0x000002789d4535a0 JavaThread "jar transforms Thread 2"           [_thread_blocked, id=12840, stack(0x000000f457100000,0x000000f457200000) (1024K)]
  0x000002789d456390 JavaThread "Cache worker for checksums cache (D:\PTB\TB\CareerLink\.gradle\8.13\checksums)"        [_thread_blocked, id=7468, stack(0x000000f457200000,0x000000f457300000) (1024K)]
  0x000002789d4542c0 JavaThread "Cache worker for file content cache (C:\Users\asus8\.gradle\caches\8.13\fileContent)"        [_thread_blocked, id=13748, stack(0x000000f457300000,0x000000f457400000) (1024K)]
  0x00000278a1dbcda0 JavaThread "jar transforms Thread 3"           [_thread_blocked, id=13616, stack(0x000000f457400000,0x000000f457500000) (1024K)]
  0x00000278a1dbacd0 JavaThread "Cache worker for cache directory md-supplier (C:\Users\asus8\.gradle\caches\8.13\md-supplier)"        [_thread_blocked, id=14868, stack(0x000000f457500000,0x000000f457600000) (1024K)]
  0x00000278a1dbb360 JavaThread "Cache worker for cache directory md-rule (C:\Users\asus8\.gradle\caches\8.13\md-rule)"        [_thread_blocked, id=9220, stack(0x000000f457600000,0x000000f457700000) (1024K)]
  0x00000278a1dba640 JavaThread "Unconstrained build operations"        [_thread_blocked, id=11316, stack(0x000000f457700000,0x000000f457800000) (1024K)]
  0x00000278a1dbb9f0 JavaThread "Unconstrained build operations Thread 2"        [_thread_blocked, id=1368, stack(0x000000f457800000,0x000000f457900000) (1024K)]
  0x00000278a1dbc080 JavaThread "Unconstrained build operations Thread 3"        [_thread_blocked, id=17016, stack(0x000000f457900000,0x000000f457a00000) (1024K)]
  0x00000278a1dbdac0 JavaThread "Unconstrained build operations Thread 4"        [_thread_blocked, id=9736, stack(0x000000f457a00000,0x000000f457b00000) (1024K)]
  0x00000278a1dbd430 JavaThread "Unconstrained build operations Thread 5"        [_thread_blocked, id=668, stack(0x000000f457b00000,0x000000f457c00000) (1024K)]
  0x00000278a1dbfb90 JavaThread "Unconstrained build operations Thread 6"        [_thread_blocked, id=6880, stack(0x000000f457c00000,0x000000f457d00000) (1024K)]
  0x00000278a1dbf500 JavaThread "Unconstrained build operations Thread 7"        [_thread_blocked, id=7796, stack(0x000000f457d00000,0x000000f457e00000) (1024K)]
  0x00000278a1dbe7e0 JavaThread "Unconstrained build operations Thread 8"        [_thread_blocked, id=13832, stack(0x000000f457e00000,0x000000f457f00000) (1024K)]
  0x00000278a1dc0220 JavaThread "jar transforms Thread 4"           [_thread_blocked, id=15076, stack(0x000000f457f00000,0x000000f458000000) (1024K)]
  0x00000278a1dc0f40 JavaThread "jar transforms Thread 5"           [_thread_blocked, id=7400, stack(0x000000f458000000,0x000000f458100000) (1024K)]
  0x00000278a1dc08b0 JavaThread "Unconstrained build operations Thread 9"        [_thread_blocked, id=17376, stack(0x000000f458100000,0x000000f458200000) (1024K)]
  0x00000278a1dbee70 JavaThread "Unconstrained build operations Thread 10"        [_thread_blocked, id=13572, stack(0x000000f458200000,0x000000f458300000) (1024K)]
  0x00000278a1dc15d0 JavaThread "Unconstrained build operations Thread 11"        [_thread_blocked, id=10368, stack(0x000000f458300000,0x000000f458400000) (1024K)]
  0x00000278a1dbe150 JavaThread "Unconstrained build operations Thread 12"        [_thread_blocked, id=12744, stack(0x000000f458400000,0x000000f458500000) (1024K)]
  0x00000278a1dc1c60 JavaThread "jar transforms Thread 6"           [_thread_blocked, id=7508, stack(0x000000f458500000,0x000000f458600000) (1024K)]
  0x000002789fa1b2a0 JavaThread "jar transforms Thread 7"           [_thread_blocked, id=2500, stack(0x000000f458600000,0x000000f458700000) (1024K)]
  0x000002789fa1a580 JavaThread "jar transforms Thread 8"           [_thread_blocked, id=9040, stack(0x000000f458700000,0x000000f458800000) (1024K)]
  0x000002789fa19860 JavaThread "Unconstrained build operations Thread 13"        [_thread_blocked, id=6244, stack(0x000000f456b00000,0x000000f456c00000) (1024K)]
  0x000002789fa1b930 JavaThread "Unconstrained build operations Thread 14"        [_thread_blocked, id=8900, stack(0x000000f458800000,0x000000f458900000) (1024K)]
  0x000002789fa1bfc0 JavaThread "Unconstrained build operations Thread 15"        [_thread_blocked, id=14800, stack(0x000000f458900000,0x000000f458a00000) (1024K)]
  0x000002789fa1c650 JavaThread "Unconstrained build operations Thread 16"        [_thread_blocked, id=8620, stack(0x000000f458a00000,0x000000f458b00000) (1024K)]
  0x000002789fa1cce0 JavaThread "Unconstrained build operations Thread 17"        [_thread_blocked, id=15288, stack(0x000000f458b00000,0x000000f458c00000) (1024K)]
  0x000002789fa1d370 JavaThread "Unconstrained build operations Thread 18"        [_thread_blocked, id=8980, stack(0x000000f458c00000,0x000000f458d00000) (1024K)]
  0x000002789fa19ef0 JavaThread "Unconstrained build operations Thread 19"        [_thread_blocked, id=8360, stack(0x000000f458d00000,0x000000f458e00000) (1024K)]
  0x000002789fa1fad0 JavaThread "Unconstrained build operations Thread 20"        [_thread_blocked, id=12212, stack(0x000000f458e00000,0x000000f458f00000) (1024K)]
  0x000002789fa1e720 JavaThread "Unconstrained build operations Thread 21"        [_thread_blocked, id=17860, stack(0x000000f458f00000,0x000000f459000000) (1024K)]
  0x000002789fa207f0 JavaThread "Unconstrained build operations Thread 22"        [_thread_blocked, id=11940, stack(0x000000f459000000,0x000000f459100000) (1024K)]
  0x000002789fa20160 JavaThread "Unconstrained build operations Thread 23"        [_thread_blocked, id=2688, stack(0x000000f459100000,0x000000f459200000) (1024K)]
  0x000002789fa1f440 JavaThread "Unconstrained build operations Thread 24"        [_thread_blocked, id=9848, stack(0x000000f459200000,0x000000f459300000) (1024K)]
  0x000002789fa20e80 JavaThread "Unconstrained build operations Thread 25"        [_thread_blocked, id=12312, stack(0x000000f459300000,0x000000f459400000) (1024K)]
  0x000002789fa1da00 JavaThread "Unconstrained build operations Thread 26"        [_thread_blocked, id=7744, stack(0x000000f459400000,0x000000f459500000) (1024K)]
  0x000002789fa1e090 JavaThread "Unconstrained build operations Thread 27"        [_thread_blocked, id=13072, stack(0x000000f459500000,0x000000f459600000) (1024K)]
  0x000002789fa1edb0 JavaThread "Unconstrained build operations Thread 28"        [_thread_blocked, id=1260, stack(0x000000f459600000,0x000000f459700000) (1024K)]
  0x00000278a0e693e0 JavaThread "Unconstrained build operations Thread 29"        [_thread_blocked, id=6792, stack(0x000000f459700000,0x000000f459800000) (1024K)]
  0x00000278a0e6a100 JavaThread "Unconstrained build operations Thread 30"        [_thread_blocked, id=16128, stack(0x000000f459800000,0x000000f459900000) (1024K)]
  0x00000278a0e6b4b0 JavaThread "Unconstrained build operations Thread 31"        [_thread_blocked, id=11132, stack(0x000000f459900000,0x000000f459a00000) (1024K)]
  0x00000278a0e6a790 JavaThread "Unconstrained build operations Thread 32"        [_thread_blocked, id=4240, stack(0x000000f459a00000,0x000000f459b00000) (1024K)]
  0x00000278a0e6ae20 JavaThread "Unconstrained build operations Thread 33"        [_thread_blocked, id=16732, stack(0x000000f459b00000,0x000000f459c00000) (1024K)]
  0x00000278a0e6bb40 JavaThread "build event listener"              [_thread_blocked, id=5136, stack(0x000000f455500000,0x000000f455600000) (1024K)]
  0x00000278a0e686c0 JavaThread "Memory manager"                    [_thread_blocked, id=10768, stack(0x000000f459d00000,0x000000f459e00000) (1024K)]
  0x00000278a0e6cef0 JavaThread "build event listener"              [_thread_blocked, id=6896, stack(0x000000f459e00000,0x000000f459f00000) (1024K)]
  0x00000278a11419d0 JavaThread "pool-3-thread-1"                   [_thread_blocked, id=9764, stack(0x000000f45a000000,0x000000f45a100000) (1024K)]
  0x00000278a113ff90 JavaThread "build event listener"              [_thread_blocked, id=18416, stack(0x000000f45a100000,0x000000f45a200000) (1024K)]
  0x00000278a1144130 JavaThread "included builds"                   [_thread_blocked, id=11424, stack(0x000000f45a200000,0x000000f45a300000) (1024K)]
  0x00000278a1140cb0 JavaThread "Execution worker"                  [_thread_blocked, id=12540, stack(0x000000f45a300000,0x000000f45a400000) (1024K)]
  0x00000278a1141340 JavaThread "Execution worker Thread 2"         [_thread_blocked, id=6460, stack(0x000000f45a400000,0x000000f45a500000) (1024K)]
  0x00000278a11454e0 JavaThread "Execution worker Thread 3"         [_thread_blocked, id=5936, stack(0x000000f45a500000,0x000000f45a600000) (1024K)]
  0x00000278a1145b70 JavaThread "Execution worker Thread 4"         [_thread_blocked, id=19000, stack(0x000000f45a600000,0x000000f45a700000) (1024K)]
  0x00000278a1146200 JavaThread "Execution worker Thread 5"         [_thread_blocked, id=19012, stack(0x000000f45a700000,0x000000f45a800000) (1024K)]
  0x00000278a3684010 JavaThread "Execution worker Thread 6"         [_thread_blocked, id=14556, stack(0x000000f45a800000,0x000000f45a900000) (1024K)]
  0x00000278a3683980 JavaThread "Execution worker Thread 7"         [_thread_blocked, id=19184, stack(0x000000f45a900000,0x000000f45aa00000) (1024K)]
  0x00000278a368a280 JavaThread "Cache worker for execution history cache (D:\PTB\TB\CareerLink\.gradle\8.13\executionHistory)"        [_thread_blocked, id=19060, stack(0x000000f45aa00000,0x000000f45ab00000) (1024K)]
  0x00000278a3689560 JavaThread "Unconstrained build operations Thread 34"        [_thread_blocked, id=19072, stack(0x000000f45ab00000,0x000000f45ac00000) (1024K)]
  0x00000278a368a910 JavaThread "Unconstrained build operations Thread 35"        [_thread_blocked, id=19076, stack(0x000000f45ac00000,0x000000f45ad00000) (1024K)]
  0x00000278a3687b20 JavaThread "Unconstrained build operations Thread 36"        [_thread_blocked, id=19080, stack(0x000000f45ad00000,0x000000f45ae00000) (1024K)]
  0x00000278a3688840 JavaThread "Unconstrained build operations Thread 37"        [_thread_blocked, id=19124, stack(0x000000f45ae00000,0x000000f45af00000) (1024K)]
  0x00000278a0e69a70 JavaThread "Unconstrained build operations Thread 38"        [_thread_blocked, id=19092, stack(0x000000f45af00000,0x000000f45b000000) (1024K)]
  0x00000278a0e6efc0 JavaThread "Unconstrained build operations Thread 39"        [_thread_blocked, id=19096, stack(0x000000f45b000000,0x000000f45b100000) (1024K)]
  0x00000278a0e6f650 JavaThread "Unconstrained build operations Thread 40"        [_thread_blocked, id=19100, stack(0x000000f45b100000,0x000000f45b200000) (1024K)]
  0x00000278a31fc6f0 JavaThread "Unconstrained build operations Thread 41"        [_thread_blocked, id=19108, stack(0x000000f45b200000,0x000000f45b300000) (1024K)]
  0x00000278a31fb340 JavaThread "Unconstrained build operations Thread 42"        [_thread_blocked, id=19112, stack(0x000000f45b300000,0x000000f45b400000) (1024K)]
  0x00000278a31facb0 JavaThread "Unconstrained build operations Thread 43"        [_thread_blocked, id=19116, stack(0x000000f45b400000,0x000000f45b500000) (1024K)]
  0x00000278a31f9f90 JavaThread "Unconstrained build operations Thread 44"        [_thread_blocked, id=19120, stack(0x000000f45b500000,0x000000f45b600000) (1024K)]
  0x00000278a31fa620 JavaThread "Unconstrained build operations Thread 45"        [_thread_blocked, id=19128, stack(0x000000f45b600000,0x000000f45b700000) (1024K)]
  0x00000278a31fcd80 JavaThread "Unconstrained build operations Thread 46"        [_thread_blocked, id=19156, stack(0x000000f45b700000,0x000000f45b800000) (1024K)]
  0x00000278a31f9900 JavaThread "Unconstrained build operations Thread 47"        [_thread_blocked, id=19160, stack(0x000000f45b800000,0x000000f45b900000) (1024K)]
  0x00000278a31f9270 JavaThread "Unconstrained build operations Thread 48"        [_thread_blocked, id=19188, stack(0x000000f45b900000,0x000000f45ba00000) (1024K)]
  0x00000278a31fb9d0 JavaThread "Unconstrained build operations Thread 49"        [_thread_blocked, id=19192, stack(0x000000f45ba00000,0x000000f45bb00000) (1024K)]
  0x00000278a31f8550 JavaThread "Unconstrained build operations Thread 50"        [_thread_blocked, id=19056, stack(0x000000f45bb00000,0x000000f45bc00000) (1024K)]
  0x00000278a31fd410 JavaThread "Unconstrained build operations Thread 51"        [_thread_blocked, id=19236, stack(0x000000f45bc00000,0x000000f45bd00000) (1024K)]
  0x00000278a31fdaa0 JavaThread "Unconstrained build operations Thread 52"        [_thread_blocked, id=19200, stack(0x000000f45bd00000,0x000000f45be00000) (1024K)]
  0x00000278a31fe130 JavaThread "Unconstrained build operations Thread 53"        [_thread_blocked, id=19204, stack(0x000000f45be00000,0x000000f45bf00000) (1024K)]
  0x00000278a31ff4e0 JavaThread "Unconstrained build operations Thread 54"        [_thread_blocked, id=19208, stack(0x000000f45bf00000,0x000000f45c000000) (1024K)]
  0x00000278a31fee50 JavaThread "Unconstrained build operations Thread 55"        [_thread_blocked, id=19212, stack(0x000000f45c000000,0x000000f45c100000) (1024K)]
  0x00000278a31fc060 JavaThread "Unconstrained build operations Thread 56"        [_thread_blocked, id=19216, stack(0x000000f45c100000,0x000000f45c200000) (1024K)]
  0x00000278a31fe7c0 JavaThread "Unconstrained build operations Thread 57"        [_thread_blocked, id=19228, stack(0x000000f45c200000,0x000000f45c300000) (1024K)]
  0x00000278a31ffb70 JavaThread "Unconstrained build operations Thread 58"        [_thread_blocked, id=19240, stack(0x000000f45c300000,0x000000f45c400000) (1024K)]
  0x00000278a113f900 JavaThread "Unconstrained build operations Thread 59"        [_thread_blocked, id=19244, stack(0x000000f45c400000,0x000000f45c500000) (1024K)]
  0x00000278a11447c0 JavaThread "Unconstrained build operations Thread 60"        [_thread_blocked, id=19248, stack(0x000000f45c500000,0x000000f45c600000) (1024K)]
  0x00000278a1143410 JavaThread "Unconstrained build operations Thread 61"        [_thread_blocked, id=19252, stack(0x000000f45c600000,0x000000f45c700000) (1024K)]
  0x00000278a1144e50 JavaThread "Unconstrained build operations Thread 62"        [_thread_blocked, id=19224, stack(0x000000f45c700000,0x000000f45c800000) (1024K)]
  0x00000278a0e6d580 JavaThread "Unconstrained build operations Thread 63"        [_thread_blocked, id=19272, stack(0x000000f45c800000,0x000000f45c900000) (1024K)]
  0x00000278a0e6e930 JavaThread "Unconstrained build operations Thread 64"        [_thread_blocked, id=19284, stack(0x000000f45c900000,0x000000f45ca00000) (1024K)]
  0x00000278a3689bf0 JavaThread "Unconstrained build operations Thread 65"        [_thread_blocked, id=19288, stack(0x000000f45ca00000,0x000000f45cb00000) (1024K)]
  0x00000278a8ed0020 JavaThread "Unconstrained build operations Thread 66"        [_thread_blocked, id=19292, stack(0x000000f45cb00000,0x000000f45cc00000) (1024K)]
  0x00000278a8ed06b0 JavaThread "Unconstrained build operations Thread 67"        [_thread_blocked, id=19312, stack(0x000000f45cc00000,0x000000f45cd00000) (1024K)]
  0x00000278a8ed0d40 JavaThread "Unconstrained build operations Thread 68"        [_thread_blocked, id=19316, stack(0x000000f45cd00000,0x000000f45ce00000) (1024K)]
  0x00000278a8ecdf50 JavaThread "Unconstrained build operations Thread 69"        [_thread_blocked, id=19328, stack(0x000000f45ce00000,0x000000f45cf00000) (1024K)]
  0x00000278a8ed13d0 JavaThread "Unconstrained build operations Thread 70"        [_thread_blocked, id=19356, stack(0x000000f45cf00000,0x000000f45d000000) (1024K)]
  0x00000278a8ecec70 JavaThread "Unconstrained build operations Thread 71"        [_thread_blocked, id=19420, stack(0x000000f45d000000,0x000000f45d100000) (1024K)]
  0x00000278a8ecf990 JavaThread "Unconstrained build operations Thread 72"        [_thread_blocked, id=19424, stack(0x000000f45d100000,0x000000f45d200000) (1024K)]
  0x00000278a8ed1a60 JavaThread "Unconstrained build operations Thread 73"        [_thread_blocked, id=19428, stack(0x000000f45d200000,0x000000f45d300000) (1024K)]
  0x00000278a8ecf300 JavaThread "Unconstrained build operations Thread 74"        [_thread_blocked, id=19432, stack(0x000000f45d300000,0x000000f45d400000) (1024K)]
  0x00000278a8ece5e0 JavaThread "Unconstrained build operations Thread 75"        [_thread_blocked, id=19444, stack(0x000000f45d400000,0x000000f45d500000) (1024K)]
  0x00000278a8ed3b30 JavaThread "Unconstrained build operations Thread 76"        [_thread_blocked, id=19436, stack(0x000000f45d500000,0x000000f45d600000) (1024K)]
  0x00000278a8ed5570 JavaThread "Unconstrained build operations Thread 77"        [_thread_blocked, id=19440, stack(0x000000f45d600000,0x000000f45d700000) (1024K)]
  0x00000278a8ed20f0 JavaThread "Unconstrained build operations Thread 78"        [_thread_blocked, id=19448, stack(0x000000f45d700000,0x000000f45d800000) (1024K)]
  0x00000278a8ed2780 JavaThread "Unconstrained build operations Thread 79"        [_thread_blocked, id=6052, stack(0x000000f45d800000,0x000000f45d900000) (1024K)]
  0x00000278a8ed2e10 JavaThread "Unconstrained build operations Thread 80"        [_thread_blocked, id=1284, stack(0x000000f45d900000,0x000000f45da00000) (1024K)]
  0x00000278a9042de0 JavaThread "WorkerExecutor Queue"              [_thread_in_native, id=8768, stack(0x000000f45da00000,0x000000f45db00000) (1024K)]
  0x00000278a95e0470 JavaThread "RMI Scheduler(0)"           daemon [_thread_blocked, id=9136, stack(0x000000f45db00000,0x000000f45dc00000) (1024K)]
  0x00000278a95e0b00 JavaThread "RMI RenewClean-[127.0.0.1:17824,org.jetbrains.kotlin.daemon.common.LoopbackNetworkInterface$ClientLoopbackSocketFactory@5c1afa65]" daemon [_thread_blocked, id=18512, stack(0x000000f45dc00000,0x000000f45dd00000) (1024K)]
  0x00000278a95df750 JavaThread "RMI GC Daemon"              daemon [_thread_blocked, id=2844, stack(0x000000f45dd00000,0x000000f45de00000) (1024K)]
  0x00000278a95e1820 JavaThread "RMI TCP Accept-0"           daemon [_thread_in_native, id=10952, stack(0x000000f45de00000,0x000000f45df00000) (1024K)]
  0x00000278a95e2540 JavaThread "RMI Reaper"                        [_thread_blocked, id=15852, stack(0x000000f45df00000,0x000000f45e000000) (1024K)]
  0x00000278a95e2bd0 JavaThread "RMI TCP Connection(1)-127.0.0.1" daemon [_thread_in_native, id=11408, stack(0x000000f45e000000,0x000000f45e100000) (1024K)]
  0x00000278a0c21f40 JavaThread "C2 CompilerThread1"         daemon [_thread_blocked, id=18952, stack(0x000000f459c00000,0x000000f459d00000) (1024K)]
  0x00000278a0c1f660 JavaThread "C2 CompilerThread2"         daemon [_thread_in_native, id=18892, stack(0x000000f459f00000,0x000000f45a000000) (1024K)]
Total: 143

Other Threads:
=>0x000002789824e090 VMThread "VM Thread"                           [id=10900, stack(0x000000f454a00000,0x000000f454b00000) (1024K)]
  0x0000027897fa52f0 WatcherThread "VM Periodic Task Thread"        [id=9720, stack(0x000000f454900000,0x000000f454a00000) (1024K)]
  0x00000278ff5d2ba0 WorkerThread "GC Thread#0"                     [id=17804, stack(0x000000f454400000,0x000000f454500000) (1024K)]
  0x000002789890f730 WorkerThread "GC Thread#1"                     [id=3324, stack(0x000000f455700000,0x000000f455800000) (1024K)]
  0x0000027898ce5020 WorkerThread "GC Thread#2"                     [id=11076, stack(0x000000f455800000,0x000000f455900000) (1024K)]
  0x0000027898ccb900 WorkerThread "GC Thread#3"                     [id=4288, stack(0x000000f455900000,0x000000f455a00000) (1024K)]
  0x000002789d7b2bf0 WorkerThread "GC Thread#4"                     [id=14472, stack(0x000000f455a00000,0x000000f455b00000) (1024K)]
  0x000002789ddde4c0 WorkerThread "GC Thread#5"                     [id=11448, stack(0x000000f455b00000,0x000000f455c00000) (1024K)]
  0x000002789e25b2c0 WorkerThread "GC Thread#6"                     [id=6480, stack(0x000000f455c00000,0x000000f455d00000) (1024K)]
  0x000002789e42f320 WorkerThread "GC Thread#7"                     [id=10944, stack(0x000000f456700000,0x000000f456800000) (1024K)]
  0x00000278ff5e3a90 ConcurrentGCThread "G1 Main Marker"            [id=9024, stack(0x000000f454500000,0x000000f454600000) (1024K)]
  0x00000278ff5e5af0 WorkerThread "G1 Conc#0"                       [id=16704, stack(0x000000f454600000,0x000000f454700000) (1024K)]
  0x000002789e42e100 WorkerThread "G1 Conc#1"                       [id=3728, stack(0x000000f456800000,0x000000f456900000) (1024K)]
  0x0000027897e6e020 ConcurrentGCThread "G1 Refine#0"               [id=10912, stack(0x000000f454700000,0x000000f454800000) (1024K)]
  0x0000027897e70560 ConcurrentGCThread "G1 Service"                [id=16504, stack(0x000000f454800000,0x000000f454900000) (1024K)]
Total: 15

Threads with active compile tasks:
C2 CompilerThread0  21962 15819   !   4       com.android.tools.r8.graph.m1::<init> (69 bytes)
C1 CompilerThread0  21962 15856       2       com.android.tools.r8.synthesis.L::b (250 bytes)
C2 CompilerThread1  21962 15825       4       com.android.tools.r8.graph.F3::b (731 bytes)
C2 CompilerThread2  21962 15752       4       com.android.tools.r8.internal.me::a (4509 bytes)
Total: 4

VM state: at safepoint (normal execution)

VM Mutex/Monitor currently owned by a thread:  ([mutex/lock_event])
[0x00007ffddedbe3a0] Threads_lock - owner thread: 0x000002789824e090
[0x00007ffddedbe4a0] Heap_lock - owner thread: 0x00000278a0e6f650

Heap address: 0x0000000080000000, size: 2048 MB, Compressed Oops mode: 32-bit

CDS archive(s) not mapped
Compressed class space mapped at: 0x0000000100000000-0x0000000140000000, reserved size: 1073741824
Narrow klass base: 0x0000000000000000, Narrow klass shift: 3, Narrow klass range: 0x140000000

GC Precious Log:
 CardTable entry size: 512
 Card Set container configuration: InlinePtr #cards 5 size 8 Array Of Cards #cards 12 size 40 Howl #buckets 4 coarsen threshold 1843 Howl Bitmap #cards 512 size 80 coarsen threshold 460 Card regions per heap region 1 cards per card region 2048
 CPUs: 8 total, 8 available
 Memory: 7886M
 Large Page Support: Disabled
 NUMA Support: Disabled
 Compressed Oops: Enabled (32-bit)
 Heap Region Size: 1M
 Heap Min Capacity: 8M
 Heap Initial Capacity: 124M
 Heap Max Capacity: 2G
 Pre-touch: Disabled
 Parallel Workers: 8
 Concurrent Workers: 2
 Concurrent Refinement Workers: 8
 Periodic GC: Disabled

Heap:
 garbage-first heap   total 402432K, used 315874K [0x0000000080000000, 0x0000000100000000)
  region size 1024K, 10 young (10240K), 10 survivors (10240K)
 Metaspace       used 132441K, committed 134848K, reserved 1179648K
  class space    used 17842K, committed 19072K, reserved 1048576K

Heap Regions: E=young(eden), S=young(survivor), O=old, HS=humongous(starts), HC=humongous(continues), CS=collection set, F=free, TAMS=top-at-mark-start, PB=parsable bottom
|   0|0x0000000080000000, 0x0000000080100000, 0x0000000080100000|100%|HS|  |TAMS 0x0000000080100000| PB 0x0000000080000000| Complete 
|   1|0x0000000080100000, 0x0000000080200000, 0x0000000080200000|100%|HC|  |TAMS 0x0000000080200000| PB 0x0000000080100000| Complete 
|   2|0x0000000080200000, 0x0000000080300000, 0x0000000080300000|100%|HC|  |TAMS 0x0000000080300000| PB 0x0000000080200000| Complete 
|   3|0x0000000080300000, 0x0000000080400000, 0x0000000080400000|100%| O|  |TAMS 0x0000000080400000| PB 0x0000000080300000| Untracked 
|   4|0x0000000080400000, 0x0000000080500000, 0x0000000080500000|100%| O|  |TAMS 0x0000000080500000| PB 0x0000000080400000| Untracked 
|   5|0x0000000080500000, 0x0000000080600000, 0x0000000080600000|100%| O|  |TAMS 0x0000000080600000| PB 0x0000000080500000| Untracked 
|   6|0x0000000080600000, 0x0000000080700000, 0x0000000080700000|100%|HS|  |TAMS 0x0000000080700000| PB 0x0000000080600000| Complete 
|   7|0x0000000080700000, 0x0000000080800000, 0x0000000080800000|100%| O|  |TAMS 0x0000000080800000| PB 0x0000000080700000| Untracked 
|   8|0x0000000080800000, 0x0000000080900000, 0x0000000080900000|100%| O|  |TAMS 0x0000000080900000| PB 0x0000000080800000| Untracked 
|   9|0x0000000080900000, 0x0000000080a00000, 0x0000000080a00000|100%| O|  |TAMS 0x0000000080a00000| PB 0x0000000080900000| Untracked 
|  10|0x0000000080a00000, 0x0000000080b00000, 0x0000000080b00000|100%| O|  |TAMS 0x0000000080b00000| PB 0x0000000080a00000| Untracked 
|  11|0x0000000080b00000, 0x0000000080c00000, 0x0000000080c00000|100%| O|  |TAMS 0x0000000080c00000| PB 0x0000000080b00000| Untracked 
|  12|0x0000000080c00000, 0x0000000080d00000, 0x0000000080d00000|100%| O|  |TAMS 0x0000000080d00000| PB 0x0000000080c00000| Untracked 
|  13|0x0000000080d00000, 0x0000000080e00000, 0x0000000080e00000|100%| O|  |TAMS 0x0000000080e00000| PB 0x0000000080d00000| Untracked 
|  14|0x0000000080e00000, 0x0000000080f00000, 0x0000000080f00000|100%| O|  |TAMS 0x0000000080f00000| PB 0x0000000080e00000| Untracked 
|  15|0x0000000080f00000, 0x0000000081000000, 0x0000000081000000|100%| O|  |TAMS 0x0000000081000000| PB 0x0000000080f00000| Untracked 
|  16|0x0000000081000000, 0x0000000081100000, 0x0000000081100000|100%| O|  |TAMS 0x0000000081100000| PB 0x0000000081000000| Untracked 
|  17|0x0000000081100000, 0x0000000081200000, 0x0000000081200000|100%| O|  |TAMS 0x0000000081200000| PB 0x0000000081100000| Untracked 
|  18|0x0000000081200000, 0x0000000081300000, 0x0000000081300000|100%| O|  |TAMS 0x0000000081300000| PB 0x0000000081200000| Untracked 
|  19|0x0000000081300000, 0x0000000081400000, 0x0000000081400000|100%| O|  |TAMS 0x0000000081400000| PB 0x0000000081300000| Untracked 
|  20|0x0000000081400000, 0x0000000081500000, 0x0000000081500000|100%| O|  |TAMS 0x0000000081500000| PB 0x0000000081400000| Untracked 
|  21|0x0000000081500000, 0x0000000081600000, 0x0000000081600000|100%| O|  |TAMS 0x0000000081600000| PB 0x0000000081500000| Untracked 
|  22|0x0000000081600000, 0x0000000081700000, 0x0000000081700000|100%| O|  |TAMS 0x0000000081700000| PB 0x0000000081600000| Untracked 
|  23|0x0000000081700000, 0x0000000081800000, 0x0000000081800000|100%| O|  |TAMS 0x0000000081800000| PB 0x0000000081700000| Untracked 
|  24|0x0000000081800000, 0x0000000081900000, 0x0000000081900000|100%| O|  |TAMS 0x0000000081900000| PB 0x0000000081800000| Untracked 
|  25|0x0000000081900000, 0x0000000081a00000, 0x0000000081a00000|100%| O|  |TAMS 0x0000000081a00000| PB 0x0000000081900000| Untracked 
|  26|0x0000000081a00000, 0x0000000081b00000, 0x0000000081b00000|100%| O|  |TAMS 0x0000000081b00000| PB 0x0000000081a00000| Untracked 
|  27|0x0000000081b00000, 0x0000000081c00000, 0x0000000081c00000|100%| O|  |TAMS 0x0000000081c00000| PB 0x0000000081b00000| Untracked 
|  28|0x0000000081c00000, 0x0000000081d00000, 0x0000000081d00000|100%| O|  |TAMS 0x0000000081d00000| PB 0x0000000081c00000| Untracked 
|  29|0x0000000081d00000, 0x0000000081e00000, 0x0000000081e00000|100%| O|  |TAMS 0x0000000081e00000| PB 0x0000000081d00000| Untracked 
|  30|0x0000000081e00000, 0x0000000081f00000, 0x0000000081f00000|100%| O|  |TAMS 0x0000000081f00000| PB 0x0000000081e00000| Untracked 
|  31|0x0000000081f00000, 0x0000000082000000, 0x0000000082000000|100%| O|  |TAMS 0x0000000082000000| PB 0x0000000081f00000| Untracked 
|  32|0x0000000082000000, 0x0000000082100000, 0x0000000082100000|100%| O|  |TAMS 0x0000000082100000| PB 0x0000000082000000| Untracked 
|  33|0x0000000082100000, 0x0000000082200000, 0x0000000082200000|100%| O|  |TAMS 0x0000000082200000| PB 0x0000000082100000| Untracked 
|  34|0x0000000082200000, 0x0000000082300000, 0x0000000082300000|100%| O|  |TAMS 0x0000000082300000| PB 0x0000000082200000| Untracked 
|  35|0x0000000082300000, 0x0000000082400000, 0x0000000082400000|100%|HS|  |TAMS 0x0000000082400000| PB 0x0000000082300000| Complete 
|  36|0x0000000082400000, 0x0000000082500000, 0x0000000082500000|100%| O|  |TAMS 0x0000000082500000| PB 0x0000000082400000| Untracked 
|  37|0x0000000082500000, 0x0000000082600000, 0x0000000082600000|100%| O|  |TAMS 0x0000000082600000| PB 0x0000000082500000| Untracked 
|  38|0x0000000082600000, 0x0000000082700000, 0x0000000082700000|100%| O|  |TAMS 0x0000000082700000| PB 0x0000000082600000| Untracked 
|  39|0x0000000082700000, 0x0000000082800000, 0x0000000082800000|100%| O|  |TAMS 0x0000000082800000| PB 0x0000000082700000| Untracked 
|  40|0x0000000082800000, 0x0000000082900000, 0x0000000082900000|100%| O|  |TAMS 0x0000000082900000| PB 0x0000000082800000| Untracked 
|  41|0x0000000082900000, 0x0000000082a00000, 0x0000000082a00000|100%| O|  |TAMS 0x0000000082a00000| PB 0x0000000082900000| Untracked 
|  42|0x0000000082a00000, 0x0000000082b00000, 0x0000000082b00000|100%| O|  |TAMS 0x0000000082b00000| PB 0x0000000082a00000| Untracked 
|  43|0x0000000082b00000, 0x0000000082c00000, 0x0000000082c00000|100%| O|  |TAMS 0x0000000082c00000| PB 0x0000000082b00000| Untracked 
|  44|0x0000000082c00000, 0x0000000082d00000, 0x0000000082d00000|100%| O|  |TAMS 0x0000000082d00000| PB 0x0000000082c00000| Untracked 
|  45|0x0000000082d00000, 0x0000000082e00000, 0x0000000082e00000|100%| O|  |TAMS 0x0000000082e00000| PB 0x0000000082d00000| Untracked 
|  46|0x0000000082e00000, 0x0000000082f00000, 0x0000000082f00000|100%| O|  |TAMS 0x0000000082f00000| PB 0x0000000082e00000| Untracked 
|  47|0x0000000082f00000, 0x0000000083000000, 0x0000000083000000|100%| O|  |TAMS 0x0000000083000000| PB 0x0000000082f00000| Untracked 
|  48|0x0000000083000000, 0x0000000083100000, 0x0000000083100000|100%| O|  |TAMS 0x0000000083100000| PB 0x0000000083000000| Untracked 
|  49|0x0000000083100000, 0x0000000083200000, 0x0000000083200000|100%| O|  |TAMS 0x0000000083200000| PB 0x0000000083100000| Untracked 
|  50|0x0000000083200000, 0x0000000083300000, 0x0000000083300000|100%| O|  |TAMS 0x0000000083300000| PB 0x0000000083200000| Untracked 
|  51|0x0000000083300000, 0x0000000083400000, 0x0000000083400000|100%| O|  |TAMS 0x0000000083400000| PB 0x0000000083300000| Untracked 
|  52|0x0000000083400000, 0x0000000083500000, 0x0000000083500000|100%| O|  |TAMS 0x0000000083500000| PB 0x0000000083400000| Untracked 
|  53|0x0000000083500000, 0x0000000083600000, 0x0000000083600000|100%| O|  |TAMS 0x0000000083600000| PB 0x0000000083500000| Untracked 
|  54|0x0000000083600000, 0x0000000083700000, 0x0000000083700000|100%| O|  |TAMS 0x0000000083700000| PB 0x0000000083600000| Untracked 
|  55|0x0000000083700000, 0x0000000083800000, 0x0000000083800000|100%| O|  |TAMS 0x0000000083800000| PB 0x0000000083700000| Untracked 
|  56|0x0000000083800000, 0x0000000083900000, 0x0000000083900000|100%|HS|  |TAMS 0x0000000083900000| PB 0x0000000083800000| Complete 
|  57|0x0000000083900000, 0x0000000083a00000, 0x0000000083a00000|100%|HS|  |TAMS 0x0000000083a00000| PB 0x0000000083900000| Complete 
|  58|0x0000000083a00000, 0x0000000083b00000, 0x0000000083b00000|100%|HC|  |TAMS 0x0000000083b00000| PB 0x0000000083a00000| Complete 
|  59|0x0000000083b00000, 0x0000000083c00000, 0x0000000083c00000|100%|HS|  |TAMS 0x0000000083c00000| PB 0x0000000083b00000| Complete 
|  60|0x0000000083c00000, 0x0000000083d00000, 0x0000000083d00000|100%|HC|  |TAMS 0x0000000083d00000| PB 0x0000000083c00000| Complete 
|  61|0x0000000083d00000, 0x0000000083e00000, 0x0000000083e00000|100%|HS|  |TAMS 0x0000000083e00000| PB 0x0000000083d00000| Complete 
|  62|0x0000000083e00000, 0x0000000083f00000, 0x0000000083f00000|100%|HC|  |TAMS 0x0000000083f00000| PB 0x0000000083e00000| Complete 
|  63|0x0000000083f00000, 0x0000000084000000, 0x0000000084000000|100%|HC|  |TAMS 0x0000000084000000| PB 0x0000000083f00000| Complete 
|  64|0x0000000084000000, 0x0000000084100000, 0x0000000084100000|100%|HS|  |TAMS 0x0000000084100000| PB 0x0000000084000000| Complete 
|  65|0x0000000084100000, 0x0000000084200000, 0x0000000084200000|100%|HS|  |TAMS 0x0000000084200000| PB 0x0000000084100000| Complete 
|  66|0x0000000084200000, 0x0000000084300000, 0x0000000084300000|100%| O|  |TAMS 0x0000000084300000| PB 0x0000000084200000| Untracked 
|  67|0x0000000084300000, 0x0000000084400000, 0x0000000084400000|100%|HS|  |TAMS 0x0000000084400000| PB 0x0000000084300000| Complete 
|  68|0x0000000084400000, 0x0000000084500000, 0x0000000084500000|100%|HS|  |TAMS 0x0000000084500000| PB 0x0000000084400000| Complete 
|  69|0x0000000084500000, 0x0000000084600000, 0x0000000084600000|100%| O|  |TAMS 0x0000000084600000| PB 0x0000000084500000| Untracked 
|  70|0x0000000084600000, 0x0000000084700000, 0x0000000084700000|100%| O|  |TAMS 0x0000000084700000| PB 0x0000000084600000| Untracked 
|  71|0x0000000084700000, 0x0000000084800000, 0x0000000084800000|100%|HS|  |TAMS 0x0000000084800000| PB 0x0000000084700000| Complete 
|  72|0x0000000084800000, 0x0000000084900000, 0x0000000084900000|100%| O|  |TAMS 0x0000000084900000| PB 0x0000000084800000| Untracked 
|  73|0x0000000084900000, 0x0000000084a00000, 0x0000000084a00000|100%| O|  |TAMS 0x0000000084a00000| PB 0x0000000084900000| Untracked 
|  74|0x0000000084a00000, 0x0000000084b00000, 0x0000000084b00000|100%| O|  |TAMS 0x0000000084b00000| PB 0x0000000084a00000| Untracked 
|  75|0x0000000084b00000, 0x0000000084c00000, 0x0000000084c00000|100%| O|  |TAMS 0x0000000084c00000| PB 0x0000000084b00000| Untracked 
|  76|0x0000000084c00000, 0x0000000084d00000, 0x0000000084d00000|100%| O|  |TAMS 0x0000000084d00000| PB 0x0000000084c00000| Untracked 
|  77|0x0000000084d00000, 0x0000000084e00000, 0x0000000084e00000|100%| O|  |TAMS 0x0000000084e00000| PB 0x0000000084d00000| Untracked 
|  78|0x0000000084e00000, 0x0000000084f00000, 0x0000000084f00000|100%| O|  |TAMS 0x0000000084f00000| PB 0x0000000084e00000| Untracked 
|  79|0x0000000084f00000, 0x0000000085000000, 0x0000000085000000|100%| O|  |TAMS 0x0000000085000000| PB 0x0000000084f00000| Untracked 
|  80|0x0000000085000000, 0x0000000085100000, 0x0000000085100000|100%| O|  |TAMS 0x0000000085100000| PB 0x0000000085000000| Untracked 
|  81|0x0000000085100000, 0x0000000085200000, 0x0000000085200000|100%| O|  |TAMS 0x0000000085200000| PB 0x0000000085100000| Untracked 
|  82|0x0000000085200000, 0x0000000085300000, 0x0000000085300000|100%| O|  |TAMS 0x0000000085300000| PB 0x0000000085200000| Untracked 
|  83|0x0000000085300000, 0x0000000085400000, 0x0000000085400000|100%|HS|  |TAMS 0x0000000085400000| PB 0x0000000085300000| Complete 
|  84|0x0000000085400000, 0x0000000085500000, 0x0000000085500000|100%|HC|  |TAMS 0x0000000085500000| PB 0x0000000085400000| Complete 
|  85|0x0000000085500000, 0x0000000085600000, 0x0000000085600000|100%|HC|  |TAMS 0x0000000085600000| PB 0x0000000085500000| Complete 
|  86|0x0000000085600000, 0x0000000085700000, 0x0000000085700000|100%| O|  |TAMS 0x0000000085700000| PB 0x0000000085600000| Untracked 
|  87|0x0000000085700000, 0x0000000085800000, 0x0000000085800000|100%| O|  |TAMS 0x0000000085800000| PB 0x0000000085700000| Untracked 
|  88|0x0000000085800000, 0x0000000085900000, 0x0000000085900000|100%| O|  |TAMS 0x0000000085900000| PB 0x0000000085800000| Untracked 
|  89|0x0000000085900000, 0x0000000085a00000, 0x0000000085a00000|100%| O|  |TAMS 0x0000000085a00000| PB 0x0000000085900000| Untracked 
|  90|0x0000000085a00000, 0x0000000085b00000, 0x0000000085b00000|100%| O|  |TAMS 0x0000000085b00000| PB 0x0000000085a00000| Untracked 
|  91|0x0000000085b00000, 0x0000000085c00000, 0x0000000085c00000|100%| O|  |TAMS 0x0000000085c00000| PB 0x0000000085b00000| Untracked 
|  92|0x0000000085c00000, 0x0000000085d00000, 0x0000000085d00000|100%| O|  |TAMS 0x0000000085d00000| PB 0x0000000085c00000| Untracked 
|  93|0x0000000085d00000, 0x0000000085e00000, 0x0000000085e00000|100%| O|  |TAMS 0x0000000085e00000| PB 0x0000000085d00000| Untracked 
|  94|0x0000000085e00000, 0x0000000085f00000, 0x0000000085f00000|100%| O|  |TAMS 0x0000000085f00000| PB 0x0000000085e00000| Untracked 
|  95|0x0000000085f00000, 0x0000000086000000, 0x0000000086000000|100%| O|  |TAMS 0x0000000086000000| PB 0x0000000085f00000| Untracked 
|  96|0x0000000086000000, 0x0000000086100000, 0x0000000086100000|100%| O|  |TAMS 0x0000000086100000| PB 0x0000000086000000| Untracked 
|  97|0x0000000086100000, 0x0000000086200000, 0x0000000086200000|100%| O|  |TAMS 0x0000000086200000| PB 0x0000000086100000| Untracked 
|  98|0x0000000086200000, 0x0000000086300000, 0x0000000086300000|100%| O|  |TAMS 0x0000000086300000| PB 0x0000000086200000| Untracked 
|  99|0x0000000086300000, 0x0000000086400000, 0x0000000086400000|100%| O|  |TAMS 0x0000000086400000| PB 0x0000000086300000| Untracked 
| 100|0x0000000086400000, 0x0000000086500000, 0x0000000086500000|100%| O|  |TAMS 0x0000000086500000| PB 0x0000000086400000| Untracked 
| 101|0x0000000086500000, 0x0000000086600000, 0x0000000086600000|100%| O|  |TAMS 0x0000000086600000| PB 0x0000000086500000| Untracked 
| 102|0x0000000086600000, 0x0000000086700000, 0x0000000086700000|100%| O|  |TAMS 0x0000000086700000| PB 0x0000000086600000| Untracked 
| 103|0x0000000086700000, 0x0000000086800000, 0x0000000086800000|100%| O|  |TAMS 0x0000000086800000| PB 0x0000000086700000| Untracked 
| 104|0x0000000086800000, 0x0000000086900000, 0x0000000086900000|100%| O|  |TAMS 0x0000000086900000| PB 0x0000000086800000| Untracked 
| 105|0x0000000086900000, 0x0000000086a00000, 0x0000000086a00000|100%| O|  |TAMS 0x0000000086a00000| PB 0x0000000086900000| Untracked 
| 106|0x0000000086a00000, 0x0000000086b00000, 0x0000000086b00000|100%| O|  |TAMS 0x0000000086b00000| PB 0x0000000086a00000| Untracked 
| 107|0x0000000086b00000, 0x0000000086c00000, 0x0000000086c00000|100%| O|  |TAMS 0x0000000086c00000| PB 0x0000000086b00000| Untracked 
| 108|0x0000000086c00000, 0x0000000086d00000, 0x0000000086d00000|100%| O|  |TAMS 0x0000000086d00000| PB 0x0000000086c00000| Untracked 
| 109|0x0000000086d00000, 0x0000000086e00000, 0x0000000086e00000|100%| O|  |TAMS 0x0000000086e00000| PB 0x0000000086d00000| Untracked 
| 110|0x0000000086e00000, 0x0000000086f00000, 0x0000000086f00000|100%| O|  |TAMS 0x0000000086f00000| PB 0x0000000086e00000| Untracked 
| 111|0x0000000086f00000, 0x0000000087000000, 0x0000000087000000|100%| O|  |TAMS 0x0000000087000000| PB 0x0000000086f00000| Untracked 
| 112|0x0000000087000000, 0x0000000087100000, 0x0000000087100000|100%| O|  |TAMS 0x0000000087100000| PB 0x0000000087000000| Untracked 
| 113|0x0000000087100000, 0x0000000087200000, 0x0000000087200000|100%| O|  |TAMS 0x0000000087200000| PB 0x0000000087100000| Untracked 
| 114|0x0000000087200000, 0x0000000087300000, 0x0000000087300000|100%| O|  |TAMS 0x0000000087300000| PB 0x0000000087200000| Untracked 
| 115|0x0000000087300000, 0x0000000087400000, 0x0000000087400000|100%| O|  |TAMS 0x0000000087400000| PB 0x0000000087300000| Untracked 
| 116|0x0000000087400000, 0x0000000087500000, 0x0000000087500000|100%| O|  |TAMS 0x0000000087500000| PB 0x0000000087400000| Untracked 
| 117|0x0000000087500000, 0x0000000087600000, 0x0000000087600000|100%| O|  |TAMS 0x0000000087600000| PB 0x0000000087500000| Untracked 
| 118|0x0000000087600000, 0x0000000087700000, 0x0000000087700000|100%| O|  |TAMS 0x0000000087700000| PB 0x0000000087600000| Untracked 
| 119|0x0000000087700000, 0x0000000087800000, 0x0000000087800000|100%| O|  |TAMS 0x0000000087800000| PB 0x0000000087700000| Untracked 
| 120|0x0000000087800000, 0x0000000087900000, 0x0000000087900000|100%| O|  |TAMS 0x0000000087900000| PB 0x0000000087800000| Untracked 
| 121|0x0000000087900000, 0x0000000087a00000, 0x0000000087a00000|100%| O|  |TAMS 0x0000000087a00000| PB 0x0000000087900000| Untracked 
| 122|0x0000000087a00000, 0x0000000087b00000, 0x0000000087b00000|100%| O|  |TAMS 0x0000000087b00000| PB 0x0000000087a00000| Untracked 
| 123|0x0000000087b00000, 0x0000000087c00000, 0x0000000087c00000|100%| O|  |TAMS 0x0000000087c00000| PB 0x0000000087b00000| Untracked 
| 124|0x0000000087c00000, 0x0000000087d00000, 0x0000000087d00000|100%| O|  |TAMS 0x0000000087d00000| PB 0x0000000087c00000| Untracked 
| 125|0x0000000087d00000, 0x0000000087e00000, 0x0000000087e00000|100%| O|  |TAMS 0x0000000087e00000| PB 0x0000000087d00000| Untracked 
| 126|0x0000000087e00000, 0x0000000087f00000, 0x0000000087f00000|100%|HS|  |TAMS 0x0000000087f00000| PB 0x0000000087e00000| Complete 
| 127|0x0000000087f00000, 0x0000000088000000, 0x0000000088000000|100%|HC|  |TAMS 0x0000000088000000| PB 0x0000000087f00000| Complete 
| 128|0x0000000088000000, 0x0000000088100000, 0x0000000088100000|100%| O|  |TAMS 0x0000000088100000| PB 0x0000000088000000| Untracked 
| 129|0x0000000088100000, 0x0000000088200000, 0x0000000088200000|100%| O|  |TAMS 0x0000000088200000| PB 0x0000000088100000| Untracked 
| 130|0x0000000088200000, 0x0000000088300000, 0x0000000088300000|100%| O|  |TAMS 0x0000000088300000| PB 0x0000000088200000| Untracked 
| 131|0x0000000088300000, 0x0000000088400000, 0x0000000088400000|100%| O|  |TAMS 0x0000000088400000| PB 0x0000000088300000| Untracked 
| 132|0x0000000088400000, 0x0000000088500000, 0x0000000088500000|100%| O|  |TAMS 0x0000000088500000| PB 0x0000000088400000| Untracked 
| 133|0x0000000088500000, 0x0000000088600000, 0x0000000088600000|100%| O|  |TAMS 0x0000000088600000| PB 0x0000000088500000| Untracked 
| 134|0x0000000088600000, 0x0000000088700000, 0x0000000088700000|100%| O|  |TAMS 0x0000000088700000| PB 0x0000000088600000| Untracked 
| 135|0x0000000088700000, 0x0000000088800000, 0x0000000088800000|100%| O|  |TAMS 0x0000000088800000| PB 0x0000000088700000| Untracked 
| 136|0x0000000088800000, 0x0000000088900000, 0x0000000088900000|100%| O|  |TAMS 0x0000000088900000| PB 0x0000000088800000| Untracked 
| 137|0x0000000088900000, 0x0000000088a00000, 0x0000000088a00000|100%| O|  |TAMS 0x0000000088a00000| PB 0x0000000088900000| Untracked 
| 138|0x0000000088a00000, 0x0000000088b00000, 0x0000000088b00000|100%| O|  |TAMS 0x0000000088b00000| PB 0x0000000088a00000| Untracked 
| 139|0x0000000088b00000, 0x0000000088c00000, 0x0000000088c00000|100%| O|  |TAMS 0x0000000088c00000| PB 0x0000000088b00000| Untracked 
| 140|0x0000000088c00000, 0x0000000088d00000, 0x0000000088d00000|100%| O|  |TAMS 0x0000000088d00000| PB 0x0000000088c00000| Untracked 
| 141|0x0000000088d00000, 0x0000000088e00000, 0x0000000088e00000|100%| O|  |TAMS 0x0000000088e00000| PB 0x0000000088d00000| Untracked 
| 142|0x0000000088e00000, 0x0000000088f00000, 0x0000000088f00000|100%| O|  |TAMS 0x0000000088f00000| PB 0x0000000088e00000| Untracked 
| 143|0x0000000088f00000, 0x0000000089000000, 0x0000000089000000|100%| O|  |TAMS 0x0000000089000000| PB 0x0000000088f00000| Untracked 
| 144|0x0000000089000000, 0x0000000089100000, 0x0000000089100000|100%| O|  |TAMS 0x0000000089100000| PB 0x0000000089000000| Untracked 
| 145|0x0000000089100000, 0x0000000089200000, 0x0000000089200000|100%| O|  |TAMS 0x0000000089200000| PB 0x0000000089100000| Untracked 
| 146|0x0000000089200000, 0x0000000089300000, 0x0000000089300000|100%| O|  |TAMS 0x0000000089300000| PB 0x0000000089200000| Untracked 
| 147|0x0000000089300000, 0x0000000089400000, 0x0000000089400000|100%| O|  |TAMS 0x0000000089400000| PB 0x0000000089300000| Untracked 
| 148|0x0000000089400000, 0x0000000089500000, 0x0000000089500000|100%| O|  |TAMS 0x0000000089500000| PB 0x0000000089400000| Untracked 
| 149|0x0000000089500000, 0x0000000089600000, 0x0000000089600000|100%| O|  |TAMS 0x0000000089600000| PB 0x0000000089500000| Untracked 
| 150|0x0000000089600000, 0x0000000089700000, 0x0000000089700000|100%| O|  |TAMS 0x0000000089700000| PB 0x0000000089600000| Untracked 
| 151|0x0000000089700000, 0x0000000089800000, 0x0000000089800000|100%| O|  |TAMS 0x0000000089800000| PB 0x0000000089700000| Untracked 
| 152|0x0000000089800000, 0x0000000089900000, 0x0000000089900000|100%| O|  |TAMS 0x0000000089900000| PB 0x0000000089800000| Untracked 
| 153|0x0000000089900000, 0x0000000089a00000, 0x0000000089a00000|100%| O|  |TAMS 0x0000000089a00000| PB 0x0000000089900000| Untracked 
| 154|0x0000000089a00000, 0x0000000089b00000, 0x0000000089b00000|100%| O|  |TAMS 0x0000000089b00000| PB 0x0000000089a00000| Untracked 
| 155|0x0000000089b00000, 0x0000000089c00000, 0x0000000089c00000|100%| O|  |TAMS 0x0000000089c00000| PB 0x0000000089b00000| Untracked 
| 156|0x0000000089c00000, 0x0000000089d00000, 0x0000000089d00000|100%| O|  |TAMS 0x0000000089d00000| PB 0x0000000089c00000| Untracked 
| 157|0x0000000089d00000, 0x0000000089e00000, 0x0000000089e00000|100%| O|  |TAMS 0x0000000089e00000| PB 0x0000000089d00000| Untracked 
| 158|0x0000000089e00000, 0x0000000089f00000, 0x0000000089f00000|100%| O|  |TAMS 0x0000000089f00000| PB 0x0000000089e00000| Untracked 
| 159|0x0000000089f00000, 0x000000008a000000, 0x000000008a000000|100%| O|  |TAMS 0x000000008a000000| PB 0x0000000089f00000| Untracked 
| 160|0x000000008a000000, 0x000000008a100000, 0x000000008a100000|100%| O|  |TAMS 0x000000008a100000| PB 0x000000008a000000| Untracked 
| 161|0x000000008a100000, 0x000000008a200000, 0x000000008a200000|100%| O|  |TAMS 0x000000008a200000| PB 0x000000008a100000| Untracked 
| 162|0x000000008a200000, 0x000000008a300000, 0x000000008a300000|100%| O|  |TAMS 0x000000008a300000| PB 0x000000008a200000| Untracked 
| 163|0x000000008a300000, 0x000000008a400000, 0x000000008a400000|100%| O|  |TAMS 0x000000008a400000| PB 0x000000008a300000| Untracked 
| 164|0x000000008a400000, 0x000000008a500000, 0x000000008a500000|100%| O|  |TAMS 0x000000008a500000| PB 0x000000008a400000| Untracked 
| 165|0x000000008a500000, 0x000000008a600000, 0x000000008a600000|100%| O|  |TAMS 0x000000008a600000| PB 0x000000008a500000| Untracked 
| 166|0x000000008a600000, 0x000000008a700000, 0x000000008a700000|100%| O|  |TAMS 0x000000008a700000| PB 0x000000008a600000| Untracked 
| 167|0x000000008a700000, 0x000000008a800000, 0x000000008a800000|100%| O|  |TAMS 0x000000008a800000| PB 0x000000008a700000| Untracked 
| 168|0x000000008a800000, 0x000000008a900000, 0x000000008a900000|100%| O|  |TAMS 0x000000008a900000| PB 0x000000008a800000| Untracked 
| 169|0x000000008a900000, 0x000000008aa00000, 0x000000008aa00000|100%| O|  |TAMS 0x000000008aa00000| PB 0x000000008a900000| Untracked 
| 170|0x000000008aa00000, 0x000000008ab00000, 0x000000008ab00000|100%| O|  |TAMS 0x000000008ab00000| PB 0x000000008aa00000| Untracked 
| 171|0x000000008ab00000, 0x000000008ac00000, 0x000000008ac00000|100%| O|  |TAMS 0x000000008ac00000| PB 0x000000008ab00000| Untracked 
| 172|0x000000008ac00000, 0x000000008ad00000, 0x000000008ad00000|100%| O|  |TAMS 0x000000008ad00000| PB 0x000000008ac00000| Untracked 
| 173|0x000000008ad00000, 0x000000008ae00000, 0x000000008ae00000|100%| O|  |TAMS 0x000000008ae00000| PB 0x000000008ad00000| Untracked 
| 174|0x000000008ae00000, 0x000000008af00000, 0x000000008af00000|100%| O|  |TAMS 0x000000008af00000| PB 0x000000008ae00000| Untracked 
| 175|0x000000008af00000, 0x000000008b000000, 0x000000008b000000|100%| O|  |TAMS 0x000000008b000000| PB 0x000000008af00000| Untracked 
| 176|0x000000008b000000, 0x000000008b100000, 0x000000008b100000|100%| O|  |TAMS 0x000000008b100000| PB 0x000000008b000000| Untracked 
| 177|0x000000008b100000, 0x000000008b200000, 0x000000008b200000|100%| O|  |TAMS 0x000000008b100000| PB 0x000000008b100000| Untracked 
| 178|0x000000008b200000, 0x000000008b300000, 0x000000008b300000|100%| O|  |TAMS 0x000000008b300000| PB 0x000000008b200000| Untracked 
| 179|0x000000008b300000, 0x000000008b400000, 0x000000008b400000|100%| O|  |TAMS 0x000000008b400000| PB 0x000000008b300000| Untracked 
| 180|0x000000008b400000, 0x000000008b500000, 0x000000008b500000|100%| O|  |TAMS 0x000000008b500000| PB 0x000000008b400000| Untracked 
| 181|0x000000008b500000, 0x000000008b600000, 0x000000008b600000|100%| O|  |TAMS 0x000000008b500000| PB 0x000000008b500000| Untracked 
| 182|0x000000008b600000, 0x000000008b700000, 0x000000008b700000|100%| O|  |TAMS 0x000000008b700000| PB 0x000000008b600000| Untracked 
| 183|0x000000008b700000, 0x000000008b800000, 0x000000008b800000|100%| O|  |TAMS 0x000000008b800000| PB 0x000000008b700000| Untracked 
| 184|0x000000008b800000, 0x000000008b900000, 0x000000008b900000|100%| O|  |TAMS 0x000000008b900000| PB 0x000000008b800000| Untracked 
| 185|0x000000008b900000, 0x000000008ba00000, 0x000000008ba00000|100%| O|  |TAMS 0x000000008ba00000| PB 0x000000008b900000| Untracked 
| 186|0x000000008ba00000, 0x000000008bb00000, 0x000000008bb00000|100%| O|  |TAMS 0x000000008bb00000| PB 0x000000008ba00000| Untracked 
| 187|0x000000008bb00000, 0x000000008bc00000, 0x000000008bc00000|100%| O|  |TAMS 0x000000008bc00000| PB 0x000000008bb00000| Untracked 
| 188|0x000000008bc00000, 0x000000008bd00000, 0x000000008bd00000|100%| O|  |TAMS 0x000000008bd00000| PB 0x000000008bc00000| Untracked 
| 189|0x000000008bd00000, 0x000000008be00000, 0x000000008be00000|100%| O|  |TAMS 0x000000008be00000| PB 0x000000008bd00000| Untracked 
| 190|0x000000008be00000, 0x000000008bf00000, 0x000000008bf00000|100%| O|  |TAMS 0x000000008bf00000| PB 0x000000008be00000| Untracked 
| 191|0x000000008bf00000, 0x000000008c000000, 0x000000008c000000|100%| O|  |TAMS 0x000000008c000000| PB 0x000000008bf00000| Untracked 
| 192|0x000000008c000000, 0x000000008c100000, 0x000000008c100000|100%| O|  |TAMS 0x000000008c100000| PB 0x000000008c000000| Untracked 
| 193|0x000000008c100000, 0x000000008c200000, 0x000000008c200000|100%| O|  |TAMS 0x000000008c200000| PB 0x000000008c100000| Untracked 
| 194|0x000000008c200000, 0x000000008c300000, 0x000000008c300000|100%| O|  |TAMS 0x000000008c300000| PB 0x000000008c200000| Untracked 
| 195|0x000000008c300000, 0x000000008c400000, 0x000000008c400000|100%| O|  |TAMS 0x000000008c400000| PB 0x000000008c300000| Untracked 
| 196|0x000000008c400000, 0x000000008c500000, 0x000000008c500000|100%| O|  |TAMS 0x000000008c500000| PB 0x000000008c400000| Untracked 
| 197|0x000000008c500000, 0x000000008c600000, 0x000000008c600000|100%| O|  |TAMS 0x000000008c600000| PB 0x000000008c500000| Untracked 
| 198|0x000000008c600000, 0x000000008c700000, 0x000000008c700000|100%| O|  |TAMS 0x000000008c700000| PB 0x000000008c600000| Untracked 
| 199|0x000000008c700000, 0x000000008c800000, 0x000000008c800000|100%| O|  |TAMS 0x000000008c800000| PB 0x000000008c700000| Untracked 
| 200|0x000000008c800000, 0x000000008c900000, 0x000000008c900000|100%| O|  |TAMS 0x000000008c900000| PB 0x000000008c800000| Untracked 
| 201|0x000000008c900000, 0x000000008ca00000, 0x000000008ca00000|100%| O|  |TAMS 0x000000008ca00000| PB 0x000000008c900000| Untracked 
| 202|0x000000008ca00000, 0x000000008cb00000, 0x000000008cb00000|100%| O|  |TAMS 0x000000008cb00000| PB 0x000000008ca00000| Untracked 
| 203|0x000000008cb00000, 0x000000008cc00000, 0x000000008cc00000|100%| O|  |TAMS 0x000000008cc00000| PB 0x000000008cb00000| Untracked 
| 204|0x000000008cc00000, 0x000000008cd00000, 0x000000008cd00000|100%| O|  |TAMS 0x000000008cd00000| PB 0x000000008cc00000| Untracked 
| 205|0x000000008cd00000, 0x000000008ce00000, 0x000000008ce00000|100%| O|  |TAMS 0x000000008ce00000| PB 0x000000008cd00000| Untracked 
| 206|0x000000008ce00000, 0x000000008cf00000, 0x000000008cf00000|100%| O|  |TAMS 0x000000008cf00000| PB 0x000000008ce00000| Untracked 
| 207|0x000000008cf00000, 0x000000008d000000, 0x000000008d000000|100%| O|  |TAMS 0x000000008d000000| PB 0x000000008cf00000| Untracked 
| 208|0x000000008d000000, 0x000000008d100000, 0x000000008d100000|100%| O|  |TAMS 0x000000008d100000| PB 0x000000008d000000| Untracked 
| 209|0x000000008d100000, 0x000000008d200000, 0x000000008d200000|100%| O|  |TAMS 0x000000008d200000| PB 0x000000008d100000| Untracked 
| 210|0x000000008d200000, 0x000000008d300000, 0x000000008d300000|100%| O|  |TAMS 0x000000008d300000| PB 0x000000008d200000| Untracked 
| 211|0x000000008d300000, 0x000000008d400000, 0x000000008d400000|100%| O|  |TAMS 0x000000008d400000| PB 0x000000008d300000| Untracked 
| 212|0x000000008d400000, 0x000000008d500000, 0x000000008d500000|100%| O|  |TAMS 0x000000008d500000| PB 0x000000008d400000| Untracked 
| 213|0x000000008d500000, 0x000000008d600000, 0x000000008d600000|100%| O|  |TAMS 0x000000008d600000| PB 0x000000008d500000| Untracked 
| 214|0x000000008d600000, 0x000000008d700000, 0x000000008d700000|100%| O|  |TAMS 0x000000008d700000| PB 0x000000008d600000| Untracked 
| 215|0x000000008d700000, 0x000000008d800000, 0x000000008d800000|100%| O|  |TAMS 0x000000008d800000| PB 0x000000008d700000| Untracked 
| 216|0x000000008d800000, 0x000000008d900000, 0x000000008d900000|100%| O|  |TAMS 0x000000008d900000| PB 0x000000008d800000| Untracked 
| 217|0x000000008d900000, 0x000000008da00000, 0x000000008da00000|100%| O|  |TAMS 0x000000008da00000| PB 0x000000008d900000| Untracked 
| 218|0x000000008da00000, 0x000000008db00000, 0x000000008db00000|100%| O|  |TAMS 0x000000008db00000| PB 0x000000008da00000| Untracked 
| 219|0x000000008db00000, 0x000000008dc00000, 0x000000008dc00000|100%| O|  |TAMS 0x000000008dc00000| PB 0x000000008db00000| Untracked 
| 220|0x000000008dc00000, 0x000000008dd00000, 0x000000008dd00000|100%| O|  |TAMS 0x000000008dd00000| PB 0x000000008dc00000| Untracked 
| 221|0x000000008dd00000, 0x000000008de00000, 0x000000008de00000|100%| O|  |TAMS 0x000000008de00000| PB 0x000000008dd00000| Untracked 
| 222|0x000000008de00000, 0x000000008df00000, 0x000000008df00000|100%| O|  |TAMS 0x000000008df00000| PB 0x000000008de00000| Untracked 
| 223|0x000000008df00000, 0x000000008e000000, 0x000000008e000000|100%| O|  |TAMS 0x000000008e000000| PB 0x000000008df00000| Untracked 
| 224|0x000000008e000000, 0x000000008e100000, 0x000000008e100000|100%| O|  |TAMS 0x000000008e100000| PB 0x000000008e000000| Untracked 
| 225|0x000000008e100000, 0x000000008e200000, 0x000000008e200000|100%| O|  |TAMS 0x000000008e200000| PB 0x000000008e100000| Untracked 
| 226|0x000000008e200000, 0x000000008e300000, 0x000000008e300000|100%| O|  |TAMS 0x000000008e300000| PB 0x000000008e200000| Untracked 
| 227|0x000000008e300000, 0x000000008e400000, 0x000000008e400000|100%| O|  |TAMS 0x000000008e400000| PB 0x000000008e300000| Untracked 
| 228|0x000000008e400000, 0x000000008e500000, 0x000000008e500000|100%| O|  |TAMS 0x000000008e500000| PB 0x000000008e400000| Untracked 
| 229|0x000000008e500000, 0x000000008e600000, 0x000000008e600000|100%| O|  |TAMS 0x000000008e600000| PB 0x000000008e500000| Untracked 
| 230|0x000000008e600000, 0x000000008e700000, 0x000000008e700000|100%| O|  |TAMS 0x000000008e700000| PB 0x000000008e600000| Untracked 
| 231|0x000000008e700000, 0x000000008e800000, 0x000000008e800000|100%| O|  |TAMS 0x000000008e800000| PB 0x000000008e700000| Untracked 
| 232|0x000000008e800000, 0x000000008e900000, 0x000000008e900000|100%| O|  |TAMS 0x000000008e900000| PB 0x000000008e800000| Untracked 
| 233|0x000000008e900000, 0x000000008ea00000, 0x000000008ea00000|100%| O|  |TAMS 0x000000008ea00000| PB 0x000000008e900000| Untracked 
| 234|0x000000008ea00000, 0x000000008eb00000, 0x000000008eb00000|100%| O|  |TAMS 0x000000008eb00000| PB 0x000000008ea00000| Untracked 
| 235|0x000000008eb00000, 0x000000008ec00000, 0x000000008ec00000|100%| O|  |TAMS 0x000000008ec00000| PB 0x000000008eb00000| Untracked 
| 236|0x000000008ec00000, 0x000000008ed00000, 0x000000008ed00000|100%| O|  |TAMS 0x000000008ed00000| PB 0x000000008ec00000| Untracked 
| 237|0x000000008ed00000, 0x000000008ee00000, 0x000000008ee00000|100%| O|  |TAMS 0x000000008ee00000| PB 0x000000008ed00000| Untracked 
| 238|0x000000008ee00000, 0x000000008ef00000, 0x000000008ef00000|100%| O|  |TAMS 0x000000008ef00000| PB 0x000000008ee00000| Untracked 
| 239|0x000000008ef00000, 0x000000008f000000, 0x000000008f000000|100%| O|  |TAMS 0x000000008f000000| PB 0x000000008ef00000| Untracked 
| 240|0x000000008f000000, 0x000000008f100000, 0x000000008f100000|100%| O|  |TAMS 0x000000008f100000| PB 0x000000008f000000| Untracked 
| 241|0x000000008f100000, 0x000000008f200000, 0x000000008f200000|100%| O|  |TAMS 0x000000008f200000| PB 0x000000008f100000| Untracked 
| 242|0x000000008f200000, 0x000000008f300000, 0x000000008f300000|100%| O|  |TAMS 0x000000008f300000| PB 0x000000008f200000| Untracked 
| 243|0x000000008f300000, 0x000000008f400000, 0x000000008f400000|100%| O|  |TAMS 0x000000008f400000| PB 0x000000008f300000| Untracked 
| 244|0x000000008f400000, 0x000000008f500000, 0x000000008f500000|100%| O|  |TAMS 0x000000008f500000| PB 0x000000008f400000| Untracked 
| 245|0x000000008f500000, 0x000000008f600000, 0x000000008f600000|100%| O|  |TAMS 0x000000008f600000| PB 0x000000008f500000| Untracked 
| 246|0x000000008f600000, 0x000000008f700000, 0x000000008f700000|100%| O|  |TAMS 0x000000008f700000| PB 0x000000008f600000| Untracked 
| 247|0x000000008f700000, 0x000000008f800000, 0x000000008f800000|100%| O|  |TAMS 0x000000008f800000| PB 0x000000008f700000| Untracked 
| 248|0x000000008f800000, 0x000000008f900000, 0x000000008f900000|100%| O|  |TAMS 0x000000008f900000| PB 0x000000008f800000| Untracked 
| 249|0x000000008f900000, 0x000000008fa00000, 0x000000008fa00000|100%| O|  |TAMS 0x000000008fa00000| PB 0x000000008f900000| Untracked 
| 250|0x000000008fa00000, 0x000000008fb00000, 0x000000008fb00000|100%| O|  |TAMS 0x000000008fb00000| PB 0x000000008fa00000| Untracked 
| 251|0x000000008fb00000, 0x000000008fc00000, 0x000000008fc00000|100%| O|  |TAMS 0x000000008fc00000| PB 0x000000008fb00000| Untracked 
| 252|0x000000008fc00000, 0x000000008fd00000, 0x000000008fd00000|100%| O|  |TAMS 0x000000008fd00000| PB 0x000000008fc00000| Untracked 
| 253|0x000000008fd00000, 0x000000008fe00000, 0x000000008fe00000|100%| O|  |TAMS 0x000000008fe00000| PB 0x000000008fd00000| Untracked 
| 254|0x000000008fe00000, 0x000000008ff00000, 0x000000008ff00000|100%| O|  |TAMS 0x000000008ff00000| PB 0x000000008fe00000| Untracked 
| 255|0x000000008ff00000, 0x0000000090000000, 0x0000000090000000|100%| O|  |TAMS 0x0000000090000000| PB 0x000000008ff00000| Untracked 
| 256|0x0000000090000000, 0x0000000090100000, 0x0000000090100000|100%| O|  |TAMS 0x0000000090100000| PB 0x0000000090000000| Untracked 
| 257|0x0000000090100000, 0x0000000090200000, 0x0000000090200000|100%| O|  |TAMS 0x0000000090200000| PB 0x0000000090100000| Untracked 
| 258|0x0000000090200000, 0x0000000090300000, 0x0000000090300000|100%| O|  |TAMS 0x0000000090300000| PB 0x0000000090200000| Untracked 
| 259|0x0000000090300000, 0x0000000090400000, 0x0000000090400000|100%| O|  |TAMS 0x0000000090400000| PB 0x0000000090300000| Untracked 
| 260|0x0000000090400000, 0x0000000090500000, 0x0000000090500000|100%| O|  |TAMS 0x0000000090500000| PB 0x0000000090400000| Untracked 
| 261|0x0000000090500000, 0x0000000090600000, 0x0000000090600000|100%| O|  |TAMS 0x0000000090600000| PB 0x0000000090500000| Untracked 
| 262|0x0000000090600000, 0x0000000090700000, 0x0000000090700000|100%| O|  |TAMS 0x0000000090700000| PB 0x0000000090600000| Untracked 
| 263|0x0000000090700000, 0x0000000090800000, 0x0000000090800000|100%| O|  |TAMS 0x0000000090800000| PB 0x0000000090700000| Untracked 
| 264|0x0000000090800000, 0x0000000090900000, 0x0000000090900000|100%| O|  |TAMS 0x0000000090900000| PB 0x0000000090800000| Untracked 
| 265|0x0000000090900000, 0x0000000090a00000, 0x0000000090a00000|100%| O|  |TAMS 0x0000000090a00000| PB 0x0000000090900000| Untracked 
| 266|0x0000000090a00000, 0x0000000090b00000, 0x0000000090b00000|100%| O|  |TAMS 0x0000000090b00000| PB 0x0000000090a00000| Untracked 
| 267|0x0000000090b00000, 0x0000000090c00000, 0x0000000090c00000|100%| O|  |TAMS 0x0000000090c00000| PB 0x0000000090b00000| Untracked 
| 268|0x0000000090c00000, 0x0000000090d00000, 0x0000000090d00000|100%| O|  |TAMS 0x0000000090d00000| PB 0x0000000090c00000| Untracked 
| 269|0x0000000090d00000, 0x0000000090e00000, 0x0000000090e00000|100%| O|  |TAMS 0x0000000090e00000| PB 0x0000000090d00000| Untracked 
| 270|0x0000000090e00000, 0x0000000090f00000, 0x0000000090f00000|100%| O|  |TAMS 0x0000000090f00000| PB 0x0000000090e00000| Untracked 
| 271|0x0000000090f00000, 0x0000000091000000, 0x0000000091000000|100%| O|  |TAMS 0x0000000091000000| PB 0x0000000090f00000| Untracked 
| 272|0x0000000091000000, 0x0000000091100000, 0x0000000091100000|100%| O|  |TAMS 0x0000000091100000| PB 0x0000000091000000| Untracked 
| 273|0x0000000091100000, 0x0000000091200000, 0x0000000091200000|100%| O|  |TAMS 0x0000000091200000| PB 0x0000000091100000| Untracked 
| 274|0x0000000091200000, 0x0000000091300000, 0x0000000091300000|100%| O|  |TAMS 0x00000000912f7ef8| PB 0x0000000091200000| Untracked 
| 275|0x0000000091300000, 0x0000000091400000, 0x0000000091400000|100%| O|  |TAMS 0x0000000091300000| PB 0x0000000091300000| Untracked 
| 276|0x0000000091400000, 0x0000000091500000, 0x0000000091500000|100%| O|  |TAMS 0x0000000091400000| PB 0x0000000091400000| Untracked 
| 277|0x0000000091500000, 0x0000000091600000, 0x0000000091600000|100%| O|  |TAMS 0x0000000091500000| PB 0x0000000091500000| Untracked 
| 278|0x0000000091600000, 0x0000000091700000, 0x0000000091700000|100%| O|  |TAMS 0x0000000091600000| PB 0x0000000091600000| Untracked 
| 279|0x0000000091700000, 0x0000000091800000, 0x0000000091800000|100%| O|  |TAMS 0x0000000091700000| PB 0x0000000091700000| Untracked 
| 280|0x0000000091800000, 0x0000000091900000, 0x0000000091900000|100%| O|  |TAMS 0x0000000091800000| PB 0x0000000091800000| Untracked 
| 281|0x0000000091900000, 0x0000000091a00000, 0x0000000091a00000|100%| O|  |TAMS 0x0000000091900000| PB 0x0000000091900000| Untracked 
| 282|0x0000000091a00000, 0x0000000091b00000, 0x0000000091b00000|100%| O|  |TAMS 0x0000000091a00000| PB 0x0000000091a00000| Untracked 
| 283|0x0000000091b00000, 0x0000000091c00000, 0x0000000091c00000|100%| O|  |TAMS 0x0000000091b00000| PB 0x0000000091b00000| Untracked 
| 284|0x0000000091c00000, 0x0000000091d00000, 0x0000000091d00000|100%| O|  |TAMS 0x0000000091c00000| PB 0x0000000091c00000| Untracked 
| 285|0x0000000091d00000, 0x0000000091e00000, 0x0000000091e00000|100%| O|  |TAMS 0x0000000091d00000| PB 0x0000000091d00000| Untracked 
| 286|0x0000000091e00000, 0x0000000091f00000, 0x0000000091f00000|100%| O|  |TAMS 0x0000000091e00000| PB 0x0000000091e00000| Untracked 
| 287|0x0000000091f00000, 0x0000000092000000, 0x0000000092000000|100%| O|  |TAMS 0x0000000091f00000| PB 0x0000000091f00000| Untracked 
| 288|0x0000000092000000, 0x0000000092100000, 0x0000000092100000|100%| O|  |TAMS 0x0000000092000000| PB 0x0000000092000000| Untracked 
| 289|0x0000000092100000, 0x0000000092200000, 0x0000000092200000|100%| O|  |TAMS 0x0000000092100000| PB 0x0000000092100000| Untracked 
| 290|0x0000000092200000, 0x0000000092278b68, 0x0000000092300000| 47%| O|  |TAMS 0x0000000092200000| PB 0x0000000092200000| Untracked 
| 291|0x0000000092300000, 0x0000000092300000, 0x0000000092400000|  0%| F|  |TAMS 0x0000000092300000| PB 0x0000000092300000| Untracked 
| 292|0x0000000092400000, 0x0000000092400000, 0x0000000092500000|  0%| F|  |TAMS 0x0000000092400000| PB 0x0000000092400000| Untracked 
| 293|0x0000000092500000, 0x0000000092500000, 0x0000000092600000|  0%| F|  |TAMS 0x0000000092500000| PB 0x0000000092500000| Untracked 
| 294|0x0000000092600000, 0x0000000092600000, 0x0000000092700000|  0%| F|  |TAMS 0x0000000092600000| PB 0x0000000092600000| Untracked 
| 295|0x0000000092700000, 0x0000000092700000, 0x0000000092800000|  0%| F|  |TAMS 0x0000000092700000| PB 0x0000000092700000| Untracked 
| 296|0x0000000092800000, 0x0000000092800000, 0x0000000092900000|  0%| F|  |TAMS 0x0000000092800000| PB 0x0000000092800000| Untracked 
| 297|0x0000000092900000, 0x0000000092900000, 0x0000000092a00000|  0%| F|  |TAMS 0x0000000092900000| PB 0x0000000092900000| Untracked 
| 298|0x0000000092a00000, 0x0000000092a00000, 0x0000000092b00000|  0%| F|  |TAMS 0x0000000092a00000| PB 0x0000000092a00000| Untracked 
| 299|0x0000000092b00000, 0x0000000092b00000, 0x0000000092c00000|  0%| F|  |TAMS 0x0000000092b00000| PB 0x0000000092b00000| Untracked 
| 300|0x0000000092c00000, 0x0000000092c00000, 0x0000000092d00000|  0%| F|  |TAMS 0x0000000092c00000| PB 0x0000000092c00000| Untracked 
| 301|0x0000000092d00000, 0x0000000092d00000, 0x0000000092e00000|  0%| F|  |TAMS 0x0000000092d00000| PB 0x0000000092d00000| Untracked 
| 302|0x0000000092e00000, 0x0000000092e00000, 0x0000000092f00000|  0%| F|  |TAMS 0x0000000092e00000| PB 0x0000000092e00000| Untracked 
| 303|0x0000000092f00000, 0x0000000092f00000, 0x0000000093000000|  0%| F|  |TAMS 0x0000000092f00000| PB 0x0000000092f00000| Untracked 
| 304|0x0000000093000000, 0x0000000093000000, 0x0000000093100000|  0%| F|  |TAMS 0x0000000093000000| PB 0x0000000093000000| Untracked 
| 305|0x0000000093100000, 0x0000000093100000, 0x0000000093200000|  0%| F|  |TAMS 0x0000000093100000| PB 0x0000000093100000| Untracked 
| 306|0x0000000093200000, 0x0000000093200000, 0x0000000093300000|  0%| F|  |TAMS 0x0000000093200000| PB 0x0000000093200000| Untracked 
| 307|0x0000000093300000, 0x0000000093300000, 0x0000000093400000|  0%| F|  |TAMS 0x0000000093300000| PB 0x0000000093300000| Untracked 
| 308|0x0000000093400000, 0x0000000093400000, 0x0000000093500000|  0%| F|  |TAMS 0x0000000093400000| PB 0x0000000093400000| Untracked 
| 309|0x0000000093500000, 0x0000000093500000, 0x0000000093600000|  0%| F|  |TAMS 0x0000000093500000| PB 0x0000000093500000| Untracked 
| 310|0x0000000093600000, 0x0000000093700000, 0x0000000093700000|100%| S|CS|TAMS 0x0000000093600000| PB 0x0000000093600000| Complete 
| 311|0x0000000093700000, 0x0000000093800000, 0x0000000093800000|100%| S|CS|TAMS 0x0000000093700000| PB 0x0000000093700000| Complete 
| 312|0x0000000093800000, 0x0000000093900000, 0x0000000093900000|100%| S|CS|TAMS 0x0000000093800000| PB 0x0000000093800000| Complete 
| 313|0x0000000093900000, 0x0000000093a00000, 0x0000000093a00000|100%| S|CS|TAMS 0x0000000093900000| PB 0x0000000093900000| Complete 
| 314|0x0000000093a00000, 0x0000000093b00000, 0x0000000093b00000|100%| S|CS|TAMS 0x0000000093a00000| PB 0x0000000093a00000| Complete 
| 315|0x0000000093b00000, 0x0000000093c00000, 0x0000000093c00000|100%| S|CS|TAMS 0x0000000093b00000| PB 0x0000000093b00000| Complete 
| 316|0x0000000093c00000, 0x0000000093d00000, 0x0000000093d00000|100%| S|CS|TAMS 0x0000000093c00000| PB 0x0000000093c00000| Complete 
| 317|0x0000000093d00000, 0x0000000093e00000, 0x0000000093e00000|100%| S|CS|TAMS 0x0000000093d00000| PB 0x0000000093d00000| Complete 
| 318|0x0000000093e00000, 0x0000000093f00000, 0x0000000093f00000|100%| S|CS|TAMS 0x0000000093e00000| PB 0x0000000093e00000| Complete 
| 319|0x0000000093f00000, 0x0000000094000000, 0x0000000094000000|100%| S|CS|TAMS 0x0000000093f00000| PB 0x0000000093f00000| Complete 
| 320|0x0000000094000000, 0x0000000094000000, 0x0000000094100000|  0%| F|  |TAMS 0x0000000094000000| PB 0x0000000094000000| Untracked 
| 321|0x0000000094100000, 0x0000000094100000, 0x0000000094200000|  0%| F|  |TAMS 0x0000000094100000| PB 0x0000000094100000| Untracked 
| 322|0x0000000094200000, 0x0000000094200000, 0x0000000094300000|  0%| F|  |TAMS 0x0000000094200000| PB 0x0000000094200000| Untracked 
| 323|0x0000000094300000, 0x0000000094300000, 0x0000000094400000|  0%| F|  |TAMS 0x0000000094300000| PB 0x0000000094300000| Untracked 
| 324|0x0000000094400000, 0x0000000094400000, 0x0000000094500000|  0%| F|  |TAMS 0x0000000094400000| PB 0x0000000094400000| Untracked 
| 325|0x0000000094500000, 0x0000000094500000, 0x0000000094600000|  0%| F|  |TAMS 0x0000000094500000| PB 0x0000000094500000| Untracked 
| 326|0x0000000094600000, 0x0000000094600000, 0x0000000094700000|  0%| F|  |TAMS 0x0000000094600000| PB 0x0000000094600000| Untracked 
| 327|0x0000000094700000, 0x0000000094700000, 0x0000000094800000|  0%| F|  |TAMS 0x0000000094700000| PB 0x0000000094700000| Untracked 
| 328|0x0000000094800000, 0x0000000094800000, 0x0000000094900000|  0%| F|  |TAMS 0x0000000094800000| PB 0x0000000094800000| Untracked 
| 329|0x0000000094900000, 0x0000000094900000, 0x0000000094a00000|  0%| F|  |TAMS 0x0000000094900000| PB 0x0000000094900000| Untracked 
| 330|0x0000000094a00000, 0x0000000094a00000, 0x0000000094b00000|  0%| F|  |TAMS 0x0000000094a00000| PB 0x0000000094a00000| Untracked 
| 331|0x0000000094b00000, 0x0000000094b00000, 0x0000000094c00000|  0%| F|  |TAMS 0x0000000094b00000| PB 0x0000000094b00000| Untracked 
| 332|0x0000000094c00000, 0x0000000094c00000, 0x0000000094d00000|  0%| F|  |TAMS 0x0000000094c00000| PB 0x0000000094c00000| Untracked 
| 333|0x0000000094d00000, 0x0000000094d00000, 0x0000000094e00000|  0%| F|  |TAMS 0x0000000094d00000| PB 0x0000000094d00000| Untracked 
| 334|0x0000000094e00000, 0x0000000094e00000, 0x0000000094f00000|  0%| F|  |TAMS 0x0000000094e00000| PB 0x0000000094e00000| Untracked 
| 335|0x0000000094f00000, 0x0000000094f00000, 0x0000000095000000|  0%| F|  |TAMS 0x0000000094f00000| PB 0x0000000094f00000| Untracked 
| 336|0x0000000095000000, 0x0000000095000000, 0x0000000095100000|  0%| F|  |TAMS 0x0000000095000000| PB 0x0000000095000000| Untracked 
| 337|0x0000000095100000, 0x0000000095100000, 0x0000000095200000|  0%| F|  |TAMS 0x0000000095100000| PB 0x0000000095100000| Untracked 
| 338|0x0000000095200000, 0x0000000095200000, 0x0000000095300000|  0%| F|  |TAMS 0x0000000095200000| PB 0x0000000095200000| Untracked 
| 339|0x0000000095300000, 0x0000000095300000, 0x0000000095400000|  0%| F|  |TAMS 0x0000000095300000| PB 0x0000000095300000| Untracked 
| 340|0x0000000095400000, 0x0000000095400000, 0x0000000095500000|  0%| F|  |TAMS 0x0000000095400000| PB 0x0000000095400000| Untracked 
| 341|0x0000000095500000, 0x0000000095500000, 0x0000000095600000|  0%| F|  |TAMS 0x0000000095500000| PB 0x0000000095500000| Untracked 
| 342|0x0000000095600000, 0x0000000095600000, 0x0000000095700000|  0%| F|  |TAMS 0x0000000095600000| PB 0x0000000095600000| Untracked 
| 343|0x0000000095700000, 0x0000000095700000, 0x0000000095800000|  0%| F|  |TAMS 0x0000000095700000| PB 0x0000000095700000| Untracked 
| 344|0x0000000095800000, 0x0000000095800000, 0x0000000095900000|  0%| F|  |TAMS 0x0000000095800000| PB 0x0000000095800000| Untracked 
| 345|0x0000000095900000, 0x0000000095900000, 0x0000000095a00000|  0%| F|  |TAMS 0x0000000095900000| PB 0x0000000095900000| Untracked 
| 346|0x0000000095a00000, 0x0000000095a00000, 0x0000000095b00000|  0%| F|  |TAMS 0x0000000095a00000| PB 0x0000000095a00000| Untracked 
| 347|0x0000000095b00000, 0x0000000095b00000, 0x0000000095c00000|  0%| F|  |TAMS 0x0000000095b00000| PB 0x0000000095b00000| Untracked 
| 348|0x0000000095c00000, 0x0000000095c00000, 0x0000000095d00000|  0%| F|  |TAMS 0x0000000095c00000| PB 0x0000000095c00000| Untracked 
| 349|0x0000000095d00000, 0x0000000095d00000, 0x0000000095e00000|  0%| F|  |TAMS 0x0000000095d00000| PB 0x0000000095d00000| Untracked 
| 350|0x0000000095e00000, 0x0000000095e00000, 0x0000000095f00000|  0%| F|  |TAMS 0x0000000095e00000| PB 0x0000000095e00000| Untracked 
| 351|0x0000000095f00000, 0x0000000095f00000, 0x0000000096000000|  0%| F|  |TAMS 0x0000000095f00000| PB 0x0000000095f00000| Untracked 
| 352|0x0000000096000000, 0x0000000096000000, 0x0000000096100000|  0%| F|  |TAMS 0x0000000096000000| PB 0x0000000096000000| Untracked 
| 353|0x0000000096100000, 0x0000000096100000, 0x0000000096200000|  0%| F|  |TAMS 0x0000000096100000| PB 0x0000000096100000| Untracked 
| 354|0x0000000096200000, 0x0000000096200000, 0x0000000096300000|  0%| F|  |TAMS 0x0000000096200000| PB 0x0000000096200000| Untracked 
| 355|0x0000000096300000, 0x0000000096300000, 0x0000000096400000|  0%| F|  |TAMS 0x0000000096300000| PB 0x0000000096300000| Untracked 
| 356|0x0000000096400000, 0x0000000096400000, 0x0000000096500000|  0%| F|  |TAMS 0x0000000096400000| PB 0x0000000096400000| Untracked 
| 357|0x0000000096500000, 0x0000000096500000, 0x0000000096600000|  0%| F|  |TAMS 0x0000000096500000| PB 0x0000000096500000| Untracked 
| 358|0x0000000096600000, 0x0000000096600000, 0x0000000096700000|  0%| F|  |TAMS 0x0000000096600000| PB 0x0000000096600000| Untracked 
| 359|0x0000000096700000, 0x0000000096700000, 0x0000000096800000|  0%| F|  |TAMS 0x0000000096700000| PB 0x0000000096700000| Untracked 
| 360|0x0000000096800000, 0x0000000096800000, 0x0000000096900000|  0%| F|  |TAMS 0x0000000096800000| PB 0x0000000096800000| Untracked 
| 361|0x0000000096900000, 0x0000000096900000, 0x0000000096a00000|  0%| F|  |TAMS 0x0000000096900000| PB 0x0000000096900000| Untracked 
| 362|0x0000000096a00000, 0x0000000096a00000, 0x0000000096b00000|  0%| F|  |TAMS 0x0000000096a00000| PB 0x0000000096a00000| Untracked 
| 363|0x0000000096b00000, 0x0000000096b00000, 0x0000000096c00000|  0%| F|  |TAMS 0x0000000096b00000| PB 0x0000000096b00000| Untracked 
| 364|0x0000000096c00000, 0x0000000096c00000, 0x0000000096d00000|  0%| F|  |TAMS 0x0000000096c00000| PB 0x0000000096c00000| Untracked 
| 365|0x0000000096d00000, 0x0000000096d00000, 0x0000000096e00000|  0%| F|  |TAMS 0x0000000096d00000| PB 0x0000000096d00000| Untracked 
| 366|0x0000000096e00000, 0x0000000096e00000, 0x0000000096f00000|  0%| F|  |TAMS 0x0000000096e00000| PB 0x0000000096e00000| Untracked 
| 367|0x0000000096f00000, 0x0000000096f00000, 0x0000000097000000|  0%| F|  |TAMS 0x0000000096f00000| PB 0x0000000096f00000| Untracked 
| 368|0x0000000097000000, 0x0000000097000000, 0x0000000097100000|  0%| F|  |TAMS 0x0000000097000000| PB 0x0000000097000000| Untracked 
| 369|0x0000000097100000, 0x0000000097100000, 0x0000000097200000|  0%| F|  |TAMS 0x0000000097100000| PB 0x0000000097100000| Untracked 
| 370|0x0000000097200000, 0x0000000097200000, 0x0000000097300000|  0%| F|  |TAMS 0x0000000097200000| PB 0x0000000097200000| Untracked 
| 371|0x0000000097300000, 0x0000000097300000, 0x0000000097400000|  0%| F|  |TAMS 0x0000000097300000| PB 0x0000000097300000| Untracked 
| 372|0x0000000097400000, 0x0000000097400000, 0x0000000097500000|  0%| F|  |TAMS 0x0000000097400000| PB 0x0000000097400000| Untracked 
| 373|0x0000000097500000, 0x0000000097500000, 0x0000000097600000|  0%| F|  |TAMS 0x0000000097500000| PB 0x0000000097500000| Untracked 
| 374|0x0000000097600000, 0x0000000097600000, 0x0000000097700000|  0%| F|  |TAMS 0x0000000097600000| PB 0x0000000097600000| Untracked 
| 375|0x0000000097700000, 0x0000000097700000, 0x0000000097800000|  0%| F|  |TAMS 0x0000000097700000| PB 0x0000000097700000| Untracked 
| 376|0x0000000097800000, 0x0000000097800000, 0x0000000097900000|  0%| F|  |TAMS 0x0000000097800000| PB 0x0000000097800000| Untracked 
| 377|0x0000000097900000, 0x0000000097900000, 0x0000000097a00000|  0%| F|  |TAMS 0x0000000097900000| PB 0x0000000097900000| Untracked 
| 378|0x0000000097a00000, 0x0000000097a00000, 0x0000000097b00000|  0%| F|  |TAMS 0x0000000097a00000| PB 0x0000000097a00000| Untracked 
| 379|0x0000000097b00000, 0x0000000097b00000, 0x0000000097c00000|  0%| F|  |TAMS 0x0000000097b00000| PB 0x0000000097b00000| Untracked 
|2035|0x00000000ff300000, 0x00000000ff300000, 0x00000000ff400000|  0%| F|  |TAMS 0x00000000ff300000| PB 0x00000000ff300000| Untracked 
|2036|0x00000000ff400000, 0x00000000ff400000, 0x00000000ff500000|  0%| F|  |TAMS 0x00000000ff400000| PB 0x00000000ff400000| Untracked 
|2037|0x00000000ff500000, 0x00000000ff600000, 0x00000000ff600000|100%| O|  |TAMS 0x00000000ff600000| PB 0x00000000ff500000| Untracked 
|2038|0x00000000ff600000, 0x00000000ff600000, 0x00000000ff700000|  0%| F|  |TAMS 0x00000000ff600000| PB 0x00000000ff600000| Untracked 
|2039|0x00000000ff700000, 0x00000000ff800000, 0x00000000ff800000|100%| O|  |TAMS 0x00000000ff800000| PB 0x00000000ff700000| Untracked 
|2040|0x00000000ff800000, 0x00000000ff900000, 0x00000000ff900000|100%| O|  |TAMS 0x00000000ff900000| PB 0x00000000ff800000| Untracked 
|2041|0x00000000ff900000, 0x00000000ffa00000, 0x00000000ffa00000|100%| O|  |TAMS 0x00000000ffa00000| PB 0x00000000ff900000| Untracked 
|2042|0x00000000ffa00000, 0x00000000ffa00000, 0x00000000ffb00000|  0%| F|  |TAMS 0x00000000ffa00000| PB 0x00000000ffa00000| Untracked 
|2043|0x00000000ffb00000, 0x00000000ffc00000, 0x00000000ffc00000|100%| O|  |TAMS 0x00000000ffc00000| PB 0x00000000ffb00000| Untracked 
|2044|0x00000000ffc00000, 0x00000000ffd00000, 0x00000000ffd00000|100%| O|  |TAMS 0x00000000ffd00000| PB 0x00000000ffc00000| Untracked 
|2045|0x00000000ffd00000, 0x00000000ffe00000, 0x00000000ffe00000|100%| O|  |TAMS 0x00000000ffe00000| PB 0x00000000ffd00000| Untracked 
|2046|0x00000000ffe00000, 0x00000000fff00000, 0x00000000fff00000|100%| O|  |TAMS 0x00000000fff00000| PB 0x00000000ffe00000| Untracked 
|2047|0x00000000fff00000, 0x00000000fff00000, 0x0000000100000000|  0%| F|  |TAMS 0x00000000fff00000| PB 0x00000000fff00000| Untracked 

Card table byte_map: [0x00000278934a0000,0x00000278938a0000] _byte_map_base: 0x00000278930a0000

Marking Bits: (CMBitMap*) 0x00000278ff5d31b0
 Bits: [0x00000278938a0000, 0x00000278958a0000)

Polling page: 0x00000278fed40000

Metaspace:

Usage:
  Non-class:    111.91 MB used.
      Class:     17.42 MB used.
       Both:    129.34 MB used.

Virtual space:
  Non-class space:      128.00 MB reserved,     113.06 MB ( 88%) committed,  2 nodes.
      Class space:        1.00 GB reserved,      18.62 MB (  2%) committed,  1 nodes.
             Both:        1.12 GB reserved,     131.69 MB ( 11%) committed. 

Chunk freelists:
   Non-Class:  14.92 MB
       Class:  13.27 MB
        Both:  28.19 MB

MaxMetaspaceSize: unlimited
CompressedClassSpaceSize: 1.00 GB
Initial GC threshold: 21.00 MB
Current GC threshold: 217.75 MB
CDS: off
 - commit_granule_bytes: 65536.
 - commit_granule_words: 8192.
 - virtual_space_node_default_size: 8388608.
 - enlarge_chunks_in_place: 1.
 - use_allocation_guard: 0.


Internal statistics:

num_allocs_failed_limit: 12.
num_arena_births: 4650.
num_arena_deaths: 2.
num_vsnodes_births: 3.
num_vsnodes_deaths: 0.
num_space_committed: 2106.
num_space_uncommitted: 0.
num_chunks_returned_to_freelist: 15.
num_chunks_taken_from_freelist: 10351.
num_chunk_merges: 12.
num_chunk_splits: 6778.
num_chunks_enlarged: 4242.
num_inconsistent_stats: 0.

CodeHeap 'non-profiled nmethods': size=120000Kb used=8572Kb max_used=8933Kb free=111427Kb
 bounds [0x000002788bf70000, 0x000002788c830000, 0x00000278934a0000]
CodeHeap 'profiled nmethods': size=120000Kb used=23729Kb max_used=24042Kb free=96270Kb
 bounds [0x00000278844a0000, 0x0000027885c30000, 0x000002788b9d0000]
CodeHeap 'non-nmethods': size=5760Kb used=3249Kb max_used=3304Kb free=2510Kb
 bounds [0x000002788b9d0000, 0x000002788bd20000, 0x000002788bf70000]
 total_blobs=13958 nmethods=12904 adapters=957
 compilation: enabled
              stopped_count=0, restarted_count=0
 full_count=0

Compilation events (20 events):
Event: 21.806 Thread 0x00000278982fa170 15816       4       com.android.tools.r8.graph.C3$c::a (6 bytes)
Event: 21.812 Thread 0x00000278982fa170 nmethod 15816 0x000002788c1e2710 code [0x000002788c1e28a0, 0x000002788c1e2c00]
Event: 21.812 Thread 0x00000278982fa170 15817       4       com.android.tools.r8.graph.C3$c::b (75 bytes)
Event: 21.817 Thread 0x00000278982fa170 nmethod 15817 0x000002788c715790 code [0x000002788c715920, 0x000002788c715c80]
Event: 21.817 Thread 0x00000278982fa170 15846       4       com.android.tools.r8.internal.me::b (64 bytes)
Event: 21.853 Thread 0x00000278982fa170 nmethod 15846 0x000002788c71d110 code [0x000002788c71d320, 0x000002788c71e1f8]
Event: 21.853 Thread 0x00000278982fa170 15815       4       com.android.tools.r8.internal.me::a (459 bytes)
Event: 21.868 Thread 0x00000278982fa170 nmethod 15815 0x000002788c71be10 code [0x000002788c71c060, 0x000002788c71c848]
Event: 21.868 Thread 0x00000278982fa170 15826       4       com.android.tools.r8.graph.m1::o0 (34 bytes)
Event: 21.869 Thread 0x00000278982fb760 15848       1       com.android.tools.r8.internal.B2::d (5 bytes)
Event: 21.870 Thread 0x00000278982fb760 nmethod 15848 0x000002788c7b4990 code [0x000002788c7b4b20, 0x000002788c7b4be8]
Event: 21.876 Thread 0x00000278982fb760 15850       3       com.android.tools.r8.graph.O4::a (174 bytes)
Event: 21.876 Thread 0x00000278982fa170 nmethod 15826 0x000002788c44ac10 code [0x000002788c44ae60, 0x000002788c44b800]
Event: 21.876 Thread 0x00000278982fa170 15819   !   4       com.android.tools.r8.graph.m1::<init> (69 bytes)
Event: 21.878 Thread 0x00000278982fb760 nmethod 15850 0x0000027884df3890 code [0x0000027884df3bc0, 0x0000027884df50b0]
Event: 21.885 Thread 0x00000278982fb760 15852       3       com.android.tools.r8.graph.F2::get (2 bytes)
Event: 21.886 Thread 0x00000278982fb760 nmethod 15852 0x00000278851c2b90 code [0x00000278851c2d20, 0x00000278851c2e30]
Event: 21.887 Thread 0x00000278982fb760 15854       2       com.android.tools.r8.synthesis.E$$Lambda/0x00000001012b9b70::accept (16 bytes)
Event: 21.887 Thread 0x00000278982fb760 nmethod 15854 0x00000278851e8710 code [0x00000278851e88c0, 0x00000278851e8a28]
Event: 21.887 Thread 0x00000278982fb760 15856       2       com.android.tools.r8.synthesis.L::b (250 bytes)

GC Heap History (20 events):
Event: 19.174 GC heap after
{Heap after GC invocations=50 (full 0):
 garbage-first heap   total 227328K, used 137920K [0x0000000080000000, 0x0000000100000000)
  region size 1024K, 6 young (6144K), 6 survivors (6144K)
 Metaspace       used 126206K, committed 128640K, reserved 1179648K
  class space    used 16927K, committed 18176K, reserved 1048576K
}
Event: 19.647 GC heap before
{Heap before GC invocations=50 (full 0):
 garbage-first heap   total 227328K, used 208576K [0x0000000080000000, 0x0000000100000000)
  region size 1024K, 74 young (75776K), 6 survivors (6144K)
 Metaspace       used 126986K, committed 129472K, reserved 1179648K
  class space    used 17040K, committed 18304K, reserved 1048576K
}
Event: 19.662 GC heap after
{Heap after GC invocations=51 (full 0):
 garbage-first heap   total 280576K, used 152160K [0x0000000080000000, 0x0000000100000000)
  region size 1024K, 10 young (10240K), 10 survivors (10240K)
 Metaspace       used 126986K, committed 129472K, reserved 1179648K
  class space    used 17040K, committed 18304K, reserved 1048576K
}
Event: 19.834 GC heap before
{Heap before GC invocations=51 (full 0):
 garbage-first heap   total 280576K, used 247392K [0x0000000080000000, 0x0000000100000000)
  region size 1024K, 104 young (106496K), 10 survivors (10240K)
 Metaspace       used 127184K, committed 129600K, reserved 1179648K
  class space    used 17062K, committed 18304K, reserved 1048576K
}
Event: 19.847 GC heap after
{Heap after GC invocations=52 (full 0):
 garbage-first heap   total 282624K, used 176128K [0x0000000080000000, 0x0000000100000000)
  region size 1024K, 13 young (13312K), 13 survivors (13312K)
 Metaspace       used 127184K, committed 129600K, reserved 1179648K
  class space    used 17062K, committed 18304K, reserved 1048576K
}
Event: 20.012 GC heap before
{Heap before GC invocations=52 (full 0):
 garbage-first heap   total 282624K, used 245760K [0x0000000080000000, 0x0000000100000000)
  region size 1024K, 82 young (83968K), 13 survivors (13312K)
 Metaspace       used 127419K, committed 129856K, reserved 1179648K
  class space    used 17080K, committed 18304K, reserved 1048576K
}
Event: 20.021 GC heap after
{Heap after GC invocations=53 (full 0):
 garbage-first heap   total 282624K, used 191560K [0x0000000080000000, 0x0000000100000000)
  region size 1024K, 11 young (11264K), 11 survivors (11264K)
 Metaspace       used 127419K, committed 129856K, reserved 1179648K
  class space    used 17080K, committed 18304K, reserved 1048576K
}
Event: 20.408 GC heap before
{Heap before GC invocations=54 (full 0):
 garbage-first heap   total 321536K, used 248904K [0x0000000080000000, 0x0000000100000000)
  region size 1024K, 68 young (69632K), 11 survivors (11264K)
 Metaspace       used 128120K, committed 130560K, reserved 1179648K
  class space    used 17202K, committed 18432K, reserved 1048576K
}
Event: 20.418 GC heap after
{Heap after GC invocations=55 (full 0):
 garbage-first heap   total 321536K, used 206848K [0x0000000080000000, 0x0000000100000000)
  region size 1024K, 9 young (9216K), 9 survivors (9216K)
 Metaspace       used 128120K, committed 130560K, reserved 1179648K
  class space    used 17202K, committed 18432K, reserved 1048576K
}
Event: 20.716 GC heap before
{Heap before GC invocations=55 (full 0):
 garbage-first heap   total 321536K, used 278528K [0x0000000080000000, 0x0000000100000000)
  region size 1024K, 80 young (81920K), 9 survivors (9216K)
 Metaspace       used 129469K, committed 131840K, reserved 1179648K
  class space    used 17401K, committed 18624K, reserved 1048576K
}
Event: 20.728 GC heap after
{Heap after GC invocations=56 (full 0):
 garbage-first heap   total 321536K, used 223619K [0x0000000080000000, 0x0000000100000000)
  region size 1024K, 10 young (10240K), 10 survivors (10240K)
 Metaspace       used 129469K, committed 131840K, reserved 1179648K
  class space    used 17401K, committed 18624K, reserved 1048576K
}
Event: 20.967 GC heap before
{Heap before GC invocations=56 (full 0):
 garbage-first heap   total 321536K, used 285059K [0x0000000080000000, 0x0000000100000000)
  region size 1024K, 71 young (72704K), 10 survivors (10240K)
 Metaspace       used 131154K, committed 133568K, reserved 1179648K
  class space    used 17650K, committed 18880K, reserved 1048576K
}
Event: 20.978 GC heap after
{Heap after GC invocations=57 (full 0):
 garbage-first heap   total 402432K, used 238592K [0x0000000080000000, 0x0000000100000000)
  region size 1024K, 9 young (9216K), 9 survivors (9216K)
 Metaspace       used 131154K, committed 133568K, reserved 1179648K
  class space    used 17650K, committed 18880K, reserved 1048576K
}
Event: 21.350 GC heap before
{Heap before GC invocations=57 (full 0):
 garbage-first heap   total 402432K, used 338944K [0x0000000080000000, 0x0000000100000000)
  region size 1024K, 108 young (110592K), 9 survivors (9216K)
 Metaspace       used 131429K, committed 133824K, reserved 1179648K
  class space    used 17668K, committed 18880K, reserved 1048576K
}
Event: 21.376 GC heap after
{Heap after GC invocations=58 (full 0):
 garbage-first heap   total 402432K, used 263168K [0x0000000080000000, 0x0000000100000000)
  region size 1024K, 14 young (14336K), 14 survivors (14336K)
 Metaspace       used 131429K, committed 133824K, reserved 1179648K
  class space    used 17668K, committed 18880K, reserved 1048576K
}
Event: 21.540 GC heap before
{Heap before GC invocations=59 (full 0):
 garbage-first heap   total 402432K, used 350208K [0x0000000080000000, 0x0000000100000000)
  region size 1024K, 100 young (102400K), 14 survivors (14336K)
 Metaspace       used 131586K, committed 134016K, reserved 1179648K
  class space    used 17690K, committed 18944K, reserved 1048576K
}
Event: 21.568 GC heap after
{Heap after GC invocations=60 (full 0):
 garbage-first heap   total 402432K, used 283648K [0x0000000080000000, 0x0000000100000000)
  region size 1024K, 13 young (13312K), 13 survivors (13312K)
 Metaspace       used 131586K, committed 134016K, reserved 1179648K
  class space    used 17690K, committed 18944K, reserved 1048576K
}
Event: 21.723 GC heap before
{Heap before GC invocations=60 (full 0):
 garbage-first heap   total 402432K, used 359424K [0x0000000080000000, 0x0000000100000000)
  region size 1024K, 88 young (90112K), 13 survivors (13312K)
 Metaspace       used 131997K, committed 134400K, reserved 1179648K
  class space    used 17763K, committed 19008K, reserved 1048576K
}
Event: 21.750 GC heap after
{Heap after GC invocations=61 (full 0):
 garbage-first heap   total 402432K, used 298975K [0x0000000080000000, 0x0000000100000000)
  region size 1024K, 11 young (11264K), 11 survivors (11264K)
 Metaspace       used 131997K, committed 134400K, reserved 1179648K
  class space    used 17763K, committed 19008K, reserved 1048576K
}
Event: 21.889 GC heap before
{Heap before GC invocations=61 (full 0):
 garbage-first heap   total 402432K, used 364511K [0x0000000080000000, 0x0000000100000000)
  region size 1024K, 76 young (77824K), 11 survivors (11264K)
 Metaspace       used 132441K, committed 134848K, reserved 1179648K
  class space    used 17842K, committed 19072K, reserved 1048576K
}

Dll operation events (3 events):
Event: 0.011 Loaded shared library D:\Android Studio\jbr\bin\java.dll
Event: 0.016 Loaded shared library D:\Android Studio\jbr\bin\zip.dll
Event: 0.631 Loaded shared library D:\Android Studio\jbr\bin\verify.dll

Deoptimization events (20 events):
Event: 21.768 Thread 0x00000278a3689560 Uncommon trap: trap_request=0xffffff45 fr.pc=0x000002788c1ca348 relative=0x0000000000000268
Event: 21.768 Thread 0x00000278a3689560 Uncommon trap: reason=unstable_if action=reinterpret pc=0x000002788c1ca348 method=com.android.tools.r8.internal.me.a(Lcom/android/tools/r8/internal/Q2;IZ[C)I @ 69 c2
Event: 21.768 Thread 0x00000278a3689560 DEOPT PACKING pc=0x000002788c1ca348 sp=0x000000f45abface0
Event: 21.768 Thread 0x00000278a3689560 DEOPT UNPACKING pc=0x000002788ba27da2 sp=0x000000f45abfac70 mode 2
Event: 21.787 Thread 0x00000278a0e6f650 Uncommon trap: trap_request=0xffffff45 fr.pc=0x000002788c6cb2a8 relative=0x0000000000000a08
Event: 21.787 Thread 0x00000278a0e6f650 Uncommon trap: reason=unstable_if action=reinterpret pc=0x000002788c6cb2a8 method=com.android.tools.r8.internal.me.a([CII)Ljava/lang/String; @ 66 c2
Event: 21.787 Thread 0x00000278a0e6f650 DEOPT PACKING pc=0x000002788c6cb2a8 sp=0x000000f45b1fadf0
Event: 21.788 Thread 0x00000278a0e6f650 DEOPT UNPACKING pc=0x000002788ba27da2 sp=0x000000f45b1fad30 mode 2
Event: 21.788 Thread 0x00000278a0e6f650 Uncommon trap: trap_request=0xffffff45 fr.pc=0x000002788c210538 relative=0x0000000000000478
Event: 21.788 Thread 0x00000278a0e6f650 Uncommon trap: reason=unstable_if action=reinterpret pc=0x000002788c210538 method=java.lang.StringUTF16.compress([CII)[B @ 13 c2
Event: 21.788 Thread 0x00000278a0e6f650 DEOPT PACKING pc=0x000002788c210538 sp=0x000000f45b1facc0
Event: 21.788 Thread 0x00000278a0e6f650 DEOPT UNPACKING pc=0x000002788ba27da2 sp=0x000000f45b1faba8 mode 2
Event: 21.788 Thread 0x00000278a0e6f650 Uncommon trap: trap_request=0xffffff45 fr.pc=0x000002788c39795c relative=0x00000000000006dc
Event: 21.788 Thread 0x00000278a0e6f650 Uncommon trap: reason=unstable_if action=reinterpret pc=0x000002788c39795c method=com.android.tools.r8.graph.J2.a(Ljava/lang/String;)[B @ 36 c2
Event: 21.788 Thread 0x00000278a0e6f650 DEOPT PACKING pc=0x000002788c39795c sp=0x000000f45b1fac30
Event: 21.788 Thread 0x00000278a0e6f650 DEOPT UNPACKING pc=0x000002788ba27da2 sp=0x000000f45b1fab88 mode 2
Event: 21.788 Thread 0x00000278a0e6f650 Uncommon trap: trap_request=0xffffff45 fr.pc=0x000002788c4b95c4 relative=0x0000000000000124
Event: 21.788 Thread 0x00000278a0e6f650 Uncommon trap: reason=unstable_if action=reinterpret pc=0x000002788c4b95c4 method=com.android.tools.r8.graph.J2.a(C[BI)I @ 23 c2
Event: 21.788 Thread 0x00000278a0e6f650 DEOPT PACKING pc=0x000002788c4b95c4 sp=0x000000f45b1fab70
Event: 21.788 Thread 0x00000278a0e6f650 DEOPT UNPACKING pc=0x000002788ba27da2 sp=0x000000f45b1fab10 mode 2

Classes loaded (20 events):
Event: 19.198 Loading class sun/rmi/transport/DGCImpl$LeaseInfo
Event: 19.198 Loading class sun/rmi/transport/DGCImpl$LeaseInfo done
Event: 19.198 Loading class sun/rmi/transport/DGCImpl$1
Event: 19.198 Loading class sun/rmi/transport/DGCImpl$1 done
Event: 19.198 Loading class sun/rmi/transport/SequenceEntry
Event: 19.198 Loading class sun/rmi/transport/SequenceEntry done
Event: 19.264 Loading class sun/nio/fs/Globs
Event: 19.264 Loading class sun/nio/fs/Globs done
Event: 19.264 Loading class java/util/regex/Pattern$SliceU
Event: 19.264 Loading class java/util/regex/Pattern$SliceU done
Event: 19.264 Loading class sun/nio/fs/WindowsFileSystem$2
Event: 19.265 Loading class sun/nio/fs/WindowsFileSystem$2 done
Event: 19.272 Loading class java/util/zip/ZipFile$ZipEntryIterator
Event: 19.273 Loading class java/util/zip/ZipFile$ZipEntryIterator done
Event: 19.570 Loading class java/util/zip/ZipInputStream
Event: 19.573 Loading class java/util/zip/ZipInputStream done
Event: 20.065 Loading class java/io/UTFDataFormatException
Event: 20.065 Loading class java/io/UTFDataFormatException done
Event: 20.462 Loading class java/util/concurrent/RejectedExecutionException
Event: 20.462 Loading class java/util/concurrent/RejectedExecutionException done

Classes unloaded (1 events):
Event: 18.735 Thread 0x000002789824e090 Unloading class 0x00000001010c9000 'jdk/internal/reflect/GeneratedSerializationConstructorAccessor101'

Classes redefined (0 events):
No events

Internal exceptions (20 events):
Event: 18.894 Thread 0x00000278a9042de0 Exception <a 'java/lang/NoSuchMethodError'{0x000000008b637e78}: static Lorg/jetbrains/kotlin/daemon/common/LoopbackNetworkInterface$AbstractClientLoopbackSocketFactory;.<clinit>()V> (0x000000008b637e78) 
thrown [s\src\hotspot\share\prims\jni.cpp, line 1139]
Event: 18.895 Thread 0x00000278a9042de0 Exception <a 'java/lang/NoSuchMethodError'{0x000000008b65fa58}: static Lorg/jetbrains/kotlin/daemon/common/LoopbackNetworkInterface$ClientLoopbackSocketFactory;.<clinit>()V> (0x000000008b65fa58) 
thrown [s\src\hotspot\share\prims\jni.cpp, line 1139]
Event: 18.976 Thread 0x00000278a9042de0 Exception <a 'java/lang/NoSuchMethodError'{0x000000008ac547a0}: static [Ljava/rmi/server/ObjID;.<clinit>()V> (0x000000008ac547a0) 
thrown [s\src\hotspot\share\prims\jni.cpp, line 1139]
Event: 18.980 Thread 0x00000278a9042de0 Exception <a 'java/lang/NoSuchMethodError'{0x000000008acd3b58}: static [B.<clinit>()V> (0x000000008acd3b58) 
thrown [s\src\hotspot\share\prims\jni.cpp, line 1139]
Event: 18.989 Thread 0x00000278a95e0b00 Exception <a 'java/lang/NoSuchMethodError'{0x000000008ab43628}: 'java.lang.Object java.lang.invoke.DirectMethodHandle$Holder.newInvokeSpecial(java.lang.Object, java.lang.Object, int, java.lang.Object, long)'> (0x000000008ab43628) 
thrown [s\src\hotspot\share\interpreter\linkResolver.cpp, line 784]
Event: 19.007 Thread 0x00000278a9042de0 Exception <a 'java/lang/NoSuchMethodError'{0x000000008aaccc40}: static Lorg/jetbrains/kotlin/daemon/common/CompileService$CallResult;.<clinit>()V> (0x000000008aaccc40) 
thrown [s\src\hotspot\share\prims\jni.cpp, line 1139]
Event: 19.008 Thread 0x00000278a9042de0 Exception <a 'java/lang/NoSuchMethodError'{0x000000008aad8ee8}: static Lorg/jetbrains/kotlin/daemon/common/CompileService$CallResult$Good;.<clinit>()V> (0x000000008aad8ee8) 
thrown [s\src\hotspot\share\prims\jni.cpp, line 1139]
Event: 19.009 Thread 0x00000278a9042de0 Exception <a 'java/lang/NoSuchMethodError'{0x000000008aaeb200}: static Lorg/jetbrains/kotlin/daemon/common/DaemonJVMOptions;.<clinit>()V> (0x000000008aaeb200) 
thrown [s\src\hotspot\share\prims\jni.cpp, line 1139]
Event: 19.022 Thread 0x00000278a9042de0 Exception <a 'java/lang/NoSuchMethodError'{0x000000008a942240}: static Lorg/jetbrains/kotlin/daemon/common/CompileService$CallResult$Ok;.<clinit>()V> (0x000000008a942240) 
thrown [s\src\hotspot\share\prims\jni.cpp, line 1139]
Event: 19.094 Thread 0x00000278a9042de0 Exception <a 'java/lang/NoSuchMethodError'{0x000000008a687c30}: static [Ljava/lang/Integer;.<clinit>()V> (0x000000008a687c30) 
thrown [s\src\hotspot\share\prims\jni.cpp, line 1139]
Event: 19.273 Thread 0x00000278a3688840 Implicit null exception at 0x000002788c145909 to 0x000002788c1468dc
Event: 19.273 Thread 0x00000278a0e6f650 Implicit null exception at 0x000002788c145909 to 0x000002788c1468dc
Event: 20.732 Thread 0x00000278a0e6efc0 Exception <a 'java/lang/NoSuchMethodError'{0x00000000fff99b80}: 'java.lang.Object java.lang.invoke.DirectMethodHandle$Holder.invokeStaticInit(java.lang.Object, java.lang.Object, java.lang.Object, java.lang.Object, java.lang.Object, java.lang.Object, java.lang.Object, java.lang.Object, java.lang.Object, java.lang.Object, java.lang.Object, java.lang.Object, java.lang.Object, java.lang.Object, java.lang.Object, java.lang.Object, java.lang.Object, java.lang.Object, java.lang.Object, java.lang.Object, int, java
Event: 20.734 Thread 0x00000278a0e6efc0 Exception <a 'java/lang/IncompatibleClassChangeError'{0x00000000ffa914b8}: Found class java.lang.Object, but interface was expected> (0x00000000ffa914b8) 
thrown [s\src\hotspot\share\interpreter\linkResolver.cpp, line 851]
Event: 20.735 Thread 0x00000278a0e6efc0 Exception <a 'java/lang/IncompatibleClassChangeError'{0x00000000ff6058e0}: Found class java.lang.Object, but interface was expected> (0x00000000ff6058e0) 
thrown [s\src\hotspot\share\interpreter\linkResolver.cpp, line 851]
Event: 20.794 Thread 0x00000278a0e69a70 Exception <a 'java/lang/IncompatibleClassChangeError'{0x0000000092b8bdd0}: Found class java.lang.Object, but interface was expected> (0x0000000092b8bdd0) 
thrown [s\src\hotspot\share\interpreter\linkResolver.cpp, line 851]
Event: 20.794 Thread 0x00000278a0e6efc0 Exception <a 'java/lang/IncompatibleClassChangeError'{0x00000000929a4498}: Found class java.lang.Object, but interface was expected> (0x00000000929a4498) 
thrown [s\src\hotspot\share\interpreter\linkResolver.cpp, line 851]
Event: 20.794 Thread 0x00000278a1140cb0 Exception <a 'java/lang/IncompatibleClassChangeError'{0x0000000092899058}: Found class java.lang.Object, but interface was expected> (0x0000000092899058) 
thrown [s\src\hotspot\share\interpreter\linkResolver.cpp, line 851]
Event: 20.817 Thread 0x00000278a0e6efc0 Exception <a 'java/lang/NoSuchMethodError'{0x00000000919fd470}: 'void java.lang.invoke.DirectMethodHandle$Holder.invokeStatic(java.lang.Object, java.lang.Object, java.lang.Object, int, java.lang.Object, java.lang.Object, java.lang.Object, java.lang.Object)'> (0x00000000919fd470) 
thrown [s\src\hotspot\share\interpreter\linkResolver.cpp, line 784]
Event: 21.768 Thread 0x00000278a3689560 Implicit null exception at 0x000002788c1ca1ed to 0x000002788c1ca330

ZGC Phase Switch (0 events):
No events

VM Operations (20 events):
Event: 20.418 Executing VM operation: G1CollectForAllocation (G1 Evacuation Pause) done
Event: 20.531 Executing VM operation: HandshakeAllThreads (Deoptimize)
Event: 20.531 Executing VM operation: HandshakeAllThreads (Deoptimize) done
Event: 20.716 Executing VM operation: G1CollectForAllocation (G1 Evacuation Pause)
Event: 20.728 Executing VM operation: G1CollectForAllocation (G1 Evacuation Pause) done
Event: 20.749 Executing VM operation: HandshakeAllThreads (Deoptimize)
Event: 20.749 Executing VM operation: HandshakeAllThreads (Deoptimize) done
Event: 20.967 Executing VM operation: G1CollectForAllocation (G1 Evacuation Pause)
Event: 20.978 Executing VM operation: G1CollectForAllocation (G1 Evacuation Pause) done
Event: 21.241 Executing VM operation: G1PauseRemark
Event: 21.254 Executing VM operation: G1PauseRemark done
Event: 21.349 Executing VM operation: G1CollectForAllocation (G1 Evacuation Pause)
Event: 21.376 Executing VM operation: G1CollectForAllocation (G1 Evacuation Pause) done
Event: 21.381 Executing VM operation: G1PauseCleanup
Event: 21.382 Executing VM operation: G1PauseCleanup done
Event: 21.539 Executing VM operation: G1CollectForAllocation (G1 Evacuation Pause)
Event: 21.568 Executing VM operation: G1CollectForAllocation (G1 Evacuation Pause) done
Event: 21.723 Executing VM operation: G1CollectForAllocation (G1 Evacuation Pause)
Event: 21.750 Executing VM operation: G1CollectForAllocation (G1 Evacuation Pause) done
Event: 21.889 Executing VM operation: G1CollectForAllocation (G1 Evacuation Pause)

Memory protections (0 events):
No events

Nmethod flushes (20 events):
Event: 21.252 Thread 0x000002789824e090 flushing  nmethod 0x0000027884f3f010
Event: 21.252 Thread 0x000002789824e090 flushing  nmethod 0x0000027884f40b10
Event: 21.252 Thread 0x000002789824e090 flushing  nmethod 0x0000027884f41090
Event: 21.252 Thread 0x000002789824e090 flushing  nmethod 0x0000027884f48790
Event: 21.252 Thread 0x000002789824e090 flushing  nmethod 0x0000027884f4d810
Event: 21.252 Thread 0x000002789824e090 flushing  nmethod 0x0000027884f4dd10
Event: 21.252 Thread 0x000002789824e090 flushing  nmethod 0x0000027885029410
Event: 21.252 Thread 0x000002789824e090 flushing  nmethod 0x0000027885029d10
Event: 21.252 Thread 0x000002789824e090 flushing  nmethod 0x0000027885158d10
Event: 21.252 Thread 0x000002789824e090 flushing  nmethod 0x000002788515d390
Event: 21.252 Thread 0x000002789824e090 flushing  nmethod 0x000002788515ff10
Event: 21.252 Thread 0x000002789824e090 flushing  nmethod 0x00000278851e8710
Event: 21.252 Thread 0x000002789824e090 flushing  nmethod 0x0000027885257b90
Event: 21.252 Thread 0x000002789824e090 flushing  nmethod 0x00000278852e2010
Event: 21.252 Thread 0x000002789824e090 flushing  nmethod 0x0000027885413710
Event: 21.252 Thread 0x000002789824e090 flushing  nmethod 0x00000278855e0210
Event: 21.252 Thread 0x000002789824e090 flushing  nmethod 0x00000278858d2690
Event: 21.252 Thread 0x000002789824e090 flushing  nmethod 0x00000278858d5810
Event: 21.252 Thread 0x000002789824e090 flushing  nmethod 0x0000027885bd1890
Event: 21.252 Thread 0x000002789824e090 flushing  nmethod 0x0000027885bd1d90

Events (20 events):
Event: 17.532 Thread 0x00000278a1144130 Thread added: 0x00000278a8ed1a60
Event: 17.533 Thread 0x00000278a1144130 Thread added: 0x00000278a8ecf300
Event: 17.533 Thread 0x00000278a1144130 Thread added: 0x00000278a8ece5e0
Event: 17.533 Thread 0x00000278a1144130 Thread added: 0x00000278a8ed3b30
Event: 17.533 Thread 0x00000278a1144130 Thread added: 0x00000278a8ed5570
Event: 17.754 Thread 0x00000278a1144130 Thread added: 0x00000278a8ed20f0
Event: 17.755 Thread 0x00000278a1144130 Thread added: 0x00000278a8ed2780
Event: 17.755 Thread 0x00000278a1144130 Thread added: 0x00000278a8ed2e10
Event: 18.630 Thread 0x00000278a1144130 Thread added: 0x00000278a9042de0
Event: 18.897 Thread 0x00000278a9042de0 Thread added: 0x00000278a95e0470
Event: 18.911 Thread 0x00000278a9042de0 Thread added: 0x00000278a95e0b00
Event: 18.928 Loaded shared library D:\Android Studio\jbr\bin\rmi.dll
Event: 18.930 Thread 0x00000278a9042de0 Thread added: 0x00000278a95df750
Event: 19.081 Thread 0x00000278a9042de0 Thread added: 0x00000278a95e1820
Event: 19.082 Thread 0x00000278a9042de0 Thread added: 0x00000278a95e2540
Event: 19.190 Thread 0x00000278a95e1820 Thread added: 0x00000278a95e2bd0
Event: 20.094 Thread 0x000002789eeb5780 Thread exited: 0x000002789eeb5780
Event: 20.165 Thread 0x00000278a0fbf2c0 Thread exited: 0x00000278a0fbf2c0
Event: 20.943 Thread 0x00000278982fb760 Thread added: 0x00000278a0c21f40
Event: 20.999 Thread 0x00000278982fb760 Thread added: 0x00000278a0c1f660


Dynamic libraries:
0x00007ff635040000 - 0x00007ff63504a000 	D:\Android Studio\jbr\bin\java.exe
0x00007ffe9e4a0000 - 0x00007ffe9e707000 	C:\WINDOWS\SYSTEM32\ntdll.dll
0x00007ffe9c5f0000 - 0x00007ffe9c6b9000 	C:\WINDOWS\System32\KERNEL32.DLL
0x00007ffe9b900000 - 0x00007ffe9bcef000 	C:\WINDOWS\System32\KERNELBASE.dll
0x00007ffe9bd00000 - 0x00007ffe9be4b000 	C:\WINDOWS\System32\ucrtbase.dll
0x00007ffe53960000 - 0x00007ffe53978000 	D:\Android Studio\jbr\bin\jli.dll
0x00007ffe7c7b0000 - 0x00007ffe7c7cb000 	D:\Android Studio\jbr\bin\VCRUNTIME140.dll
0x00007ffe9c420000 - 0x00007ffe9c5e5000 	C:\WINDOWS\System32\USER32.dll
0x00007ffe9b770000 - 0x00007ffe9b797000 	C:\WINDOWS\System32\win32u.dll
0x00007ffe80530000 - 0x00007ffe807c3000 	C:\WINDOWS\WinSxS\amd64_microsoft.windows.common-controls_6595b64144ccf1df_6.0.26100.7309_none_3e05feeae336a044\COMCTL32.dll
0x00007ffe9d260000 - 0x00007ffe9d28b000 	C:\WINDOWS\System32\GDI32.dll
0x00007ffe9db30000 - 0x00007ffe9dbd9000 	C:\WINDOWS\System32\msvcrt.dll
0x00007ffe9c110000 - 0x00007ffe9c23c000 	C:\WINDOWS\System32\gdi32full.dll
0x00007ffe9b7a0000 - 0x00007ffe9b843000 	C:\WINDOWS\System32\msvcp_win.dll
0x00007ffe9c3e0000 - 0x00007ffe9c411000 	C:\WINDOWS\System32\IMM32.DLL
0x00007ffe83540000 - 0x00007ffe8354c000 	D:\Android Studio\jbr\bin\vcruntime140_1.dll
0x00007ffe538d0000 - 0x00007ffe5395d000 	D:\Android Studio\jbr\bin\msvcp140.dll
0x00007ffdde210000 - 0x00007ffddee9b000 	D:\Android Studio\jbr\bin\server\jvm.dll
0x00007ffe9c6d0000 - 0x00007ffe9c784000 	C:\WINDOWS\System32\ADVAPI32.dll
0x00007ffe9cf80000 - 0x00007ffe9d026000 	C:\WINDOWS\System32\sechost.dll
0x00007ffe9e340000 - 0x00007ffe9e458000 	C:\WINDOWS\System32\RPCRT4.dll
0x00007ffe9d030000 - 0x00007ffe9d0a4000 	C:\WINDOWS\System32\WS2_32.dll
0x00007ffe9b450000 - 0x00007ffe9b4ae000 	C:\WINDOWS\SYSTEM32\POWRPROF.dll
0x00007ffe83e50000 - 0x00007ffe83e85000 	C:\WINDOWS\SYSTEM32\WINMM.dll
0x00007ffe8c9c0000 - 0x00007ffe8c9cb000 	C:\WINDOWS\SYSTEM32\VERSION.dll
0x00007ffe9b430000 - 0x00007ffe9b444000 	C:\WINDOWS\SYSTEM32\UMPDC.dll
0x00007ffe9a360000 - 0x00007ffe9a37b000 	C:\WINDOWS\SYSTEM32\kernel.appcore.dll
0x00007ffe832e0000 - 0x00007ffe832ea000 	D:\Android Studio\jbr\bin\jimage.dll
0x00007ffe98b90000 - 0x00007ffe98dd2000 	C:\WINDOWS\SYSTEM32\DBGHELP.DLL
0x00007ffe9c900000 - 0x00007ffe9cc86000 	C:\WINDOWS\System32\combase.dll
0x00007ffe9d0b0000 - 0x00007ffe9d186000 	C:\WINDOWS\System32\OLEAUT32.dll
0x00007ffe73780000 - 0x00007ffe737bc000 	C:\WINDOWS\SYSTEM32\dbgcore.DLL
0x00007ffe9b850000 - 0x00007ffe9b8f5000 	C:\WINDOWS\System32\bcryptPrimitives.dll
0x00007ffe8c6c0000 - 0x00007ffe8c6ce000 	D:\Android Studio\jbr\bin\instrument.dll
0x00007ffe79f90000 - 0x00007ffe79fb0000 	D:\Android Studio\jbr\bin\java.dll
0x00007ffe79f70000 - 0x00007ffe79f88000 	D:\Android Studio\jbr\bin\zip.dll
0x00007ffe9dbe0000 - 0x00007ffe9e333000 	C:\WINDOWS\System32\SHELL32.dll
0x00007ffe9bee0000 - 0x00007ffe9c04a000 	C:\WINDOWS\System32\wintypes.dll
0x00007ffe991b0000 - 0x00007ffe99a0e000 	C:\WINDOWS\SYSTEM32\windows.storage.dll
0x00007ffe9d9a0000 - 0x00007ffe9da94000 	C:\WINDOWS\System32\SHCORE.dll
0x00007ffe9dac0000 - 0x00007ffe9db26000 	C:\WINDOWS\System32\shlwapi.dll
0x00007ffe9b510000 - 0x00007ffe9b539000 	C:\WINDOWS\SYSTEM32\profapi.dll
0x00007ffe7a390000 - 0x00007ffe7a3a0000 	D:\Android Studio\jbr\bin\net.dll
0x00007ffe8c570000 - 0x00007ffe8c698000 	C:\WINDOWS\SYSTEM32\WINHTTP.dll
0x00007ffe9a8c0000 - 0x00007ffe9a92b000 	C:\WINDOWS\system32\mswsock.dll
0x00007ffe74460000 - 0x00007ffe74476000 	D:\Android Studio\jbr\bin\nio.dll
0x00007ffe73e10000 - 0x00007ffe73e20000 	D:\Android Studio\jbr\bin\verify.dll
0x00007ffe57ab0000 - 0x00007ffe57ad7000 	C:\Users\asus8\.gradle\native\1def1411415f61bf3af743bc5b6707747c0891f09f0c88961ee8f79bc544acac\windows-amd64\native-platform.dll
0x00007ffe851d0000 - 0x00007ffe85248000 	C:\Users\asus8\.gradle\native\0.2.7\x86_64-windows-gnu\gradle-fileevents.dll
0x00007ffe74450000 - 0x00007ffe74459000 	D:\Android Studio\jbr\bin\management.dll
0x00007ffe73ec0000 - 0x00007ffe73ecb000 	D:\Android Studio\jbr\bin\management_ext.dll
0x00007ffe9c6c0000 - 0x00007ffe9c6c8000 	C:\WINDOWS\System32\PSAPI.DLL
0x00007ffe99d50000 - 0x00007ffe99d84000 	C:\WINDOWS\SYSTEM32\IPHLPAPI.DLL
0x00007ffe9d2a0000 - 0x00007ffe9d2aa000 	C:\WINDOWS\System32\NSI.dll
0x00007ffe799a0000 - 0x00007ffe799a9000 	D:\Android Studio\jbr\bin\extnet.dll
0x00007ffe9ab70000 - 0x00007ffe9ab8b000 	C:\WINDOWS\SYSTEM32\CRYPTSP.dll
0x00007ffe9a2c0000 - 0x00007ffe9a2fa000 	C:\WINDOWS\system32\rsaenh.dll
0x00007ffe9a970000 - 0x00007ffe9a99b000 	C:\WINDOWS\SYSTEM32\USERENV.dll
0x00007ffe9b4e0000 - 0x00007ffe9b50a000 	C:\WINDOWS\SYSTEM32\bcrypt.dll
0x00007ffe9ab90000 - 0x00007ffe9ab9c000 	C:\WINDOWS\SYSTEM32\CRYPTBASE.dll
0x00007ffe0e210000 - 0x00007ffe0e218000 	C:\WINDOWS\system32\wshunix.dll
0x00007ffe81220000 - 0x00007ffe81238000 	C:\WINDOWS\system32\napinsp.dll
0x00007ffe99d90000 - 0x00007ffe99ebc000 	C:\WINDOWS\SYSTEM32\DNSAPI.dll
0x00007ffe81200000 - 0x00007ffe81212000 	C:\WINDOWS\System32\winrnr.dll
0x00007ffe811d0000 - 0x00007ffe811f2000 	C:\WINDOWS\system32\nlansp_c.dll
0x00007ffe811b0000 - 0x00007ffe811c6000 	C:\WINDOWS\system32\wshbth.dll
0x00007ffe90ab0000 - 0x00007ffe90abb000 	C:\Windows\System32\rasadhlp.dll
0x00007ffe92b60000 - 0x00007ffe92be6000 	C:\WINDOWS\System32\fwpuclnt.dll
0x00007ffe85250000 - 0x00007ffe85257000 	D:\Android Studio\jbr\bin\rmi.dll

dbghelp: loaded successfully - version: 4.0.5 - missing functions: none
symbol engine: initialized successfully - sym options: 0x614 - pdb path: .;D:\Android Studio\jbr\bin;C:\WINDOWS\SYSTEM32;C:\WINDOWS\WinSxS\amd64_microsoft.windows.common-controls_6595b64144ccf1df_6.0.26100.7309_none_3e05feeae336a044;D:\Android Studio\jbr\bin\server;C:\Users\asus8\.gradle\native\1def1411415f61bf3af743bc5b6707747c0891f09f0c88961ee8f79bc544acac\windows-amd64;C:\Users\asus8\.gradle\native\0.2.7\x86_64-windows-gnu

VM Arguments:
jvm_args: --add-opens=java.base/java.lang=ALL-UNNAMED --add-opens=java.base/java.lang.invoke=ALL-UNNAMED --add-opens=java.base/java.util=ALL-UNNAMED --add-opens=java.prefs/java.util.prefs=ALL-UNNAMED --add-exports=jdk.compiler/com.sun.tools.javac.api=ALL-UNNAMED --add-exports=jdk.compiler/com.sun.tools.javac.util=ALL-UNNAMED --add-opens=java.base/java.util=ALL-UNNAMED --add-opens=java.prefs/java.util.prefs=ALL-UNNAMED --add-opens=java.base/java.nio.charset=ALL-UNNAMED --add-opens=java.base/java.net=ALL-UNNAMED --add-opens=java.base/java.util.concurrent.atomic=ALL-UNNAMED --add-opens=java.xml/javax.xml.namespace=ALL-UNNAMED -Xmx2048m -Dfile.encoding=UTF-8 -Duser.country=ID -Duser.language=en -Duser.variant -javaagent:C:\Users\asus8\.gradle\wrapper\dists\gradle-8.13-bin\5xuhj0ry160q40clulazy9h7d\gradle-8.13\lib\agents\gradle-instrumentation-agent-8.13.jar 
java_command: org.gradle.launcher.daemon.bootstrap.GradleDaemon 8.13
java_class_path (initial): C:\Users\asus8\.gradle\wrapper\dists\gradle-8.13-bin\5xuhj0ry160q40clulazy9h7d\gradle-8.13\lib\gradle-daemon-main-8.13.jar
Launcher Type: SUN_STANDARD

[Global flags]
     intx CICompilerCount                          = 4                                         {product} {ergonomic}
     uint ConcGCThreads                            = 2                                         {product} {ergonomic}
     uint G1ConcRefinementThreads                  = 8                                         {product} {ergonomic}
   size_t G1HeapRegionSize                         = 1048576                                   {product} {ergonomic}
    uintx GCDrainStackTargetSize                   = 64                                        {product} {ergonomic}
   size_t InitialHeapSize                          = 130023424                                 {product} {ergonomic}
   size_t MarkStackSize                            = 4194304                                   {product} {ergonomic}
   size_t MaxHeapSize                              = 2147483648                                {product} {command line}
   size_t MaxNewSize                               = 1287651328                                {product} {ergonomic}
   size_t MinHeapDeltaBytes                        = 1048576                                   {product} {ergonomic}
   size_t MinHeapSize                              = 8388608                                   {product} {ergonomic}
    uintx NonNMethodCodeHeapSize                   = 5839372                                {pd product} {ergonomic}
    uintx NonProfiledCodeHeapSize                  = 122909434                              {pd product} {ergonomic}
    uintx ProfiledCodeHeapSize                     = 122909434                              {pd product} {ergonomic}
    uintx ReservedCodeCacheSize                    = 251658240                              {pd product} {ergonomic}
     bool SegmentedCodeCache                       = true                                      {product} {ergonomic}
   size_t SoftMaxHeapSize                          = 2147483648                             {manageable} {ergonomic}
     bool UseCompressedOops                        = true                           {product lp64_product} {ergonomic}
     bool UseG1GC                                  = true                                      {product} {ergonomic}
     bool UseLargePagesIndividualAllocation        = false                                  {pd product} {ergonomic}

Logging:
Log output configuration:
 #0: stdout all=warning uptime,level,tags foldmultilines=false
 #1: stderr all=off uptime,level,tags foldmultilines=false

Environment Variables:
PATH=C:\Program Files (x86)\Common Files\Oracle\Java\java8path;C:\Program Files (x86)\Common Files\Oracle\Java\javapath;C:\Users\asus8\AppData\Local\Programs\Python\Python313\Scripts\;C:\Users\asus8\AppData\Local\Programs\Python\Python313\;C:\PROGRA~2\Borland\CBUILD~1\Bin;C:\PROGRA~2\Borland\CBUILD~1\Projects\Bpl;C:\Windows\system32;C:\Windows;C:\Windows\System32\Wbem;C:\Windows\System32\WindowsPowerShell\v1.0\;C:\Windows\System32\OpenSSH\;C:\Program Files (x86)\NVIDIA Corporation\PhysX\Common;C:\Program Files\NVIDIA Corporation\NVIDIA NvDLISR;C:\WINDOWS\system32;C:\WINDOWS;C:\WINDOWS\System32\Wbem;C:\WINDOWS\System32\WindowsPowerShell\v1.0\;C:\WINDOWS\System32\OpenSSH\;C:\Program Files\nodejs\;C:\ProgramData\chocolatey\bin;c:\Users\asus8\AppData\Local\Programs\cursor\resources\app\bin;C:\Program Files\Git\cmd;C:\Users\asus8\AppData\Local\Android\Sdk\platform-tools;C:\Users\asus8\AppData\Local\Programs\Python\Launcher\;C:\Users\asus8\AppData\Local\Microsoft\WindowsApps;C:\Users\asus8\AppData\Local\Programs\Microsoft VS Code\bin;C:\Users\asus8\AppData\Roaming\npm;C:\Users\asus8\AppData\Local\GitHubDesktop\bin;C:\Users\asus8\AppData\Local\Programs\cursor\resources\app\bin
USERNAME=Shiera Lkvra
OS=Windows_NT
PROCESSOR_IDENTIFIER=Intel64 Family 6 Model 140 Stepping 1, GenuineIntel
TMP=C:\Users\asus8\AppData\Local\Temp
TEMP=C:\Users\asus8\AppData\Local\Temp




Periodic native trim disabled

JNI global refs:
JNI global refs: 31, weak refs: 19

JNI global refs memory usage: 835, weak refs: 833

Process memory usage:
Resident Set Size: 761848K (9% of 8075524K total physical memory with 611700K free physical memory)

OOME stack traces (most recent first):
Classloader memory used:
Loader org.gradle.internal.classloader.VisitableURLClassLoader                         : 46399K
Loader org.gradle.internal.classloader.VisitableURLClassLoader$InstrumentingVisitableURLClassLoader: 40799K
Loader bootstrap                                                                       : 30281K
Loader org.gradle.initialization.MixInLegacyTypesClassLoader                           : 13248K
Loader jdk.internal.reflect.DelegatingClassLoader                                      : 600K
Loader jdk.internal.loader.ClassLoaders$PlatformClassLoader                            : 501K
Loader jdk.internal.loader.ClassLoaders$AppClassLoader                                 : 235K
Loader org.gradle.internal.classloader.VisitableURLClassLoader                         : 215K
Loader org.gradle.groovy.scripts.internal.DefaultScriptCompilationHandler$ScriptClassLoader: 133K
Loader org.codehaus.groovy.runtime.callsite.CallSiteClassLoader                        : 27232B

Classes loaded by more than one classloader:
Class Program                                                                         : loaded 5 times (x 68B)
Class Build_gradle                                                                    : loaded 3 times (x 126B)
Class Build_gradle$1                                                                  : loaded 3 times (x 70B)
Class org.gradle.internal.classloader.FilteringClassLoader                            : loaded 2 times (x 101B)
Class com.google.common.base.CharMatcher$IsEither                                     : loaded 2 times (x 107B)
Class org.gradle.internal.classloader.ClassLoaderHierarchy                            : loaded 2 times (x 66B)
Class com.google.common.collect.ImmutableEnumSet                                      : loaded 2 times (x 142B)
Class com.google.common.util.concurrent.ExecutionError                                : loaded 2 times (x 78B)
Class com.google.common.collect.ImmutableList$1                                       : loaded 2 times (x 93B)
Class org.gradle.api.internal.classpath.ManifestUtil                                  : loaded 2 times (x 67B)
Class com.google.common.io.ByteArrayDataOutput                                        : loaded 2 times (x 66B)
Class com.google.common.collect.RegularImmutableMap                                   : loaded 2 times (x 117B)
Class com.google.common.collect.ImmutableMap$MapViewOfValuesAsSingletonSets           : loaded 2 times (x 122B)
Class [Lorg.objectweb.asm.Symbol;                                                     : loaded 2 times (x 65B)
Class org.objectweb.asm.ClassVisitor                                                  : loaded 2 times (x 84B)
Class com.google.common.collect.UnmodifiableListIterator                              : loaded 2 times (x 91B)
Class com.google.common.base.Platform$JdkPatternCompiler                              : loaded 2 times (x 71B)
Class org.objectweb.asm.MethodTooLargeException                                       : loaded 2 times (x 79B)
Class [Lcom.google.common.cache.CacheBuilder$OneWeigher;                              : loaded 2 times (x 65B)
Class com.google.common.base.Suppliers                                                : loaded 2 times (x 67B)
Class org.gradle.internal.classloader.DefaultClassLoaderFactory                       : loaded 2 times (x 78B)
Class org.gradle.internal.classloader.ClassLoaderVisitor                              : loaded 2 times (x 72B)
Class [Lcom.google.common.collect.ImmutableMapEntry;                                  : loaded 2 times (x 65B)
Class org.gradle.api.internal.classpath.EffectiveClassPath                            : loaded 2 times (x 86B)
Class com.google.common.collect.ImmutableRangeSet                                     : loaded 2 times (x 111B)
Class com.google.common.collect.ListMultimap                                          : loaded 2 times (x 66B)
Class com.google.common.collect.ImmutableEnumMap                                      : loaded 2 times (x 122B)
Class com.google.common.collect.ImmutableSet$SerializedForm                           : loaded 2 times (x 69B)
Class com.google.common.collect.Sets$1                                                : loaded 2 times (x 135B)
Class org.objectweb.asm.AnnotationVisitor                                             : loaded 2 times (x 74B)
Class org.gradle.api.internal.DefaultClassPathProvider                                : loaded 2 times (x 72B)
Class com.google.common.collect.Sets$2                                                : loaded 2 times (x 135B)
Class [Lorg.gradle.api.internal.ClassPathProvider;                                    : loaded 2 times (x 65B)
Class org.gradle.api.internal.ClassPathProvider                                       : loaded 2 times (x 66B)
Class com.google.common.collect.Sets$3                                                : loaded 2 times (x 135B)
Class com.google.common.util.concurrent.AbstractFuture$SafeAtomicHelper               : loaded 2 times (x 75B)
Class com.google.common.cache.LocalCache$LocalLoadingCache                            : loaded 2 times (x 130B)
Class org.gradle.internal.service.UnknownServiceException                             : loaded 2 times (x 79B)
Class com.google.common.io.ByteArrayDataInput                                         : loaded 2 times (x 66B)
Class com.google.common.collect.Sets$4                                                : loaded 2 times (x 135B)
Class org.objectweb.asm.ModuleVisitor                                                 : loaded 2 times (x 77B)
Class com.google.common.cache.LocalCache$Strength$1                                   : loaded 2 times (x 77B)
Class com.google.common.util.concurrent.SettableFuture                                : loaded 2 times (x 110B)
Class com.google.common.cache.LocalCache$Strength$2                                   : loaded 2 times (x 77B)
Class ijJvmDebugger1_2d2zy2l2jaf97h9hwbkepauhd                                        : loaded 2 times (x 175B)
Class com.google.common.io.ByteStreams                                                : loaded 2 times (x 67B)
Class com.google.common.cache.LocalCache$Strength$3                                   : loaded 2 times (x 77B)
Class com.google.common.collect.MapDifference                                         : loaded 2 times (x 66B)
Class org.objectweb.asm.FieldWriter                                                   : loaded 2 times (x 74B)
Class com.google.common.cache.CacheBuilder$NullListener                               : loaded 2 times (x 78B)
Class org.gradle.internal.classpath.TransformedClassPath                              : loaded 2 times (x 92B)
Class org.gradle.internal.classloader.InstrumentingClassLoader                        : loaded 2 times (x 66B)
Class com.google.common.collect.ImmutableRangeSet$AsSet                               : loaded 2 times (x 296B)
Class com.google.common.cache.CacheLoader$FunctionToCacheLoader                       : loaded 2 times (x 71B)
Class com.google.common.collect.Iterators$ArrayItr                                    : loaded 2 times (x 93B)
Class com.google.common.collect.ImmutableCollection$Builder                           : loaded 2 times (x 72B)
Class com.google.common.base.Joiner                                                   : loaded 2 times (x 75B)
Class com.google.common.base.MoreObjects                                              : loaded 2 times (x 67B)
Class com.google.common.collect.Platform                                              : loaded 2 times (x 67B)
Class [Lorg.objectweb.asm.Type;                                                       : loaded 2 times (x 65B)
Class com.google.common.collect.UnmodifiableIterator                                  : loaded 2 times (x 76B)
Class org.gradle.internal.service.ServiceLocator                                      : loaded 2 times (x 66B)
Class com.google.common.base.Ascii                                                    : loaded 2 times (x 67B)
Class com.google.common.collect.SingletonImmutableBiMap                               : loaded 2 times (x 139B)
Class com.google.common.cache.LocalCache$1                                            : loaded 2 times (x 85B)
Class com.google.common.collect.AbstractMapEntry                                      : loaded 2 times (x 77B)
Class com.google.common.collect.Sets$ImprovedAbstractSet                              : loaded 2 times (x 131B)
Class com.google.common.collect.ImmutableList$Builder                                 : loaded 2 times (x 73B)
Class com.google.common.collect.AbstractMultimap                                      : loaded 2 times (x 119B)
Class com.google.common.cache.LocalCache$2                                            : loaded 2 times (x 138B)
Class com.google.common.collect.ImmutableRangeSet$1                                   : loaded 2 times (x 206B)
Class com.google.common.util.concurrent.AbstractFuture$UnsafeAtomicHelper$1           : loaded 2 times (x 72B)
Class com.google.common.collect.RegularImmutableAsList                                : loaded 2 times (x 213B)
Class ijKotlinCoroutineJvmDebugInit1_c3hqpme7v1s15fct5nfqq0jo1$_run_closure1          : loaded 2 times (x 135B)
Class com.google.common.collect.Range                                                 : loaded 2 times (x 83B)
Class com.google.common.util.concurrent.AbstractFuture$Trusted                        : loaded 2 times (x 66B)
Class com.google.common.collect.Iterators                                             : loaded 2 times (x 67B)
Class com.google.common.collect.Lists$StringAsImmutableList                           : loaded 2 times (x 203B)
Class com.google.common.util.concurrent.UncheckedExecutionException                   : loaded 2 times (x 78B)
Class org.gradle.kotlin.dsl.VersionCatalogAccessorsKt                                 : loaded 2 times (x 67B)
Class ijKotlinCoroutineJvmDebugInit1_c3hqpme7v1s15fct5nfqq0jo1                        : loaded 2 times (x 175B)
Class org.gradle.internal.InternalTransformer                                         : loaded 2 times (x 66B)
Class com.google.common.collect.AbstractMapBasedMultimap$KeySet$1                     : loaded 2 times (x 78B)
Class org.objectweb.asm.ClassWriter                                                   : loaded 2 times (x 102B)
Class com.google.common.base.CharMatcher$And                                          : loaded 2 times (x 108B)
Class com.google.common.cache.CacheLoader$UnsupportedLoadingOperationException        : loaded 2 times (x 78B)
Class org.gradle.internal.classloader.ClasspathUtil$1                                 : loaded 2 times (x 72B)
Class com.google.common.base.Objects                                                  : loaded 2 times (x 67B)
Class org.objectweb.asm.FieldVisitor                                                  : loaded 2 times (x 73B)
Class com.google.common.collect.IndexedImmutableSet                                   : loaded 2 times (x 148B)
Class com.google.common.collect.ImmutableMap$1                                        : loaded 2 times (x 77B)
Class com.google.common.collect.BiMap                                                 : loaded 2 times (x 66B)
Class org.gradle.api.internal.classpath.DefaultModuleRegistry$DefaultModule           : loaded 2 times (x 82B)
Class com.google.common.primitives.Ints                                               : loaded 2 times (x 67B)
Class com.google.common.collect.AbstractIterator                                      : loaded 2 times (x 78B)
Class com.google.common.collect.RegularImmutableMap$KeySet                            : loaded 2 times (x 148B)
Class com.google.common.collect.Multiset                                              : loaded 2 times (x 66B)
Class com.google.common.collect.ArrayListMultimapGwtSerializationDependencies         : loaded 2 times (x 168B)
Class com.google.common.collect.AbstractIndexedListIterator                           : loaded 2 times (x 92B)
Class com.google.common.math.MathPreconditions                                        : loaded 2 times (x 67B)
Class com.google.common.collect.ImmutableMapEntrySet                                  : loaded 2 times (x 148B)
Class org.gradle.api.internal.classpath.Module                                        : loaded 2 times (x 66B)
Class com.google.common.cache.Weigher                                                 : loaded 2 times (x 66B)
Class org.gradle.api.internal.classpath.UnknownModuleException                        : loaded 2 times (x 78B)
Class com.google.common.base.Stopwatch                                                : loaded 2 times (x 68B)
Class com.google.common.cache.LocalCache$Strength                                     : loaded 2 times (x 77B)
Class com.google.common.cache.Cache                                                   : loaded 2 times (x 66B)
Class com.google.common.util.concurrent.AbstractFuture$Cancellation                   : loaded 2 times (x 68B)
Class com.google.common.collect.ImmutableMap$Builder                                  : loaded 2 times (x 78B)
Class com.google.common.cache.RemovalListener                                         : loaded 2 times (x 66B)
Class org.gradle.api.internal.DefaultClassPathRegistry                                : loaded 2 times (x 72B)
Class com.google.common.primitives.IntsMethodsForWeb                                  : loaded 2 times (x 67B)
Class com.google.common.collect.Multimap                                              : loaded 2 times (x 66B)
Class org.gradle.api.internal.ClassPathRegistry                                       : loaded 2 times (x 66B)
Class org.gradle.internal.classpath.DefaultClassPath$ImmutableUniqueList              : loaded 2 times (x 195B)
Class com.google.common.base.ExtraObjectsMethodsForWeb                                : loaded 2 times (x 67B)
Class com.google.common.base.Equivalence$Identity                                     : loaded 2 times (x 78B)
Class com.google.common.cache.CacheBuilder                                            : loaded 2 times (x 68B)
Class com.google.common.collect.SingletonImmutableList                                : loaded 2 times (x 203B)
Class Settings_gradle$1                                                               : loaded 2 times (x 70B)
Class org.gradle.internal.classpath.ClassPath                                         : loaded 2 times (x 66B)
Class org.gradle.api.UncheckedIOException                                             : loaded 2 times (x 78B)
Class com.google.common.base.JdkPattern                                               : loaded 2 times (x 71B)
Class com.google.common.collect.ImmutableList$ReverseImmutableList                    : loaded 2 times (x 205B)
Class org.objectweb.asm.SymbolTable$Entry                                             : loaded 2 times (x 70B)
Class com.google.common.util.concurrent.AbstractFuture$AtomicHelper                   : loaded 2 times (x 74B)
Class org.objectweb.asm.Edge                                                          : loaded 2 times (x 68B)
Class com.google.common.base.Suppliers$SupplierOfInstance                             : loaded 2 times (x 75B)
Class com.google.common.collect.Iterators$1                                           : loaded 2 times (x 77B)
Class com.google.common.cache.LocalCache$ComputingValueReference                      : loaded 2 times (x 92B)
Class com.google.common.collect.SingletonImmutableSet                                 : loaded 2 times (x 142B)
Class com.google.common.collect.ImmutableMap$IteratorBasedImmutableMap                : loaded 2 times (x 122B)
Class ijJvmDebugger1_2d2zy2l2jaf97h9hwbkepauhd$_run_closure1$_closure2                : loaded 2 times (x 136B)
Class com.google.common.cache.LocalCache$Segment                                      : loaded 2 times (x 150B)
Class com.google.common.collect.SortedIterable                                        : loaded 2 times (x 66B)
Class com.google.common.collect.AbstractListMultimap                                  : loaded 2 times (x 168B)
Class [Lorg.objectweb.asm.SymbolTable$Entry;                                          : loaded 2 times (x 65B)
Class com.google.common.cache.CacheLoader                                             : loaded 2 times (x 70B)
Class com.google.common.collect.Iterators$4                                           : loaded 2 times (x 78B)
Class com.google.common.collect.ImmutableBiMap                                        : loaded 2 times (x 139B)
Class org.gradle.internal.installation.GradleInstallation$1                           : loaded 2 times (x 71B)
Class org.gradle.api.internal.classpath.ModuleRegistry                                : loaded 2 times (x 66B)
Class com.google.common.util.concurrent.internal.InternalFutureFailureAccess          : loaded 2 times (x 68B)
Class com.google.common.collect.Iterators$5                                           : loaded 2 times (x 78B)
Class com.google.common.collect.ImmutableSet$JdkBackedSetBuilderImpl                  : loaded 2 times (x 72B)
Class com.google.common.util.concurrent.AbstractFuture$UnsafeAtomicHelper             : loaded 2 times (x 74B)
Class com.google.common.base.CharMatcher$ForPredicate                                 : loaded 2 times (x 108B)
Class com.google.common.cache.LocalCache$LocalManualCache$1                           : loaded 2 times (x 71B)
Class com.google.common.base.CharMatcher$AnyOf                                        : loaded 2 times (x 108B)
Class com.google.common.collect.ImmutableCollection                                   : loaded 2 times (x 121B)
Class org.gradle.api.internal.classpath.DefaultModuleRegistry                         : loaded 2 times (x 82B)
Class com.google.common.collect.Lists                                                 : loaded 2 times (x 67B)
Class com.google.common.util.concurrent.ListenableFuture                              : loaded 2 times (x 66B)
Class com.google.common.cache.ReferenceEntry                                          : loaded 2 times (x 66B)
Class com.google.common.base.Converter                                                : loaded 2 times (x 86B)
Class com.google.common.collect.ImmutableSet$CachingAsList                            : loaded 2 times (x 144B)
Class com.google.common.collect.AbstractMapBasedMultimap                              : loaded 2 times (x 135B)
Class com.google.common.util.concurrent.AbstractFuture                                : loaded 2 times (x 102B)
Class com.google.common.base.FunctionalEquivalence                                    : loaded 2 times (x 79B)
Class com.google.common.collect.Iterators$9                                           : loaded 2 times (x 77B)
Class com.google.common.collect.ImmutableAsList                                       : loaded 2 times (x 205B)
Class org.objectweb.asm.RecordComponentVisitor                                        : loaded 2 times (x 73B)
Class com.google.common.cache.CacheLoader$SupplierToCacheLoader                       : loaded 2 times (x 71B)
Class com.google.common.collect.Maps$EntryTransformer                                 : loaded 2 times (x 66B)
Class org.gradle.internal.service.ServiceLookupException                              : loaded 2 times (x 78B)
Class com.google.common.collect.ImmutableSortedSet                                    : loaded 2 times (x 296B)
Class [Lcom.google.common.cache.LocalCache$EntryFactory;                              : loaded 2 times (x 65B)
Class org.gradle.internal.classloader.ClassLoaderFactory                              : loaded 2 times (x 66B)
Class com.google.common.base.CommonPattern                                            : loaded 2 times (x 70B)
Class com.google.common.base.CharMatcher$IsNot                                        : loaded 2 times (x 107B)
Class com.google.common.cache.LocalCache$LocalManualCache                             : loaded 2 times (x 95B)
Class org.gradle.internal.service.CachingServiceLocator                               : loaded 2 times (x 78B)
Class com.google.common.collect.AbstractMapBasedMultimap$KeySet                       : loaded 2 times (x 133B)
Class com.google.common.collect.RegularImmutableSortedSet                             : loaded 2 times (x 296B)
Class com.google.common.math.IntMath                                                  : loaded 2 times (x 67B)
Class com.google.common.collect.ImmutableMapEntry                                     : loaded 2 times (x 81B)
Class com.google.common.base.Equivalence                                              : loaded 2 times (x 78B)
Class com.google.common.base.Function                                                 : loaded 2 times (x 66B)
Class com.google.common.collect.ImmutableMapEntry$NonTerminalImmutableMapEntry        : loaded 2 times (x 81B)
Class com.google.common.collect.IndexedImmutableSet$1                                 : loaded 2 times (x 209B)
Class com.google.common.cache.CacheBuilder$OneWeigher                                 : loaded 2 times (x 78B)
Class com.google.common.collect.RegularImmutableList                                  : loaded 2 times (x 209B)
Class org.gradle.internal.classloader.ClasspathUtil                                   : loaded 2 times (x 67B)
Class com.google.common.base.Charsets                                                 : loaded 2 times (x 67B)
Class com.google.common.util.concurrent.Uninterruptibles                              : loaded 2 times (x 67B)
Class com.google.common.collect.Maps                                                  : loaded 2 times (x 67B)
Class org.gradle.api.specs.Spec                                                       : loaded 2 times (x 66B)
Class [Lcom.google.common.collect.ImmutableEntry;                                     : loaded 2 times (x 65B)
Class ijKotlinCoroutineJvmDebugInit1_c3hqpme7v1s15fct5nfqq0jo1$_run_closure1$_closure2: loaded 2 times (x 135B)
Class com.google.common.cache.LocalCache$LoadingValueReference                        : loaded 2 times (x 92B)
Class com.google.common.collect.ObjectArrays                                          : loaded 2 times (x 67B)
Class com.google.common.base.Platform                                                 : loaded 2 times (x 67B)
Class com.google.common.collect.Maps$8                                                : loaded 2 times (x 78B)
Class com.google.common.collect.ImmutableRangeSet$Builder                             : loaded 2 times (x 73B)
Class com.google.common.collect.Sets$SetView                                          : loaded 2 times (x 134B)
Class com.google.common.cache.LocalCache$StrongValueReference                         : loaded 2 times (x 86B)
Class com.google.common.util.concurrent.AbstractFuture$SynchronizedHelper             : loaded 2 times (x 74B)
Class org.objectweb.asm.Type                                                          : loaded 2 times (x 68B)
Class org.gradle.internal.classloader.VisitableURLClassLoader$InstrumentingVisitableURLClassLoader: loaded 2 times (x 119B)
Class org.objectweb.asm.ByteVector                                                    : loaded 2 times (x 75B)
Class [Lcom.google.common.cache.CacheBuilder$NullListener;                            : loaded 2 times (x 65B)
Class com.google.common.math.IntMath$1                                                : loaded 2 times (x 67B)
Class org.gradle.internal.classloader.VisitableURLClassLoader$Spec                    : loaded 2 times (x 70B)
Class org.gradle.internal.classpath.DefaultClassPath                                  : loaded 2 times (x 86B)
Class org.objectweb.asm.Symbol                                                        : loaded 2 times (x 69B)
Class com.google.common.io.Closer                                                     : loaded 2 times (x 74B)
Class com.google.common.base.CharMatcher$Ascii                                        : loaded 2 times (x 108B)
Class com.google.common.base.CharMatcher$BitSetMatcher                                : loaded 2 times (x 108B)
Class com.google.common.collect.RegularImmutableMap$Values                            : loaded 2 times (x 203B)
Class com.google.common.collect.ImmutableSet                                          : loaded 2 times (x 141B)
Class org.gradle.internal.classloader.ClassLoaderSpec                                 : loaded 2 times (x 67B)
Class org.objectweb.asm.AnnotationWriter                                              : loaded 2 times (x 75B)
Class com.google.common.cache.CacheStats                                              : loaded 2 times (x 67B)
Class com.google.common.io.Closer$Suppressor                                          : loaded 2 times (x 66B)
Class org.objectweb.asm.RecordComponentWriter                                         : loaded 2 times (x 74B)
Class com.google.common.util.concurrent.AbstractFuture$Listener                       : loaded 2 times (x 68B)
Class com.google.common.base.CharMatcher$Or                                           : loaded 2 times (x 108B)
Class Settings_gradle$1$1                                                             : loaded 2 times (x 70B)
Class org.objectweb.asm.Attribute                                                     : loaded 2 times (x 73B)
Class com.google.common.base.Supplier                                                 : loaded 2 times (x 66B)
Class org.gradle.internal.classloader.VisitableURLClassLoader                         : loaded 2 times (x 113B)
Class com.google.common.util.concurrent.AbstractFuture$Waiter                         : loaded 2 times (x 68B)
Class Settings_gradle                                                                 : loaded 2 times (x 124B)
Class org.gradle.internal.Cast                                                        : loaded 2 times (x 67B)
Class org.gradle.api.Action                                                           : loaded 2 times (x 66B)
Class com.google.common.base.Strings                                                  : loaded 2 times (x 67B)
Class com.google.common.collect.Sets                                                  : loaded 2 times (x 67B)
Class org.objectweb.asm.Handler                                                       : loaded 2 times (x 68B)
Class com.google.common.base.CharMatcher$FastMatcher                                  : loaded 2 times (x 107B)
Class com.google.common.base.Ticker                                                   : loaded 2 times (x 68B)
Class [Lcom.google.common.cache.LocalCache$Segment;                                   : loaded 2 times (x 65B)
Class com.google.common.base.Predicate                                                : loaded 2 times (x 66B)
Class [Lcom.google.common.cache.LocalCache$Strength;                                  : loaded 2 times (x 65B)
Class com.google.common.cache.CacheBuilder$1                                          : loaded 2 times (x 81B)
Class com.google.common.collect.ImmutableMap                                          : loaded 2 times (x 116B)
Class org.gradle.internal.classpath.DefaultClassPath$ImmutableUniqueList$Builder      : loaded 2 times (x 71B)
Class com.google.common.collect.AbstractRangeSet                                      : loaded 2 times (x 110B)
Class com.google.common.base.CharMatcher$NegatedFastMatcher                           : loaded 2 times (x 109B)
Class com.google.common.cache.LocalCache                                              : loaded 2 times (x 183B)
Class com.google.common.cache.CacheBuilder$2                                          : loaded 2 times (x 75B)
Class com.google.common.collect.ArrayListMultimap                                     : loaded 2 times (x 168B)
Class com.google.common.cache.CacheBuilder$3                                          : loaded 2 times (x 68B)
Class [Lcom.google.common.collect.AbstractMapEntry;                                   : loaded 2 times (x 65B)
Class com.google.common.collect.ImmutableEntry                                        : loaded 2 times (x 78B)
Class org.gradle.api.GradleException                                                  : loaded 2 times (x 78B)
Class com.google.common.base.Suppliers$MemoizingSupplier                              : loaded 2 times (x 75B)
Class com.google.common.collect.CollectPreconditions                                  : loaded 2 times (x 67B)
Class com.google.common.collect.SortedMapDifference                                   : loaded 2 times (x 66B)
Class com.google.common.cache.LocalCache$EntryFactory                                 : loaded 2 times (x 79B)
Class com.google.common.cache.LocalCache$AbstractReferenceEntry                       : loaded 2 times (x 103B)
Class org.gradle.internal.IoActions                                                   : loaded 2 times (x 67B)
Class com.google.common.collect.ImmutableRangeSet$ComplementRanges                    : loaded 2 times (x 203B)
Class org.objectweb.asm.SymbolTable                                                   : loaded 2 times (x 68B)
Class com.google.common.cache.CacheLoader$InvalidCacheLoadException                   : loaded 2 times (x 78B)
Class com.google.common.collect.ImmutableSet$RegularSetBuilderImpl                    : loaded 2 times (x 73B)
Class org.gradle.internal.classloader.SystemClassLoaderSpec                           : loaded 2 times (x 67B)
Class com.google.common.cache.LocalCache$StrongEntry                                  : loaded 2 times (x 104B)
Class com.google.common.util.concurrent.AbstractFuture$TrustedFuture                  : loaded 2 times (x 110B)
Class com.google.common.cache.LoadingCache                                            : loaded 2 times (x 66B)
Class com.google.common.io.ByteStreams$LimitedInputStream                             : loaded 2 times (x 88B)
Class com.google.common.base.Suppliers$NonSerializableMemoizingSupplier               : loaded 2 times (x 75B)
Class org.objectweb.asm.MethodWriter                                                  : loaded 2 times (x 102B)
Class [Lcom.google.common.cache.Weigher;                                              : loaded 2 times (x 65B)
Class com.google.common.collect.RegularImmutableMap$BucketOverflowException           : loaded 2 times (x 78B)
Class ijJvmDebugger1_2d2zy2l2jaf97h9hwbkepauhd$_run_closure1                          : loaded 2 times (x 135B)
Class com.google.common.collect.RegularImmutableBiMap                                 : loaded 2 times (x 145B)
Class com.google.common.base.CharMatcher$Negated                                      : loaded 2 times (x 109B)
Class com.google.common.base.CharMatcher$Is                                           : loaded 2 times (x 107B)
Class com.google.common.cache.LocalCache$ValueReference                               : loaded 2 times (x 66B)
Class com.google.common.base.PatternCompiler                                          : loaded 2 times (x 66B)
Class com.google.common.util.concurrent.AbstractFuture$Failure                        : loaded 2 times (x 68B)
Class com.google.common.base.Equivalence$Equals                                       : loaded 2 times (x 78B)
Class com.google.common.collect.Hashing                                               : loaded 2 times (x 67B)
Class com.google.common.base.Preconditions                                            : loaded 2 times (x 67B)
Class com.google.common.base.Joiner$1                                                 : loaded 2 times (x 76B)
Class org.objectweb.asm.Label                                                         : loaded 2 times (x 69B)
Class org.objectweb.asm.CurrentFrame                                                  : loaded 2 times (x 69B)
Class org.objectweb.asm.ClassTooLargeException                                        : loaded 2 times (x 79B)
Class com.google.common.base.CharMatcher                                              : loaded 2 times (x 107B)
Class com.google.common.collect.PeekingIterator                                       : loaded 2 times (x 66B)
Class com.google.common.collect.Maps$IteratorBasedAbstractMap                         : loaded 2 times (x 121B)
Class com.google.common.collect.RangeGwtSerializationDependencies                     : loaded 2 times (x 67B)
Class com.google.common.base.Joiner$2                                                 : loaded 2 times (x 75B)
Class org.objectweb.asm.Frame                                                         : loaded 2 times (x 69B)
Class org.objectweb.asm.MethodVisitor                                                 : loaded 2 times (x 101B)
Class com.google.common.base.CharMatcher$NamedFastMatcher                             : loaded 2 times (x 108B)
Class com.google.common.base.CharMatcher$1                                            : loaded 2 times (x 109B)
Class com.google.common.cache.LocalCache$EntryFactory$1                               : loaded 2 times (x 79B)
Class [Lcom.google.common.cache.RemovalListener;                                      : loaded 2 times (x 65B)
Class com.google.common.collect.RangeSet                                              : loaded 2 times (x 66B)
Class com.google.common.cache.LocalCache$EntryFactory$2                               : loaded 2 times (x 79B)
Class org.gradle.api.internal.classpath.GlobalCacheRootsProvider                      : loaded 2 times (x 66B)
Class com.google.common.collect.CollectCollectors                                     : loaded 2 times (x 67B)
Class org.objectweb.asm.ModuleWriter                                                  : loaded 2 times (x 78B)
Class com.google.common.cache.LocalCache$EntryFactory$3                               : loaded 2 times (x 79B)
Class com.google.common.base.Ticker$1                                                 : loaded 2 times (x 68B)
Class com.google.common.collect.Maps$BiMapConverter                                   : loaded 2 times (x 86B)
Class com.google.common.collect.ImmutableMapEntrySet$RegularEntrySet                  : loaded 2 times (x 148B)
Class com.google.common.base.CharMatcher$InRange                                      : loaded 2 times (x 107B)
Class com.google.common.cache.LocalCache$EntryFactory$4                               : loaded 2 times (x 79B)
Class com.google.common.collect.ImmutableSet$Builder                                  : loaded 2 times (x 81B)
Class com.google.common.io.ByteStreams$1                                              : loaded 2 times (x 81B)
Class com.google.common.cache.LocalCache$EntryFactory$5                               : loaded 2 times (x 79B)
Class com.google.common.base.PairwiseEquivalence                                      : loaded 2 times (x 79B)
Class com.google.common.cache.LocalCache$EntryFactory$6                               : loaded 2 times (x 79B)
Class org.gradle.internal.installation.CurrentGradleInstallationLocator               : loaded 2 times (x 67B)
Class com.google.common.collect.Maps$KeySet                                           : loaded 2 times (x 133B)
Class com.google.common.cache.LocalCache$EntryFactory$7                               : loaded 2 times (x 79B)
Class com.google.common.collect.ImmutableSet$EmptySetBuilderImpl                      : loaded 2 times (x 72B)
Class com.google.common.collect.ImmutableList                                         : loaded 2 times (x 202B)
Class org.gradle.internal.service.DefaultServiceLocator                               : loaded 2 times (x 79B)
Class com.google.common.cache.LocalCache$EntryFactory$8                               : loaded 2 times (x 79B)
Class com.google.common.collect.ImmutableSet$SetBuilderImpl                           : loaded 2 times (x 72B)
Class org.gradle.internal.installation.CurrentGradleInstallation                      : loaded 2 times (x 69B)
Class com.google.common.cache.CacheLoader$1                                           : loaded 2 times (x 71B)
Class com.google.common.collect.ForwardingObject                                      : loaded 2 times (x 68B)
Class com.google.common.collect.ImmutableList$SubList                                 : loaded 2 times (x 205B)
Class org.gradle.util.internal.GUtil                                                  : loaded 2 times (x 67B)
Class com.google.common.util.concurrent.AbstractFuture$SetFuture                      : loaded 2 times (x 71B)
Class com.google.common.cache.AbstractCache$StatsCounter                              : loaded 2 times (x 66B)
Class com.google.common.collect.Iterators$MergingIterator                             : loaded 2 times (x 77B)
Class com.google.common.collect.RegularImmutableSet                                   : loaded 2 times (x 145B)
Class org.gradle.internal.installation.GradleInstallation                             : loaded 2 times (x 71B)
Class com.google.common.collect.Iterables                                             : loaded 2 times (x 67B)

---------------  S Y S T E M  ---------------

OS:
 Windows 11 , 64 bit Build 26100 (10.0.26100.7309)
OS uptime: 0 days 0:08 hours
Hyper-V role detected

CPU: total 8 (initial active 8) (4 cores per cpu, 2 threads per core) family 6 model 140 stepping 1 microcode 0x86, cx8, cmov, fxsr, ht, mmx, 3dnowpref, sse, sse2, sse3, ssse3, sse4.1, sse4.2, popcnt, lzcnt, tsc, tscinvbit, avx, avx2, aes, erms, clmul, bmi1, bmi2, adx, avx512f, avx512dq, avx512cd, avx512bw, avx512vl, sha, fma, vzeroupper, avx512_vpopcntdq, avx512_vpclmulqdq, avx512_vaes, avx512_vnni, clflush, clflushopt, clwb, avx512_vbmi2, avx512_vbmi, hv, rdtscp, rdpid, fsrm, gfni, avx512_bitalg, f16c, cet_ibt, cet_ss, avx512_ifma
Processor Information for the first 8 processors :
  Max Mhz: 2419, Current Mhz: 2419, Mhz Limit: 2419

Memory: 4k page, system-wide physical 7886M (582M free)
TotalPageFile size 14755M (AvailPageFile size 109M)
current process WorkingSet (physical memory assigned to process): 744M, peak: 747M
current process commit charge ("private bytes"): 798M, peak: 1100M

vm_info: OpenJDK 64-Bit Server VM (21.0.6+-13391695-b895.109) for windows-amd64 JRE (21.0.6+-13391695-b895.109), built on 2025-04-22T21:19:17Z by "builder" with MS VC++ 16.10 / 16.11 (VS2019)

END.
