#
# There is insufficient memory for the Java Runtime Environment to continue.
# Native memory allocation (mmap) failed to map 46137344 bytes. Error detail: G1 virtual space
# Possible reasons:
#   The system is out of physical RAM or swap space
#   This process is running with CompressedOops enabled, and the Java Heap may be blocking the growth of the native heap
# Possible solutions:
#   Reduce memory load on the system
#   Increase physical memory or swap space
#   Check if swap backing store is full
#   Decrease Java heap size (-Xmx/-Xms)
#   Decrease number of Java threads
#   Decrease Java thread stack sizes (-Xss)
#   Set larger code cache with -XX:ReservedCodeCacheSize=
#   JVM is running with Unscaled Compressed Oops mode in which the Java heap is
#     placed in the first 4GB address space. The Java Heap base address is the
#     maximum limit for the native heap growth. Please use -XX:HeapBaseMinAddress
#     to set the Java Heap base and to place the Java Heap above 4GB virtual address.
# This output file may be truncated or incomplete.
#
#  Out of Memory Error (os_windows.cpp:3898), pid=13176, tid=18148
#
# JRE version: OpenJDK Runtime Environment (21.0.6) (build 21.0.6+-13391695-b895.109)
# Java VM: OpenJDK 64-Bit Server VM (21.0.6+-13391695-b895.109, mixed mode, tiered, compressed oops, compressed class ptrs, g1 gc, windows-amd64)
# No core dump will be written. Minidumps are not enabled by default on client versions of Windows
#

---------------  S U M M A R Y ------------

Command Line: --add-opens=java.base/java.lang=ALL-UNNAMED --add-opens=java.base/java.lang.invoke=ALL-UNNAMED --add-opens=java.base/java.util=ALL-UNNAMED --add-opens=java.prefs/java.util.prefs=ALL-UNNAMED --add-exports=jdk.compiler/com.sun.tools.javac.api=ALL-UNNAMED --add-exports=jdk.compiler/com.sun.tools.javac.util=ALL-UNNAMED --add-opens=java.base/java.util=ALL-UNNAMED --add-opens=java.prefs/java.util.prefs=ALL-UNNAMED --add-opens=java.base/java.nio.charset=ALL-UNNAMED --add-opens=java.base/java.net=ALL-UNNAMED --add-opens=java.base/java.util.concurrent.atomic=ALL-UNNAMED --add-opens=java.xml/javax.xml.namespace=ALL-UNNAMED -Xmx2048m -Dfile.encoding=UTF-8 -Duser.country=ID -Duser.language=en -Duser.variant -javaagent:C:\Users\asus8\.gradle\wrapper\dists\gradle-8.13-bin\5xuhj0ry160q40clulazy9h7d\gradle-8.13\lib\agents\gradle-instrumentation-agent-8.13.jar org.gradle.launcher.daemon.bootstrap.GradleDaemon 8.13

Host: 11th Gen Intel(R) Core(TM) i5-1135G7 @ 2.40GHz, 8 cores, 7G,  Windows 11 , 64 bit Build 26100 (10.0.26100.7309)
Time: Fri Dec  5 23:42:49 2025 SE Asia Standard Time elapsed time: 64.319838 seconds (0d 0h 1m 4s)

---------------  T H R E A D  ---------------

Current thread (0x000002bcdd7cb0d0):  VMThread "VM Thread"          [id=18148, stack(0x000000ccfa400000,0x000000ccfa500000) (1024K)]

Stack: [0x000000ccfa400000,0x000000ccfa500000]
Native frames: (J=compiled Java code, j=interpreted, Vv=VM code, C=native code)
V  [jvm.dll+0x6d0639]
V  [jvm.dll+0x85eb03]
V  [jvm.dll+0x86105e]
V  [jvm.dll+0x861743]
V  [jvm.dll+0x27e6e6]
V  [jvm.dll+0x6ccfd5]
V  [jvm.dll+0x6c0a8a]
V  [jvm.dll+0x35537b]
V  [jvm.dll+0x35cfd6]
V  [jvm.dll+0x3aef86]
V  [jvm.dll+0x3af258]
V  [jvm.dll+0x327a2c]
V  [jvm.dll+0x327ab7]
V  [jvm.dll+0x36d93c]
V  [jvm.dll+0x36c0ee]
V  [jvm.dll+0x327181]
V  [jvm.dll+0x36b7f0]
V  [jvm.dll+0x8674c8]
V  [jvm.dll+0x868844]
V  [jvm.dll+0x868d80]
V  [jvm.dll+0x869013]
V  [jvm.dll+0x806ed8]
V  [jvm.dll+0x6cef0d]
C  [ucrtbase.dll+0x37b0]
C  [KERNEL32.DLL+0x2e8d7]
C  [ntdll.dll+0x8c53c]

VM_Operation (0x000000ccffff8310): G1CollectForAllocation, mode: safepoint, requested by thread 0x000002bce8bda550


---------------  P R O C E S S  ---------------

Threads class SMR info:
_java_thread_list=0x000002bcee3ae940, length=148, elements={
0x000002bcc5f7dbc0, 0x000002bcdd83b140, 0x000002bcdd83bb90, 0x000002bcdd83d590,
0x000002bcdd817e40, 0x000002bcdd818890, 0x000002bcdd823650, 0x000002bcdd8240a0,
0x000002bcdd85dc10, 0x000002bcdd9daca0, 0x000002bcddbae730, 0x000002bcddad1ca0,
0x000002bce206d6d0, 0x000002bce2f20ce0, 0x000002bce221c200, 0x000002bce37c6fe0,
0x000002bce22a6f80, 0x000002bce2370ad0, 0x000002bce3b24e50, 0x000002bce3821420,
0x000002bce3822140, 0x000002bce38234f0, 0x000002bce3820d90, 0x000002bce38227d0,
0x000002bce3821ab0, 0x000002bce3822e60, 0x000002bce3820070, 0x000002bce3820700,
0x000002bce60b7810, 0x000002bce60b8530, 0x000002bce60b5dd0, 0x000002bce60b6460,
0x000002bce60b7ea0, 0x000002bce60b98e0, 0x000002bce60b6af0, 0x000002bce60ba600,
0x000002bce60bcd60, 0x000002bce60bac90, 0x000002bce60bc6d0, 0x000002bce60bb320,
0x000002bce60bc040, 0x000002bce60bd3f0, 0x000002bce60bb9b0, 0x000002bce70b8e30,
0x000002bce70b94c0, 0x000002bce70b7a80, 0x000002bce70b6d60, 0x000002bce70b66d0,
0x000002bce70ba870, 0x000002bce70b9b50, 0x000002bce70b8110, 0x000002bce70ba1e0,
0x000002bce70bbc20, 0x000002bce70b87a0, 0x000002bce70bcfd0, 0x000002bce70bc940,
0x000002bce70bc2b0, 0x000002bce70bd660, 0x000002bce70bdcf0, 0x000002bce3a09680,
0x000002bce3a082d0, 0x000002bce3a09d10, 0x000002bce3a07c40, 0x000002bce3a08960,
0x000002bce3a08ff0, 0x000002bce3a075b0, 0x000002bce3a06f20, 0x000002bce3a0bde0,
0x000002bce3a0deb0, 0x000002bce3a0b750, 0x000002bce3a0c470, 0x000002bce3a0b0c0,
0x000002bce3a0cb00, 0x000002bce3feb4b0, 0x000002bce3fec1d0, 0x000002bce3feefc0,
0x000002bce6464100, 0x000002bce6464790, 0x000002bce8bdabe0, 0x000002bce8bdb270,
0x000002bce8bd91a0, 0x000002bce8bda550, 0x000002bce8bdb900, 0x000002bce8bdc620,
0x000002bce8bdccb0, 0x000002bce8bdbf90, 0x000002bce8bd9ec0, 0x000002bcee28bb00,
0x000002bcee28a0c0, 0x000002bcee28ceb0, 0x000002bcee28ade0, 0x000002bcee28b470,
0x000002bcee289a30, 0x000002bcee28d540, 0x000002bcee28a750, 0x000002bcee2909c0,
0x000002bcee291050, 0x000002bcee28e260, 0x000002bcee290330, 0x000002bcee28e8f0,
0x000002bcee28ef80, 0x000002bcee28fca0, 0x000002bce8bd5d20, 0x000002bce8bd6a40,
0x000002bce8bd63b0, 0x000002bce8bd70d0, 0x000002bce8bd8480, 0x000002bce8bd8b10,
0x000002bce8bd7760, 0x000002bce8bd7df0, 0x000002bce8bd5690, 0x000002bce6464e20,
0x000002bce64619a0, 0x000002bce64654b0, 0x000002bce6465b40, 0x000002bce64661d0,
0x000002bce3fe9a70, 0x000002bce3fee2a0, 0x000002bce3fef650, 0x000002bced33ec00,
0x000002bced33cb30, 0x000002bced33f290, 0x000002bced33d1c0, 0x000002bced33be10,
0x000002bced33d850, 0x000002bced33dee0, 0x000002bced33f920, 0x000002bced33c4a0,
0x000002bced33ffb0, 0x000002bced340640, 0x000002bced340cd0, 0x000002bced341360,
0x000002bced3419f0, 0x000002bced33e570, 0x000002bce7ca1080, 0x000002bce7c95f50,
0x000002bce7c98020, 0x000002bce7c965e0, 0x000002bce7c986b0, 0x000002bce7c96c70,
0x000002bce7c958c0, 0x000002bcedb04330, 0x000002bcedb079b0, 0x000002bce7c99a60,
0x000002bce7c9a0f0, 0x000002bce7c97990, 0x000002bce7c97300, 0x000002bce7c9c1c0
}

Java Threads: ( => current thread )
  0x000002bcc5f7dbc0 JavaThread "main"                              [_thread_blocked, id=16724, stack(0x000000ccf9d00000,0x000000ccf9e00000) (1024K)]
  0x000002bcdd83b140 JavaThread "Reference Handler"          daemon [_thread_blocked, id=3648, stack(0x000000ccfa500000,0x000000ccfa600000) (1024K)]
  0x000002bcdd83bb90 JavaThread "Finalizer"                  daemon [_thread_blocked, id=3548, stack(0x000000ccfa600000,0x000000ccfa700000) (1024K)]
  0x000002bcdd83d590 JavaThread "Signal Dispatcher"          daemon [_thread_blocked, id=8396, stack(0x000000ccfa700000,0x000000ccfa800000) (1024K)]
  0x000002bcdd817e40 JavaThread "Attach Listener"            daemon [_thread_blocked, id=11552, stack(0x000000ccfa800000,0x000000ccfa900000) (1024K)]
  0x000002bcdd818890 JavaThread "Service Thread"             daemon [_thread_blocked, id=15128, stack(0x000000ccfa900000,0x000000ccfaa00000) (1024K)]
  0x000002bcdd823650 JavaThread "Monitor Deflation Thread"   daemon [_thread_blocked, id=17520, stack(0x000000ccfaa00000,0x000000ccfab00000) (1024K)]
  0x000002bcdd8240a0 JavaThread "C2 CompilerThread0"         daemon [_thread_blocked, id=9784, stack(0x000000ccfab00000,0x000000ccfac00000) (1024K)]
  0x000002bcdd85dc10 JavaThread "C1 CompilerThread0"         daemon [_thread_blocked, id=16732, stack(0x000000ccfac00000,0x000000ccfad00000) (1024K)]
  0x000002bcdd9daca0 JavaThread "Common-Cleaner"             daemon [_thread_blocked, id=18268, stack(0x000000ccfad00000,0x000000ccfae00000) (1024K)]
  0x000002bcddbae730 JavaThread "Notification Thread"        daemon [_thread_blocked, id=4364, stack(0x000000ccfae00000,0x000000ccfaf00000) (1024K)]
  0x000002bcddad1ca0 JavaThread "Daemon health stats"               [_thread_blocked, id=10936, stack(0x000000ccfb500000,0x000000ccfb600000) (1024K)]
  0x000002bce206d6d0 JavaThread "Incoming local TCP Connector on port 57879"        [_thread_in_native, id=11252, stack(0x000000ccfb600000,0x000000ccfb700000) (1024K)]
  0x000002bce2f20ce0 JavaThread "Daemon periodic checks"            [_thread_blocked, id=16564, stack(0x000000ccfb800000,0x000000ccfb900000) (1024K)]
  0x000002bce221c200 JavaThread "Daemon"                            [_thread_blocked, id=8704, stack(0x000000ccfb900000,0x000000ccfba00000) (1024K)]
  0x000002bce37c6fe0 JavaThread "Handler for socket connection from /127.0.0.1:57879 to /127.0.0.1:57880"        [_thread_in_native, id=16548, stack(0x000000ccfba00000,0x000000ccfbb00000) (1024K)]
  0x000002bce22a6f80 JavaThread "Cancel handler"                    [_thread_blocked, id=16168, stack(0x000000ccfbb00000,0x000000ccfbc00000) (1024K)]
  0x000002bce2370ad0 JavaThread "Daemon worker"                     [_thread_blocked, id=8680, stack(0x000000ccfbc00000,0x000000ccfbd00000) (1024K)]
  0x000002bce3b24e50 JavaThread "Asynchronous log dispatcher for DefaultDaemonConnection: socket connection from /127.0.0.1:57879 to /127.0.0.1:57880"        [_thread_blocked, id=11324, stack(0x000000ccfbd00000,0x000000ccfbe00000) (1024K)]
  0x000002bce3821420 JavaThread "Stdin handler"                     [_thread_blocked, id=10540, stack(0x000000ccfbe00000,0x000000ccfbf00000) (1024K)]
  0x000002bce3822140 JavaThread "Daemon client event forwarder"        [_thread_blocked, id=3508, stack(0x000000ccfbf00000,0x000000ccfc000000) (1024K)]
  0x000002bce38234f0 JavaThread "Cache worker for journal cache (C:\Users\asus8\.gradle\caches\journal-1)"        [_thread_blocked, id=13708, stack(0x000000ccfb700000,0x000000ccfb800000) (1024K)]
  0x000002bce3820d90 JavaThread "File lock request listener"        [_thread_in_native, id=16708, stack(0x000000ccfc200000,0x000000ccfc300000) (1024K)]
  0x000002bce38227d0 JavaThread "Cache worker for file hash cache (C:\Users\asus8\.gradle\caches\8.13\fileHashes)"        [_thread_blocked, id=2244, stack(0x000000ccfc400000,0x000000ccfc500000) (1024K)]
  0x000002bce3821ab0 JavaThread "Cache worker for file hash cache (D:\PTB\TB\CareerLink\.gradle\8.13\fileHashes)"        [_thread_blocked, id=15096, stack(0x000000ccfc500000,0x000000ccfc600000) (1024K)]
  0x000002bce3822e60 JavaThread "Cache worker for Build Output Cleanup Cache (D:\PTB\TB\CareerLink\.gradle\buildOutputCleanup)"        [_thread_blocked, id=13212, stack(0x000000ccfc600000,0x000000ccfc700000) (1024K)]
  0x000002bce3820070 JavaThread "File watcher server"        daemon [_thread_blocked, id=18400, stack(0x000000ccfc700000,0x000000ccfc800000) (1024K)]
  0x000002bce3820700 JavaThread "File watcher consumer"      daemon [_thread_blocked, id=300, stack(0x000000ccfc800000,0x000000ccfc900000) (1024K)]
  0x000002bce60b7810 JavaThread "jar transforms"                    [_thread_blocked, id=10732, stack(0x000000ccfc900000,0x000000ccfca00000) (1024K)]
  0x000002bce60b8530 JavaThread "jar transforms Thread 2"           [_thread_blocked, id=9096, stack(0x000000ccfca00000,0x000000ccfcb00000) (1024K)]
  0x000002bce60b5dd0 JavaThread "Cache worker for checksums cache (D:\PTB\TB\CareerLink\.gradle\8.13\checksums)"        [_thread_blocked, id=12000, stack(0x000000ccfcc00000,0x000000ccfcd00000) (1024K)]
  0x000002bce60b6460 JavaThread "Cache worker for file content cache (C:\Users\asus8\.gradle\caches\8.13\fileContent)"        [_thread_blocked, id=7064, stack(0x000000ccfcd00000,0x000000ccfce00000) (1024K)]
  0x000002bce60b7ea0 JavaThread "jar transforms Thread 3"           [_thread_blocked, id=18064, stack(0x000000ccfce00000,0x000000ccfcf00000) (1024K)]
  0x000002bce60b98e0 JavaThread "Cache worker for cache directory md-supplier (C:\Users\asus8\.gradle\caches\8.13\md-supplier)"        [_thread_blocked, id=18328, stack(0x000000ccfcf00000,0x000000ccfd000000) (1024K)]
  0x000002bce60b6af0 JavaThread "Cache worker for cache directory md-rule (C:\Users\asus8\.gradle\caches\8.13\md-rule)"        [_thread_blocked, id=14516, stack(0x000000ccfd000000,0x000000ccfd100000) (1024K)]
  0x000002bce60ba600 JavaThread "Unconstrained build operations"        [_thread_blocked, id=5596, stack(0x000000ccfd100000,0x000000ccfd200000) (1024K)]
  0x000002bce60bcd60 JavaThread "Unconstrained build operations Thread 2"        [_thread_blocked, id=15172, stack(0x000000ccfd200000,0x000000ccfd300000) (1024K)]
  0x000002bce60bac90 JavaThread "Unconstrained build operations Thread 3"        [_thread_blocked, id=3196, stack(0x000000ccfd300000,0x000000ccfd400000) (1024K)]
  0x000002bce60bc6d0 JavaThread "Unconstrained build operations Thread 4"        [_thread_blocked, id=15752, stack(0x000000ccfd400000,0x000000ccfd500000) (1024K)]
  0x000002bce60bb320 JavaThread "Unconstrained build operations Thread 5"        [_thread_blocked, id=11336, stack(0x000000ccfd500000,0x000000ccfd600000) (1024K)]
  0x000002bce60bc040 JavaThread "Unconstrained build operations Thread 6"        [_thread_blocked, id=12312, stack(0x000000ccfd600000,0x000000ccfd700000) (1024K)]
  0x000002bce60bd3f0 JavaThread "Unconstrained build operations Thread 7"        [_thread_blocked, id=15148, stack(0x000000ccfd700000,0x000000ccfd800000) (1024K)]
  0x000002bce60bb9b0 JavaThread "Unconstrained build operations Thread 8"        [_thread_blocked, id=12808, stack(0x000000ccfd800000,0x000000ccfd900000) (1024K)]
  0x000002bce70b8e30 JavaThread "jar transforms Thread 4"           [_thread_blocked, id=11828, stack(0x000000ccfd900000,0x000000ccfda00000) (1024K)]
  0x000002bce70b94c0 JavaThread "jar transforms Thread 5"           [_thread_blocked, id=9512, stack(0x000000ccfda00000,0x000000ccfdb00000) (1024K)]
  0x000002bce70b7a80 JavaThread "Unconstrained build operations Thread 9"        [_thread_blocked, id=2304, stack(0x000000ccfdb00000,0x000000ccfdc00000) (1024K)]
  0x000002bce70b6d60 JavaThread "Unconstrained build operations Thread 10"        [_thread_blocked, id=5008, stack(0x000000ccfdc00000,0x000000ccfdd00000) (1024K)]
  0x000002bce70b66d0 JavaThread "Unconstrained build operations Thread 11"        [_thread_blocked, id=13136, stack(0x000000ccfdd00000,0x000000ccfde00000) (1024K)]
  0x000002bce70ba870 JavaThread "Unconstrained build operations Thread 12"        [_thread_blocked, id=13892, stack(0x000000ccfde00000,0x000000ccfdf00000) (1024K)]
  0x000002bce70b9b50 JavaThread "jar transforms Thread 6"           [_thread_blocked, id=7152, stack(0x000000ccfdf00000,0x000000ccfe000000) (1024K)]
  0x000002bce70b8110 JavaThread "jar transforms Thread 7"           [_thread_blocked, id=18164, stack(0x000000ccfe000000,0x000000ccfe100000) (1024K)]
  0x000002bce70ba1e0 JavaThread "jar transforms Thread 8"           [_thread_blocked, id=15848, stack(0x000000ccfe100000,0x000000ccfe200000) (1024K)]
  0x000002bce70bbc20 JavaThread "Unconstrained build operations Thread 13"        [_thread_blocked, id=8240, stack(0x000000ccfe200000,0x000000ccfe300000) (1024K)]
  0x000002bce70b87a0 JavaThread "Unconstrained build operations Thread 14"        [_thread_blocked, id=12400, stack(0x000000ccfe300000,0x000000ccfe400000) (1024K)]
  0x000002bce70bcfd0 JavaThread "Unconstrained build operations Thread 15"        [_thread_blocked, id=13316, stack(0x000000ccfe400000,0x000000ccfe500000) (1024K)]
  0x000002bce70bc940 JavaThread "Unconstrained build operations Thread 16"        [_thread_blocked, id=8380, stack(0x000000ccfe500000,0x000000ccfe600000) (1024K)]
  0x000002bce70bc2b0 JavaThread "Unconstrained build operations Thread 17"        [_thread_blocked, id=5448, stack(0x000000ccfe600000,0x000000ccfe700000) (1024K)]
  0x000002bce70bd660 JavaThread "Unconstrained build operations Thread 18"        [_thread_blocked, id=8708, stack(0x000000ccfe700000,0x000000ccfe800000) (1024K)]
  0x000002bce70bdcf0 JavaThread "Unconstrained build operations Thread 19"        [_thread_blocked, id=8612, stack(0x000000ccfe800000,0x000000ccfe900000) (1024K)]
  0x000002bce3a09680 JavaThread "Unconstrained build operations Thread 20"        [_thread_blocked, id=9456, stack(0x000000ccfe900000,0x000000ccfea00000) (1024K)]
  0x000002bce3a082d0 JavaThread "Unconstrained build operations Thread 21"        [_thread_blocked, id=5308, stack(0x000000ccfea00000,0x000000ccfeb00000) (1024K)]
  0x000002bce3a09d10 JavaThread "Unconstrained build operations Thread 22"        [_thread_blocked, id=17544, stack(0x000000ccfeb00000,0x000000ccfec00000) (1024K)]
  0x000002bce3a07c40 JavaThread "Unconstrained build operations Thread 23"        [_thread_blocked, id=11548, stack(0x000000ccfec00000,0x000000ccfed00000) (1024K)]
  0x000002bce3a08960 JavaThread "Unconstrained build operations Thread 24"        [_thread_blocked, id=2228, stack(0x000000ccfed00000,0x000000ccfee00000) (1024K)]
  0x000002bce3a08ff0 JavaThread "Unconstrained build operations Thread 25"        [_thread_blocked, id=9992, stack(0x000000ccfee00000,0x000000ccfef00000) (1024K)]
  0x000002bce3a075b0 JavaThread "Unconstrained build operations Thread 26"        [_thread_blocked, id=11924, stack(0x000000ccfef00000,0x000000ccff000000) (1024K)]
  0x000002bce3a06f20 JavaThread "Unconstrained build operations Thread 27"        [_thread_blocked, id=10336, stack(0x000000ccff000000,0x000000ccff100000) (1024K)]
  0x000002bce3a0bde0 JavaThread "Unconstrained build operations Thread 28"        [_thread_blocked, id=10364, stack(0x000000ccff100000,0x000000ccff200000) (1024K)]
  0x000002bce3a0deb0 JavaThread "Unconstrained build operations Thread 29"        [_thread_blocked, id=13064, stack(0x000000ccff200000,0x000000ccff300000) (1024K)]
  0x000002bce3a0b750 JavaThread "Unconstrained build operations Thread 30"        [_thread_blocked, id=9344, stack(0x000000ccff300000,0x000000ccff400000) (1024K)]
  0x000002bce3a0c470 JavaThread "Unconstrained build operations Thread 31"        [_thread_blocked, id=18200, stack(0x000000ccff400000,0x000000ccff500000) (1024K)]
  0x000002bce3a0b0c0 JavaThread "Unconstrained build operations Thread 32"        [_thread_blocked, id=7900, stack(0x000000ccff500000,0x000000ccff600000) (1024K)]
  0x000002bce3a0cb00 JavaThread "Unconstrained build operations Thread 33"        [_thread_blocked, id=6500, stack(0x000000ccff600000,0x000000ccff700000) (1024K)]
  0x000002bce3feb4b0 JavaThread "build event listener"              [_thread_blocked, id=628, stack(0x000000ccfc300000,0x000000ccfc400000) (1024K)]
  0x000002bce3fec1d0 JavaThread "Memory manager"                    [_thread_blocked, id=15296, stack(0x000000ccff700000,0x000000ccff800000) (1024K)]
  0x000002bce3feefc0 JavaThread "build event listener"              [_thread_blocked, id=6008, stack(0x000000ccff900000,0x000000ccffa00000) (1024K)]
  0x000002bce6464100 JavaThread "pool-3-thread-1"                   [_thread_blocked, id=9852, stack(0x000000ccffa00000,0x000000ccffb00000) (1024K)]
  0x000002bce6464790 JavaThread "build event listener"              [_thread_blocked, id=14672, stack(0x000000ccffb00000,0x000000ccffc00000) (1024K)]
  0x000002bce8bdabe0 JavaThread "included builds"                   [_thread_blocked, id=13488, stack(0x000000ccffc00000,0x000000ccffd00000) (1024K)]
  0x000002bce8bdb270 JavaThread "Execution worker"                  [_thread_blocked, id=5460, stack(0x000000ccffd00000,0x000000ccffe00000) (1024K)]
  0x000002bce8bd91a0 JavaThread "Execution worker Thread 2"         [_thread_blocked, id=18192, stack(0x000000ccffe00000,0x000000ccfff00000) (1024K)]
  0x000002bce8bda550 JavaThread "Execution worker Thread 3"         [_thread_blocked, id=2592, stack(0x000000ccfff00000,0x000000cd00000000) (1024K)]
  0x000002bce8bdb900 JavaThread "Execution worker Thread 4"         [_thread_blocked, id=11164, stack(0x000000cc80000000,0x000000cc80100000) (1024K)]
  0x000002bce8bdc620 JavaThread "Execution worker Thread 5"         [_thread_blocked, id=6840, stack(0x000000cc80100000,0x000000cc80200000) (1024K)]
  0x000002bce8bdccb0 JavaThread "Execution worker Thread 6"         [_thread_blocked, id=12600, stack(0x000000cc80200000,0x000000cc80300000) (1024K)]
  0x000002bce8bdbf90 JavaThread "Execution worker Thread 7"         [_thread_blocked, id=2488, stack(0x000000cc80300000,0x000000cc80400000) (1024K)]
  0x000002bce8bd9ec0 JavaThread "Cache worker for execution history cache (D:\PTB\TB\CareerLink\.gradle\8.13\executionHistory)"        [_thread_blocked, id=13028, stack(0x000000cc80400000,0x000000cc80500000) (1024K)]
  0x000002bcee28bb00 JavaThread "Unconstrained build operations Thread 34"        [_thread_blocked, id=4652, stack(0x000000cc80500000,0x000000cc80600000) (1024K)]
  0x000002bcee28a0c0 JavaThread "Unconstrained build operations Thread 35"        [_thread_blocked, id=7148, stack(0x000000cc80600000,0x000000cc80700000) (1024K)]
  0x000002bcee28ceb0 JavaThread "Unconstrained build operations Thread 36"        [_thread_blocked, id=1344, stack(0x000000cc80700000,0x000000cc80800000) (1024K)]
  0x000002bcee28ade0 JavaThread "Unconstrained build operations Thread 37"        [_thread_blocked, id=12084, stack(0x000000cc80800000,0x000000cc80900000) (1024K)]
  0x000002bcee28b470 JavaThread "Unconstrained build operations Thread 38"        [_thread_blocked, id=9256, stack(0x000000cc80900000,0x000000cc80a00000) (1024K)]
  0x000002bcee289a30 JavaThread "Unconstrained build operations Thread 39"        [_thread_blocked, id=8652, stack(0x000000cc80a00000,0x000000cc80b00000) (1024K)]
  0x000002bcee28d540 JavaThread "Unconstrained build operations Thread 40"        [_thread_blocked, id=11864, stack(0x000000cc80b00000,0x000000cc80c00000) (1024K)]
  0x000002bcee28a750 JavaThread "Unconstrained build operations Thread 41"        [_thread_blocked, id=10044, stack(0x000000cc80c00000,0x000000cc80d00000) (1024K)]
  0x000002bcee2909c0 JavaThread "Unconstrained build operations Thread 42"        [_thread_blocked, id=9912, stack(0x000000cc80d00000,0x000000cc80e00000) (1024K)]
  0x000002bcee291050 JavaThread "Unconstrained build operations Thread 43"        [_thread_blocked, id=2156, stack(0x000000cc80e00000,0x000000cc80f00000) (1024K)]
  0x000002bcee28e260 JavaThread "Unconstrained build operations Thread 44"        [_thread_blocked, id=6516, stack(0x000000cc80f00000,0x000000cc81000000) (1024K)]
  0x000002bcee290330 JavaThread "Unconstrained build operations Thread 45"        [_thread_blocked, id=4352, stack(0x000000cc81000000,0x000000cc81100000) (1024K)]
  0x000002bcee28e8f0 JavaThread "Unconstrained build operations Thread 46"        [_thread_blocked, id=6388, stack(0x000000cc81100000,0x000000cc81200000) (1024K)]
  0x000002bcee28ef80 JavaThread "Unconstrained build operations Thread 47"        [_thread_blocked, id=2396, stack(0x000000cc81200000,0x000000cc81300000) (1024K)]
  0x000002bcee28fca0 JavaThread "Unconstrained build operations Thread 48"        [_thread_blocked, id=3928, stack(0x000000cc81300000,0x000000cc81400000) (1024K)]
  0x000002bce8bd5d20 JavaThread "Unconstrained build operations Thread 49"        [_thread_blocked, id=11384, stack(0x000000cc81400000,0x000000cc81500000) (1024K)]
  0x000002bce8bd6a40 JavaThread "Unconstrained build operations Thread 50"        [_thread_blocked, id=1988, stack(0x000000cc81500000,0x000000cc81600000) (1024K)]
  0x000002bce8bd63b0 JavaThread "Unconstrained build operations Thread 51"        [_thread_blocked, id=12652, stack(0x000000cc81600000,0x000000cc81700000) (1024K)]
  0x000002bce8bd70d0 JavaThread "Unconstrained build operations Thread 52"        [_thread_blocked, id=1900, stack(0x000000cc81700000,0x000000cc81800000) (1024K)]
  0x000002bce8bd8480 JavaThread "Unconstrained build operations Thread 53"        [_thread_blocked, id=8836, stack(0x000000cc81800000,0x000000cc81900000) (1024K)]
  0x000002bce8bd8b10 JavaThread "Unconstrained build operations Thread 54"        [_thread_blocked, id=1760, stack(0x000000cc81900000,0x000000cc81a00000) (1024K)]
  0x000002bce8bd7760 JavaThread "Unconstrained build operations Thread 55"        [_thread_blocked, id=11852, stack(0x000000cc81a00000,0x000000cc81b00000) (1024K)]
  0x000002bce8bd7df0 JavaThread "Unconstrained build operations Thread 56"        [_thread_blocked, id=8368, stack(0x000000cc81b00000,0x000000cc81c00000) (1024K)]
  0x000002bce8bd5690 JavaThread "Unconstrained build operations Thread 57"        [_thread_blocked, id=4780, stack(0x000000cc81c00000,0x000000cc81d00000) (1024K)]
  0x000002bce6464e20 JavaThread "Unconstrained build operations Thread 58"        [_thread_blocked, id=11332, stack(0x000000cc81d00000,0x000000cc81e00000) (1024K)]
  0x000002bce64619a0 JavaThread "Unconstrained build operations Thread 59"        [_thread_blocked, id=2920, stack(0x000000cc81e00000,0x000000cc81f00000) (1024K)]
  0x000002bce64654b0 JavaThread "Unconstrained build operations Thread 60"        [_thread_blocked, id=16552, stack(0x000000cc81f00000,0x000000cc82000000) (1024K)]
  0x000002bce6465b40 JavaThread "Unconstrained build operations Thread 61"        [_thread_blocked, id=14540, stack(0x000000cc82000000,0x000000cc82100000) (1024K)]
  0x000002bce64661d0 JavaThread "Unconstrained build operations Thread 62"        [_thread_blocked, id=11288, stack(0x000000cc82100000,0x000000cc82200000) (1024K)]
  0x000002bce3fe9a70 JavaThread "Unconstrained build operations Thread 63"        [_thread_blocked, id=11800, stack(0x000000cc82200000,0x000000cc82300000) (1024K)]
  0x000002bce3fee2a0 JavaThread "Unconstrained build operations Thread 64"        [_thread_blocked, id=15916, stack(0x000000cc82300000,0x000000cc82400000) (1024K)]
  0x000002bce3fef650 JavaThread "Unconstrained build operations Thread 65"        [_thread_blocked, id=9104, stack(0x000000cc82400000,0x000000cc82500000) (1024K)]
  0x000002bced33ec00 JavaThread "Unconstrained build operations Thread 66"        [_thread_blocked, id=1852, stack(0x000000cc82500000,0x000000cc82600000) (1024K)]
  0x000002bced33cb30 JavaThread "Unconstrained build operations Thread 67"        [_thread_blocked, id=2912, stack(0x000000cc82600000,0x000000cc82700000) (1024K)]
  0x000002bced33f290 JavaThread "Unconstrained build operations Thread 68"        [_thread_blocked, id=5920, stack(0x000000cc82700000,0x000000cc82800000) (1024K)]
  0x000002bced33d1c0 JavaThread "Unconstrained build operations Thread 69"        [_thread_blocked, id=9800, stack(0x000000cc82800000,0x000000cc82900000) (1024K)]
  0x000002bced33be10 JavaThread "Unconstrained build operations Thread 70"        [_thread_blocked, id=15244, stack(0x000000cc82900000,0x000000cc82a00000) (1024K)]
  0x000002bced33d850 JavaThread "Unconstrained build operations Thread 71"        [_thread_blocked, id=3080, stack(0x000000cc82a00000,0x000000cc82b00000) (1024K)]
  0x000002bced33dee0 JavaThread "Unconstrained build operations Thread 72"        [_thread_blocked, id=9460, stack(0x000000cc82b00000,0x000000cc82c00000) (1024K)]
  0x000002bced33f920 JavaThread "Unconstrained build operations Thread 73"        [_thread_blocked, id=10344, stack(0x000000cc82c00000,0x000000cc82d00000) (1024K)]
  0x000002bced33c4a0 JavaThread "Unconstrained build operations Thread 74"        [_thread_blocked, id=11276, stack(0x000000cc82d00000,0x000000cc82e00000) (1024K)]
  0x000002bced33ffb0 JavaThread "Unconstrained build operations Thread 75"        [_thread_blocked, id=6444, stack(0x000000cc82e00000,0x000000cc82f00000) (1024K)]
  0x000002bced340640 JavaThread "Unconstrained build operations Thread 76"        [_thread_blocked, id=3804, stack(0x000000cc82f00000,0x000000cc83000000) (1024K)]
  0x000002bced340cd0 JavaThread "Unconstrained build operations Thread 77"        [_thread_blocked, id=7332, stack(0x000000cc83000000,0x000000cc83100000) (1024K)]
  0x000002bced341360 JavaThread "Unconstrained build operations Thread 78"        [_thread_blocked, id=10976, stack(0x000000cc83200000,0x000000cc83300000) (1024K)]
  0x000002bced3419f0 JavaThread "Unconstrained build operations Thread 79"        [_thread_blocked, id=6628, stack(0x000000cc83300000,0x000000cc83400000) (1024K)]
  0x000002bced33e570 JavaThread "Unconstrained build operations Thread 80"        [_thread_blocked, id=10320, stack(0x000000cc83400000,0x000000cc83500000) (1024K)]
  0x000002bce7ca1080 JavaThread "WorkerExecutor Queue"              [_thread_blocked, id=12048, stack(0x000000cc83500000,0x000000cc83600000) (1024K)]
  0x000002bce7c95f50 JavaThread "RMI Scheduler(0)"           daemon [_thread_blocked, id=12844, stack(0x000000cc83100000,0x000000cc83200000) (1024K)]
  0x000002bce7c98020 JavaThread "RMI RenewClean-[127.0.0.1:17044,org.jetbrains.kotlin.daemon.common.LoopbackNetworkInterface$ClientLoopbackSocketFactory@5bf2348a]" daemon [_thread_blocked, id=9552, stack(0x000000cc83600000,0x000000cc83700000) (1024K)]
  0x000002bce7c965e0 JavaThread "RMI GC Daemon"              daemon [_thread_blocked, id=15672, stack(0x000000cc83700000,0x000000cc83800000) (1024K)]
  0x000002bce7c986b0 JavaThread "RMI TCP Accept-0"           daemon [_thread_in_native, id=3612, stack(0x000000cc83800000,0x000000cc83900000) (1024K)]
  0x000002bce7c96c70 JavaThread "RMI Reaper"                        [_thread_blocked, id=5668, stack(0x000000cc83900000,0x000000cc83a00000) (1024K)]
  0x000002bce7c958c0 JavaThread "RMI TCP Connection(2)-127.0.0.1" daemon [_thread_in_native, id=11540, stack(0x000000cc83a00000,0x000000cc83b00000) (1024K)]
  0x000002bcedb04330 JavaThread "C2 CompilerThread1"         daemon [_thread_blocked, id=14964, stack(0x000000cc83d00000,0x000000cc83e00000) (1024K)]
  0x000002bcedb079b0 JavaThread "C2 CompilerThread2"         daemon [_thread_blocked, id=18092, stack(0x000000cc83e00000,0x000000cc83f00000) (1024K)]
  0x000002bce7c99a60 JavaThread "WorkerExecutor Queue Thread 2"        [_thread_blocked, id=17120, stack(0x000000cc83f00000,0x000000cc84000000) (1024K)]
  0x000002bce7c9a0f0 JavaThread "WorkerExecutor Queue Thread 3"        [_thread_blocked, id=3352, stack(0x000000cc84000000,0x000000cc84100000) (1024K)]
  0x000002bce7c97990 JavaThread "WorkerExecutor Queue Thread 4"        [_thread_blocked, id=15100, stack(0x000000cc84100000,0x000000cc84200000) (1024K)]
  0x000002bce7c97300 JavaThread "WorkerExecutor Queue Thread 5"        [_thread_blocked, id=10252, stack(0x000000cc84200000,0x000000cc84300000) (1024K)]
  0x000002bce7c9c1c0 JavaThread "WorkerExecutor Queue Thread 6"        [_thread_blocked, id=17764, stack(0x000000cc84300000,0x000000cc84400000) (1024K)]
Total: 148

Other Threads:
=>0x000002bcdd7cb0d0 VMThread "VM Thread"                           [id=18148, stack(0x000000ccfa400000,0x000000ccfa500000) (1024K)]
  0x000002bcdd603930 WatcherThread "VM Periodic Task Thread"        [id=16196, stack(0x000000ccfa300000,0x000000ccfa400000) (1024K)]
  0x000002bcc5fd3070 WorkerThread "GC Thread#0"                     [id=10696, stack(0x000000ccf9e00000,0x000000ccf9f00000) (1024K)]
  0x000002bce2673870 WorkerThread "GC Thread#1"                     [id=5800, stack(0x000000ccfb100000,0x000000ccfb200000) (1024K)]
  0x000002bce2225f70 WorkerThread "GC Thread#2"                     [id=17368, stack(0x000000ccfb200000,0x000000ccfb300000) (1024K)]
  0x000002bce2226310 WorkerThread "GC Thread#3"                     [id=17472, stack(0x000000ccfb300000,0x000000ccfb400000) (1024K)]
  0x000002bce2c6dfe0 WorkerThread "GC Thread#4"                     [id=4800, stack(0x000000ccfb000000,0x000000ccfb100000) (1024K)]
  0x000002bce229d6e0 WorkerThread "GC Thread#5"                     [id=11908, stack(0x000000ccfaf00000,0x000000ccfb000000) (1024K)]
  0x000002bce229da80 WorkerThread "GC Thread#6"                     [id=2936, stack(0x000000ccfb400000,0x000000ccfb500000) (1024K)]
  0x000002bce232cf00 WorkerThread "GC Thread#7"                     [id=14836, stack(0x000000ccfc000000,0x000000ccfc100000) (1024K)]
  0x000002bcc5fe3f60 ConcurrentGCThread "G1 Main Marker"            [id=16804, stack(0x000000ccf9f00000,0x000000ccfa000000) (1024K)]
  0x000002bcc5fe6660 WorkerThread "G1 Conc#0"                       [id=16528, stack(0x000000ccfa000000,0x000000ccfa100000) (1024K)]
  0x000002bce232c080 WorkerThread "G1 Conc#1"                       [id=16096, stack(0x000000ccfc100000,0x000000ccfc200000) (1024K)]
  0x000002bcc603eb40 ConcurrentGCThread "G1 Refine#0"               [id=18392, stack(0x000000ccfa100000,0x000000ccfa200000) (1024K)]
  0x000002bcdd4cc530 ConcurrentGCThread "G1 Service"                [id=12156, stack(0x000000ccfa200000,0x000000ccfa300000) (1024K)]
Total: 15

Threads with active compile tasks:
C2 CompilerThread0  64374 15609   !   4       java.io.ObjectOutputStream::writeObject0 (620 bytes)
C1 CompilerThread0  64374 15617       3       jdk.internal.misc.Unsafe::getCharUnaligned (34 bytes)
C2 CompilerThread1  64374 15627       4       java.io.ObjectInputStream$HandleTable::assign (48 bytes)
C2 CompilerThread2  64374 15628       4       java.io.ObjectInputStream$BlockDataInputStream::read (62 bytes)
Total: 4

VM state: at safepoint (normal execution)

VM Mutex/Monitor currently owned by a thread:  ([mutex/lock_event])
[0x00007ff91909e3a0] Threads_lock - owner thread: 0x000002bcdd7cb0d0
[0x00007ff91909e4a0] Heap_lock - owner thread: 0x000002bce8bda550

Heap address: 0x0000000080000000, size: 2048 MB, Compressed Oops mode: 32-bit

CDS archive(s) not mapped
Compressed class space mapped at: 0x0000000100000000-0x0000000140000000, reserved size: 1073741824
Narrow klass base: 0x0000000000000000, Narrow klass shift: 3, Narrow klass range: 0x140000000

GC Precious Log:
 CardTable entry size: 512
 Card Set container configuration: InlinePtr #cards 5 size 8 Array Of Cards #cards 12 size 40 Howl #buckets 4 coarsen threshold 1843 Howl Bitmap #cards 512 size 80 coarsen threshold 460 Card regions per heap region 1 cards per card region 2048
 CPUs: 8 total, 8 available
 Memory: 7886M
 Large Page Support: Disabled
 NUMA Support: Disabled
 Compressed Oops: Enabled (32-bit)
 Heap Region Size: 1M
 Heap Min Capacity: 8M
 Heap Initial Capacity: 124M
 Heap Max Capacity: 2G
 Pre-touch: Disabled
 Parallel Workers: 8
 Concurrent Workers: 2
 Concurrent Refinement Workers: 8
 Periodic GC: Disabled

Heap:
 garbage-first heap   total 224256K, used 141172K [0x0000000080000000, 0x0000000100000000)
  region size 1024K, 9 young (9216K), 9 survivors (9216K)
 Metaspace       used 128273K, committed 130688K, reserved 1179648K
  class space    used 17244K, committed 18432K, reserved 1048576K

Heap Regions: E=young(eden), S=young(survivor), O=old, HS=humongous(starts), HC=humongous(continues), CS=collection set, F=free, TAMS=top-at-mark-start, PB=parsable bottom
|   0|0x0000000080000000, 0x0000000080100000, 0x0000000080100000|100%|HS|  |TAMS 0x0000000080100000| PB 0x0000000080000000| Complete 
|   1|0x0000000080100000, 0x0000000080200000, 0x0000000080200000|100%|HC|  |TAMS 0x0000000080200000| PB 0x0000000080100000| Complete 
|   2|0x0000000080200000, 0x0000000080300000, 0x0000000080300000|100%|HC|  |TAMS 0x0000000080300000| PB 0x0000000080200000| Complete 
|   3|0x0000000080300000, 0x0000000080400000, 0x0000000080400000|100%| O|  |TAMS 0x0000000080400000| PB 0x0000000080300000| Untracked 
|   4|0x0000000080400000, 0x0000000080500000, 0x0000000080500000|100%| O|  |TAMS 0x0000000080500000| PB 0x0000000080400000| Untracked 
|   5|0x0000000080500000, 0x0000000080600000, 0x0000000080600000|100%| O|  |TAMS 0x0000000080600000| PB 0x0000000080500000| Untracked 
|   6|0x0000000080600000, 0x0000000080700000, 0x0000000080700000|100%|HS|  |TAMS 0x0000000080700000| PB 0x0000000080600000| Complete 
|   7|0x0000000080700000, 0x0000000080800000, 0x0000000080800000|100%| O|  |TAMS 0x0000000080800000| PB 0x0000000080700000| Untracked 
|   8|0x0000000080800000, 0x0000000080900000, 0x0000000080900000|100%| O|  |TAMS 0x0000000080900000| PB 0x0000000080800000| Untracked 
|   9|0x0000000080900000, 0x0000000080a00000, 0x0000000080a00000|100%| O|  |TAMS 0x0000000080a00000| PB 0x0000000080900000| Untracked 
|  10|0x0000000080a00000, 0x0000000080b00000, 0x0000000080b00000|100%| O|  |TAMS 0x0000000080b00000| PB 0x0000000080a00000| Untracked 
|  11|0x0000000080b00000, 0x0000000080c00000, 0x0000000080c00000|100%| O|  |TAMS 0x0000000080c00000| PB 0x0000000080b00000| Untracked 
|  12|0x0000000080c00000, 0x0000000080d00000, 0x0000000080d00000|100%| O|  |TAMS 0x0000000080d00000| PB 0x0000000080c00000| Untracked 
|  13|0x0000000080d00000, 0x0000000080e00000, 0x0000000080e00000|100%| O|  |TAMS 0x0000000080e00000| PB 0x0000000080d00000| Untracked 
|  14|0x0000000080e00000, 0x0000000080f00000, 0x0000000080f00000|100%| O|  |TAMS 0x0000000080f00000| PB 0x0000000080e00000| Untracked 
|  15|0x0000000080f00000, 0x0000000081000000, 0x0000000081000000|100%| O|  |TAMS 0x0000000081000000| PB 0x0000000080f00000| Untracked 
|  16|0x0000000081000000, 0x0000000081100000, 0x0000000081100000|100%| O|  |TAMS 0x0000000081100000| PB 0x0000000081000000| Untracked 
|  17|0x0000000081100000, 0x0000000081200000, 0x0000000081200000|100%| O|  |TAMS 0x0000000081200000| PB 0x0000000081100000| Untracked 
|  18|0x0000000081200000, 0x0000000081300000, 0x0000000081300000|100%| O|  |TAMS 0x0000000081300000| PB 0x0000000081200000| Untracked 
|  19|0x0000000081300000, 0x0000000081400000, 0x0000000081400000|100%| O|  |TAMS 0x0000000081400000| PB 0x0000000081300000| Untracked 
|  20|0x0000000081400000, 0x0000000081500000, 0x0000000081500000|100%| O|  |TAMS 0x0000000081500000| PB 0x0000000081400000| Untracked 
|  21|0x0000000081500000, 0x0000000081600000, 0x0000000081600000|100%| O|  |TAMS 0x0000000081600000| PB 0x0000000081500000| Untracked 
|  22|0x0000000081600000, 0x0000000081700000, 0x0000000081700000|100%| O|  |TAMS 0x0000000081700000| PB 0x0000000081600000| Untracked 
|  23|0x0000000081700000, 0x0000000081800000, 0x0000000081800000|100%| O|  |TAMS 0x0000000081800000| PB 0x0000000081700000| Untracked 
|  24|0x0000000081800000, 0x0000000081900000, 0x0000000081900000|100%| O|  |TAMS 0x0000000081900000| PB 0x0000000081800000| Untracked 
|  25|0x0000000081900000, 0x0000000081a00000, 0x0000000081a00000|100%| O|  |TAMS 0x0000000081a00000| PB 0x0000000081900000| Untracked 
|  26|0x0000000081a00000, 0x0000000081b00000, 0x0000000081b00000|100%| O|  |TAMS 0x0000000081b00000| PB 0x0000000081a00000| Untracked 
|  27|0x0000000081b00000, 0x0000000081c00000, 0x0000000081c00000|100%| O|  |TAMS 0x0000000081c00000| PB 0x0000000081b00000| Untracked 
|  28|0x0000000081c00000, 0x0000000081d00000, 0x0000000081d00000|100%| O|  |TAMS 0x0000000081d00000| PB 0x0000000081c00000| Untracked 
|  29|0x0000000081d00000, 0x0000000081e00000, 0x0000000081e00000|100%| O|  |TAMS 0x0000000081e00000| PB 0x0000000081d00000| Untracked 
|  30|0x0000000081e00000, 0x0000000081f00000, 0x0000000081f00000|100%| O|  |TAMS 0x0000000081f00000| PB 0x0000000081e00000| Untracked 
|  31|0x0000000081f00000, 0x0000000082000000, 0x0000000082000000|100%| O|  |TAMS 0x0000000082000000| PB 0x0000000081f00000| Untracked 
|  32|0x0000000082000000, 0x0000000082100000, 0x0000000082100000|100%| O|  |TAMS 0x0000000082100000| PB 0x0000000082000000| Untracked 
|  33|0x0000000082100000, 0x0000000082200000, 0x0000000082200000|100%| O|  |TAMS 0x0000000082200000| PB 0x0000000082100000| Untracked 
|  34|0x0000000082200000, 0x0000000082300000, 0x0000000082300000|100%| O|  |TAMS 0x0000000082300000| PB 0x0000000082200000| Untracked 
|  35|0x0000000082300000, 0x0000000082400000, 0x0000000082400000|100%|HS|  |TAMS 0x0000000082400000| PB 0x0000000082300000| Complete 
|  36|0x0000000082400000, 0x0000000082500000, 0x0000000082500000|100%| O|  |TAMS 0x0000000082500000| PB 0x0000000082400000| Untracked 
|  37|0x0000000082500000, 0x0000000082600000, 0x0000000082600000|100%| O|  |TAMS 0x0000000082600000| PB 0x0000000082500000| Untracked 
|  38|0x0000000082600000, 0x0000000082700000, 0x0000000082700000|100%| O|  |TAMS 0x0000000082700000| PB 0x0000000082600000| Untracked 
|  39|0x0000000082700000, 0x0000000082800000, 0x0000000082800000|100%| O|  |TAMS 0x0000000082800000| PB 0x0000000082700000| Untracked 
|  40|0x0000000082800000, 0x0000000082900000, 0x0000000082900000|100%| O|  |TAMS 0x0000000082900000| PB 0x0000000082800000| Untracked 
|  41|0x0000000082900000, 0x0000000082a00000, 0x0000000082a00000|100%| O|  |TAMS 0x0000000082a00000| PB 0x0000000082900000| Untracked 
|  42|0x0000000082a00000, 0x0000000082b00000, 0x0000000082b00000|100%| O|  |TAMS 0x0000000082b00000| PB 0x0000000082a00000| Untracked 
|  43|0x0000000082b00000, 0x0000000082c00000, 0x0000000082c00000|100%| O|  |TAMS 0x0000000082c00000| PB 0x0000000082b00000| Untracked 
|  44|0x0000000082c00000, 0x0000000082d00000, 0x0000000082d00000|100%| O|  |TAMS 0x0000000082d00000| PB 0x0000000082c00000| Untracked 
|  45|0x0000000082d00000, 0x0000000082e00000, 0x0000000082e00000|100%| O|  |TAMS 0x0000000082e00000| PB 0x0000000082d00000| Untracked 
|  46|0x0000000082e00000, 0x0000000082f00000, 0x0000000082f00000|100%| O|  |TAMS 0x0000000082f00000| PB 0x0000000082e00000| Untracked 
|  47|0x0000000082f00000, 0x0000000083000000, 0x0000000083000000|100%| O|  |TAMS 0x0000000083000000| PB 0x0000000082f00000| Untracked 
|  48|0x0000000083000000, 0x0000000083100000, 0x0000000083100000|100%|HS|  |TAMS 0x0000000083100000| PB 0x0000000083000000| Complete 
|  49|0x0000000083100000, 0x0000000083200000, 0x0000000083200000|100%|HS|  |TAMS 0x0000000083200000| PB 0x0000000083100000| Complete 
|  50|0x0000000083200000, 0x0000000083300000, 0x0000000083300000|100%|HC|  |TAMS 0x0000000083300000| PB 0x0000000083200000| Complete 
|  51|0x0000000083300000, 0x0000000083400000, 0x0000000083400000|100%| O|  |TAMS 0x0000000083400000| PB 0x0000000083300000| Untracked 
|  52|0x0000000083400000, 0x0000000083500000, 0x0000000083500000|100%| O|  |TAMS 0x0000000083500000| PB 0x0000000083400000| Untracked 
|  53|0x0000000083500000, 0x0000000083600000, 0x0000000083600000|100%| O|  |TAMS 0x0000000083600000| PB 0x0000000083500000| Untracked 
|  54|0x0000000083600000, 0x0000000083700000, 0x0000000083700000|100%|HS|  |TAMS 0x0000000083700000| PB 0x0000000083600000| Complete 
|  55|0x0000000083700000, 0x0000000083800000, 0x0000000083800000|100%| O|  |TAMS 0x0000000083800000| PB 0x0000000083700000| Untracked 
|  56|0x0000000083800000, 0x0000000083900000, 0x0000000083900000|100%|HS|  |TAMS 0x0000000083900000| PB 0x0000000083800000| Complete 
|  57|0x0000000083900000, 0x0000000083a00000, 0x0000000083a00000|100%| O|  |TAMS 0x0000000083a00000| PB 0x0000000083900000| Untracked 
|  58|0x0000000083a00000, 0x0000000083b00000, 0x0000000083b00000|100%| O|  |TAMS 0x0000000083b00000| PB 0x0000000083a00000| Untracked 
|  59|0x0000000083b00000, 0x0000000083c00000, 0x0000000083c00000|100%| O|  |TAMS 0x0000000083c00000| PB 0x0000000083b00000| Untracked 
|  60|0x0000000083c00000, 0x0000000083d00000, 0x0000000083d00000|100%|HS|  |TAMS 0x0000000083d00000| PB 0x0000000083c00000| Complete 
|  61|0x0000000083d00000, 0x0000000083e00000, 0x0000000083e00000|100%|HC|  |TAMS 0x0000000083e00000| PB 0x0000000083d00000| Complete 
|  62|0x0000000083e00000, 0x0000000083f00000, 0x0000000083f00000|100%|HS|  |TAMS 0x0000000083f00000| PB 0x0000000083e00000| Complete 
|  63|0x0000000083f00000, 0x0000000084000000, 0x0000000084000000|100%|HC|  |TAMS 0x0000000084000000| PB 0x0000000083f00000| Complete 
|  64|0x0000000084000000, 0x0000000084100000, 0x0000000084100000|100%|HC|  |TAMS 0x0000000084100000| PB 0x0000000084000000| Complete 
|  65|0x0000000084100000, 0x0000000084200000, 0x0000000084200000|100%|HS|  |TAMS 0x0000000084200000| PB 0x0000000084100000| Complete 
|  66|0x0000000084200000, 0x0000000084300000, 0x0000000084300000|100%|HS|  |TAMS 0x0000000084300000| PB 0x0000000084200000| Complete 
|  67|0x0000000084300000, 0x0000000084400000, 0x0000000084400000|100%|HS|  |TAMS 0x0000000084400000| PB 0x0000000084300000| Complete 
|  68|0x0000000084400000, 0x0000000084500000, 0x0000000084500000|100%|HC|  |TAMS 0x0000000084500000| PB 0x0000000084400000| Complete 
|  69|0x0000000084500000, 0x0000000084600000, 0x0000000084600000|100%|HC|  |TAMS 0x0000000084600000| PB 0x0000000084500000| Complete 
|  70|0x0000000084600000, 0x0000000084700000, 0x0000000084700000|100%| O|  |TAMS 0x0000000084700000| PB 0x0000000084600000| Untracked 
|  71|0x0000000084700000, 0x0000000084800000, 0x0000000084800000|100%|HS|  |TAMS 0x0000000084800000| PB 0x0000000084700000| Complete 
|  72|0x0000000084800000, 0x0000000084900000, 0x0000000084900000|100%| O|  |TAMS 0x0000000084900000| PB 0x0000000084800000| Untracked 
|  73|0x0000000084900000, 0x0000000084a00000, 0x0000000084a00000|100%| O|  |TAMS 0x0000000084a00000| PB 0x0000000084900000| Untracked 
|  74|0x0000000084a00000, 0x0000000084b00000, 0x0000000084b00000|100%| O|  |TAMS 0x0000000084b00000| PB 0x0000000084a00000| Untracked 
|  75|0x0000000084b00000, 0x0000000084c00000, 0x0000000084c00000|100%| O|  |TAMS 0x0000000084c00000| PB 0x0000000084b00000| Untracked 
|  76|0x0000000084c00000, 0x0000000084d00000, 0x0000000084d00000|100%| O|  |TAMS 0x0000000084d00000| PB 0x0000000084c00000| Untracked 
|  77|0x0000000084d00000, 0x0000000084e00000, 0x0000000084e00000|100%| O|  |TAMS 0x0000000084e00000| PB 0x0000000084d00000| Untracked 
|  78|0x0000000084e00000, 0x0000000084f00000, 0x0000000084f00000|100%| O|  |TAMS 0x0000000084f00000| PB 0x0000000084e00000| Untracked 
|  79|0x0000000084f00000, 0x0000000084f00000, 0x0000000085000000|  0%| F|  |TAMS 0x0000000084f00000| PB 0x0000000084f00000| Untracked 
|  80|0x0000000085000000, 0x0000000085100000, 0x0000000085100000|100%| O|  |TAMS 0x0000000085100000| PB 0x0000000085000000| Untracked 
|  81|0x0000000085100000, 0x0000000085200000, 0x0000000085200000|100%| O|  |TAMS 0x0000000085200000| PB 0x0000000085100000| Untracked 
|  82|0x0000000085200000, 0x0000000085300000, 0x0000000085300000|100%| O|  |TAMS 0x0000000085300000| PB 0x0000000085200000| Untracked 
|  83|0x0000000085300000, 0x0000000085400000, 0x0000000085400000|100%| O|  |TAMS 0x0000000085400000| PB 0x0000000085300000| Untracked 
|  84|0x0000000085400000, 0x0000000085500000, 0x0000000085500000|100%| O|  |TAMS 0x0000000085500000| PB 0x0000000085400000| Untracked 
|  85|0x0000000085500000, 0x0000000085600000, 0x0000000085600000|100%| O|  |TAMS 0x0000000085600000| PB 0x0000000085500000| Untracked 
|  86|0x0000000085600000, 0x0000000085700000, 0x0000000085700000|100%| O|  |TAMS 0x0000000085700000| PB 0x0000000085600000| Untracked 
|  87|0x0000000085700000, 0x0000000085800000, 0x0000000085800000|100%| O|  |TAMS 0x0000000085800000| PB 0x0000000085700000| Untracked 
|  88|0x0000000085800000, 0x0000000085900000, 0x0000000085900000|100%| O|  |TAMS 0x0000000085900000| PB 0x0000000085800000| Untracked 
|  89|0x0000000085900000, 0x0000000085a00000, 0x0000000085a00000|100%| O|  |TAMS 0x0000000085a00000| PB 0x0000000085900000| Untracked 
|  90|0x0000000085a00000, 0x0000000085b00000, 0x0000000085b00000|100%| O|  |TAMS 0x0000000085b00000| PB 0x0000000085a00000| Untracked 
|  91|0x0000000085b00000, 0x0000000085c00000, 0x0000000085c00000|100%| O|  |TAMS 0x0000000085c00000| PB 0x0000000085b00000| Untracked 
|  92|0x0000000085c00000, 0x0000000085d00000, 0x0000000085d00000|100%| O|  |TAMS 0x0000000085d00000| PB 0x0000000085c00000| Untracked 
|  93|0x0000000085d00000, 0x0000000085e00000, 0x0000000085e00000|100%| O|  |TAMS 0x0000000085e00000| PB 0x0000000085d00000| Untracked 
|  94|0x0000000085e00000, 0x0000000085f00000, 0x0000000085f00000|100%| O|  |TAMS 0x0000000085f00000| PB 0x0000000085e00000| Untracked 
|  95|0x0000000085f00000, 0x0000000086000000, 0x0000000086000000|100%| O|  |TAMS 0x0000000086000000| PB 0x0000000085f00000| Untracked 
|  96|0x0000000086000000, 0x0000000086100000, 0x0000000086100000|100%| O|  |TAMS 0x0000000086100000| PB 0x0000000086000000| Untracked 
|  97|0x0000000086100000, 0x0000000086200000, 0x0000000086200000|100%| O|  |TAMS 0x0000000086200000| PB 0x0000000086100000| Untracked 
|  98|0x0000000086200000, 0x0000000086300000, 0x0000000086300000|100%| O|  |TAMS 0x0000000086300000| PB 0x0000000086200000| Untracked 
|  99|0x0000000086300000, 0x0000000086400000, 0x0000000086400000|100%| O|  |TAMS 0x0000000086400000| PB 0x0000000086300000| Untracked 
| 100|0x0000000086400000, 0x0000000086500000, 0x0000000086500000|100%| O|  |TAMS 0x0000000086500000| PB 0x0000000086400000| Untracked 
| 101|0x0000000086500000, 0x0000000086600000, 0x0000000086600000|100%| O|  |TAMS 0x0000000086600000| PB 0x0000000086500000| Untracked 
| 102|0x0000000086600000, 0x0000000086700000, 0x0000000086700000|100%| O|  |TAMS 0x0000000086700000| PB 0x0000000086600000| Untracked 
| 103|0x0000000086700000, 0x0000000086800000, 0x0000000086800000|100%| O|  |TAMS 0x0000000086800000| PB 0x0000000086700000| Untracked 
| 104|0x0000000086800000, 0x0000000086900000, 0x0000000086900000|100%| O|  |TAMS 0x0000000086900000| PB 0x0000000086800000| Untracked 
| 105|0x0000000086900000, 0x0000000086a00000, 0x0000000086a00000|100%| O|  |TAMS 0x0000000086a00000| PB 0x0000000086900000| Untracked 
| 106|0x0000000086a00000, 0x0000000086b00000, 0x0000000086b00000|100%| O|  |TAMS 0x0000000086b00000| PB 0x0000000086a00000| Untracked 
| 107|0x0000000086b00000, 0x0000000086c00000, 0x0000000086c00000|100%| O|  |TAMS 0x0000000086c00000| PB 0x0000000086b00000| Untracked 
| 108|0x0000000086c00000, 0x0000000086d00000, 0x0000000086d00000|100%| O|  |TAMS 0x0000000086d00000| PB 0x0000000086c00000| Untracked 
| 109|0x0000000086d00000, 0x0000000086e00000, 0x0000000086e00000|100%| O|  |TAMS 0x0000000086e00000| PB 0x0000000086d00000| Untracked 
| 110|0x0000000086e00000, 0x0000000086f00000, 0x0000000086f00000|100%| O|  |TAMS 0x0000000086f00000| PB 0x0000000086e00000| Untracked 
| 111|0x0000000086f00000, 0x0000000086f00000, 0x0000000087000000|  0%| F|  |TAMS 0x0000000086f00000| PB 0x0000000086f00000| Untracked 
| 112|0x0000000087000000, 0x0000000087100000, 0x0000000087100000|100%| O|  |TAMS 0x0000000087100000| PB 0x0000000087000000| Untracked 
| 113|0x0000000087100000, 0x0000000087200000, 0x0000000087200000|100%| O|  |TAMS 0x0000000087200000| PB 0x0000000087100000| Untracked 
| 114|0x0000000087200000, 0x0000000087300000, 0x0000000087300000|100%| O|  |TAMS 0x0000000087300000| PB 0x0000000087200000| Untracked 
| 115|0x0000000087300000, 0x0000000087400000, 0x0000000087400000|100%| O|  |TAMS 0x0000000087400000| PB 0x0000000087300000| Untracked 
| 116|0x0000000087400000, 0x0000000087500000, 0x0000000087500000|100%| O|  |TAMS 0x0000000087500000| PB 0x0000000087400000| Untracked 
| 117|0x0000000087500000, 0x0000000087600000, 0x0000000087600000|100%| O|  |TAMS 0x0000000087600000| PB 0x0000000087500000| Untracked 
| 118|0x0000000087600000, 0x0000000087600000, 0x0000000087700000|  0%| F|  |TAMS 0x0000000087600000| PB 0x0000000087600000| Untracked 
| 119|0x0000000087700000, 0x0000000087800000, 0x0000000087800000|100%| O|  |TAMS 0x0000000087800000| PB 0x0000000087700000| Untracked 
| 120|0x0000000087800000, 0x0000000087900000, 0x0000000087900000|100%| O|  |TAMS 0x0000000087900000| PB 0x0000000087800000| Untracked 
| 121|0x0000000087900000, 0x0000000087a00000, 0x0000000087a00000|100%| O|  |TAMS 0x0000000087a00000| PB 0x0000000087900000| Untracked 
| 122|0x0000000087a00000, 0x0000000087b00000, 0x0000000087b00000|100%| O|  |TAMS 0x0000000087b00000| PB 0x0000000087a00000| Untracked 
| 123|0x0000000087b00000, 0x0000000087c00000, 0x0000000087c00000|100%| O|  |TAMS 0x0000000087c00000| PB 0x0000000087b00000| Untracked 
| 124|0x0000000087c00000, 0x0000000087d00000, 0x0000000087d00000|100%| O|  |TAMS 0x0000000087d00000| PB 0x0000000087c00000| Untracked 
| 125|0x0000000087d00000, 0x0000000087e00000, 0x0000000087e00000|100%| O|  |TAMS 0x0000000087e00000| PB 0x0000000087d00000| Untracked 
| 126|0x0000000087e00000, 0x0000000087f00000, 0x0000000087f00000|100%| O|  |TAMS 0x0000000087f00000| PB 0x0000000087e00000| Untracked 
| 127|0x0000000087f00000, 0x0000000087fa68e0, 0x0000000088000000| 65%| O|  |TAMS 0x0000000087fa68e0| PB 0x0000000087f00000| Untracked 
| 128|0x0000000088000000, 0x0000000088000000, 0x0000000088100000|  0%| F|  |TAMS 0x0000000088000000| PB 0x0000000088000000| Untracked 
| 129|0x0000000088100000, 0x0000000088100000, 0x0000000088200000|  0%| F|  |TAMS 0x0000000088100000| PB 0x0000000088100000| Untracked 
| 130|0x0000000088200000, 0x0000000088200000, 0x0000000088300000|  0%| F|  |TAMS 0x0000000088200000| PB 0x0000000088200000| Untracked 
| 131|0x0000000088300000, 0x0000000088300000, 0x0000000088400000|  0%| F|  |TAMS 0x0000000088300000| PB 0x0000000088300000| Untracked 
| 132|0x0000000088400000, 0x0000000088400000, 0x0000000088500000|  0%| F|  |TAMS 0x0000000088400000| PB 0x0000000088400000| Untracked 
| 133|0x0000000088500000, 0x0000000088536aa0, 0x0000000088600000| 21%| S|CS|TAMS 0x0000000088500000| PB 0x0000000088500000| Complete 
| 134|0x0000000088600000, 0x0000000088700000, 0x0000000088700000|100%| S|CS|TAMS 0x0000000088600000| PB 0x0000000088600000| Complete 
| 135|0x0000000088700000, 0x0000000088800000, 0x0000000088800000|100%| S|CS|TAMS 0x0000000088700000| PB 0x0000000088700000| Complete 
| 136|0x0000000088800000, 0x0000000088900000, 0x0000000088900000|100%| S|CS|TAMS 0x0000000088800000| PB 0x0000000088800000| Complete 
| 137|0x0000000088900000, 0x0000000088900000, 0x0000000088a00000|  0%| F|  |TAMS 0x0000000088900000| PB 0x0000000088900000| Untracked 
| 138|0x0000000088a00000, 0x0000000088a00000, 0x0000000088b00000|  0%| F|  |TAMS 0x0000000088a00000| PB 0x0000000088a00000| Untracked 
| 139|0x0000000088b00000, 0x0000000088b00000, 0x0000000088c00000|  0%| F|  |TAMS 0x0000000088b00000| PB 0x0000000088b00000| Untracked 
| 140|0x0000000088c00000, 0x0000000088c00000, 0x0000000088d00000|  0%| F|  |TAMS 0x0000000088c00000| PB 0x0000000088c00000| Untracked 
| 141|0x0000000088d00000, 0x0000000088d00000, 0x0000000088e00000|  0%| F|  |TAMS 0x0000000088d00000| PB 0x0000000088d00000| Untracked 
| 142|0x0000000088e00000, 0x0000000088f00000, 0x0000000088f00000|100%| S|CS|TAMS 0x0000000088e00000| PB 0x0000000088e00000| Complete 
| 143|0x0000000088f00000, 0x0000000089000000, 0x0000000089000000|100%| S|CS|TAMS 0x0000000088f00000| PB 0x0000000088f00000| Complete 
| 144|0x0000000089000000, 0x0000000089100000, 0x0000000089100000|100%| S|CS|TAMS 0x0000000089000000| PB 0x0000000089000000| Complete 
| 145|0x0000000089100000, 0x0000000089200000, 0x0000000089200000|100%| S|CS|TAMS 0x0000000089100000| PB 0x0000000089100000| Complete 
| 146|0x0000000089200000, 0x0000000089300000, 0x0000000089300000|100%| S|CS|TAMS 0x0000000089200000| PB 0x0000000089200000| Complete 
| 147|0x0000000089300000, 0x0000000089300000, 0x0000000089400000|  0%| F|  |TAMS 0x0000000089300000| PB 0x0000000089300000| Untracked 
| 148|0x0000000089400000, 0x0000000089400000, 0x0000000089500000|  0%| F|  |TAMS 0x0000000089400000| PB 0x0000000089400000| Untracked 
| 149|0x0000000089500000, 0x0000000089500000, 0x0000000089600000|  0%| F|  |TAMS 0x0000000089500000| PB 0x0000000089500000| Untracked 
| 150|0x0000000089600000, 0x0000000089600000, 0x0000000089700000|  0%| F|  |TAMS 0x0000000089600000| PB 0x0000000089600000| Untracked 
| 151|0x0000000089700000, 0x0000000089700000, 0x0000000089800000|  0%| F|  |TAMS 0x0000000089700000| PB 0x0000000089700000| Untracked 
| 152|0x0000000089800000, 0x0000000089800000, 0x0000000089900000|  0%| F|  |TAMS 0x0000000089800000| PB 0x0000000089800000| Untracked 
| 153|0x0000000089900000, 0x0000000089900000, 0x0000000089a00000|  0%| F|  |TAMS 0x0000000089900000| PB 0x0000000089900000| Untracked 
| 154|0x0000000089a00000, 0x0000000089a00000, 0x0000000089b00000|  0%| F|  |TAMS 0x0000000089a00000| PB 0x0000000089a00000| Untracked 
| 155|0x0000000089b00000, 0x0000000089b00000, 0x0000000089c00000|  0%| F|  |TAMS 0x0000000089b00000| PB 0x0000000089b00000| Untracked 
| 156|0x0000000089c00000, 0x0000000089c00000, 0x0000000089d00000|  0%| F|  |TAMS 0x0000000089c00000| PB 0x0000000089c00000| Untracked 
| 157|0x0000000089d00000, 0x0000000089d00000, 0x0000000089e00000|  0%| F|  |TAMS 0x0000000089d00000| PB 0x0000000089d00000| Untracked 
| 158|0x0000000089e00000, 0x0000000089e00000, 0x0000000089f00000|  0%| F|  |TAMS 0x0000000089e00000| PB 0x0000000089e00000| Untracked 
| 159|0x0000000089f00000, 0x0000000089f00000, 0x000000008a000000|  0%| F|  |TAMS 0x0000000089f00000| PB 0x0000000089f00000| Untracked 
| 160|0x000000008a000000, 0x000000008a000000, 0x000000008a100000|  0%| F|  |TAMS 0x000000008a000000| PB 0x000000008a000000| Untracked 
| 161|0x000000008a100000, 0x000000008a100000, 0x000000008a200000|  0%| F|  |TAMS 0x000000008a100000| PB 0x000000008a100000| Untracked 
| 162|0x000000008a200000, 0x000000008a200000, 0x000000008a300000|  0%| F|  |TAMS 0x000000008a200000| PB 0x000000008a200000| Untracked 
| 163|0x000000008a300000, 0x000000008a300000, 0x000000008a400000|  0%| F|  |TAMS 0x000000008a300000| PB 0x000000008a300000| Untracked 
| 164|0x000000008a400000, 0x000000008a400000, 0x000000008a500000|  0%| F|  |TAMS 0x000000008a400000| PB 0x000000008a400000| Untracked 
| 165|0x000000008a500000, 0x000000008a500000, 0x000000008a600000|  0%| F|  |TAMS 0x000000008a500000| PB 0x000000008a500000| Untracked 
| 166|0x000000008a600000, 0x000000008a600000, 0x000000008a700000|  0%| F|  |TAMS 0x000000008a600000| PB 0x000000008a600000| Untracked 
| 167|0x000000008a700000, 0x000000008a700000, 0x000000008a800000|  0%| F|  |TAMS 0x000000008a700000| PB 0x000000008a700000| Untracked 
| 168|0x000000008a800000, 0x000000008a800000, 0x000000008a900000|  0%| F|  |TAMS 0x000000008a800000| PB 0x000000008a800000| Untracked 
| 169|0x000000008a900000, 0x000000008a900000, 0x000000008aa00000|  0%| F|  |TAMS 0x000000008a900000| PB 0x000000008a900000| Untracked 
| 170|0x000000008aa00000, 0x000000008aa00000, 0x000000008ab00000|  0%| F|  |TAMS 0x000000008aa00000| PB 0x000000008aa00000| Untracked 
| 171|0x000000008ab00000, 0x000000008ab00000, 0x000000008ac00000|  0%| F|  |TAMS 0x000000008ab00000| PB 0x000000008ab00000| Untracked 
| 172|0x000000008ac00000, 0x000000008ac00000, 0x000000008ad00000|  0%| F|  |TAMS 0x000000008ac00000| PB 0x000000008ac00000| Untracked 
| 173|0x000000008ad00000, 0x000000008ad00000, 0x000000008ae00000|  0%| F|  |TAMS 0x000000008ad00000| PB 0x000000008ad00000| Untracked 
| 174|0x000000008ae00000, 0x000000008ae00000, 0x000000008af00000|  0%| F|  |TAMS 0x000000008ae00000| PB 0x000000008ae00000| Untracked 
| 175|0x000000008af00000, 0x000000008af00000, 0x000000008b000000|  0%| F|  |TAMS 0x000000008af00000| PB 0x000000008af00000| Untracked 
| 176|0x000000008b000000, 0x000000008b000000, 0x000000008b100000|  0%| F|  |TAMS 0x000000008b000000| PB 0x000000008b000000| Untracked 
| 177|0x000000008b100000, 0x000000008b100000, 0x000000008b200000|  0%| F|  |TAMS 0x000000008b100000| PB 0x000000008b100000| Untracked 
| 178|0x000000008b200000, 0x000000008b200000, 0x000000008b300000|  0%| F|  |TAMS 0x000000008b200000| PB 0x000000008b200000| Untracked 
| 179|0x000000008b300000, 0x000000008b300000, 0x000000008b400000|  0%| F|  |TAMS 0x000000008b300000| PB 0x000000008b300000| Untracked 
| 180|0x000000008b400000, 0x000000008b400000, 0x000000008b500000|  0%| F|  |TAMS 0x000000008b400000| PB 0x000000008b400000| Untracked 
| 181|0x000000008b500000, 0x000000008b500000, 0x000000008b600000|  0%| F|  |TAMS 0x000000008b500000| PB 0x000000008b500000| Untracked 
| 182|0x000000008b600000, 0x000000008b600000, 0x000000008b700000|  0%| F|  |TAMS 0x000000008b600000| PB 0x000000008b600000| Untracked 
| 183|0x000000008b700000, 0x000000008b700000, 0x000000008b800000|  0%| F|  |TAMS 0x000000008b700000| PB 0x000000008b700000| Untracked 
| 184|0x000000008b800000, 0x000000008b800000, 0x000000008b900000|  0%| F|  |TAMS 0x000000008b800000| PB 0x000000008b800000| Untracked 
| 185|0x000000008b900000, 0x000000008b900000, 0x000000008ba00000|  0%| F|  |TAMS 0x000000008b900000| PB 0x000000008b900000| Untracked 
| 186|0x000000008ba00000, 0x000000008ba00000, 0x000000008bb00000|  0%| F|  |TAMS 0x000000008ba00000| PB 0x000000008ba00000| Untracked 
| 187|0x000000008bb00000, 0x000000008bb00000, 0x000000008bc00000|  0%| F|  |TAMS 0x000000008bb00000| PB 0x000000008bb00000| Untracked 
| 188|0x000000008bc00000, 0x000000008bc00000, 0x000000008bd00000|  0%| F|  |TAMS 0x000000008bc00000| PB 0x000000008bc00000| Untracked 
| 189|0x000000008bd00000, 0x000000008bd00000, 0x000000008be00000|  0%| F|  |TAMS 0x000000008bd00000| PB 0x000000008bd00000| Untracked 
| 190|0x000000008be00000, 0x000000008be00000, 0x000000008bf00000|  0%| F|  |TAMS 0x000000008be00000| PB 0x000000008be00000| Untracked 
| 191|0x000000008bf00000, 0x000000008bf00000, 0x000000008c000000|  0%| F|  |TAMS 0x000000008bf00000| PB 0x000000008bf00000| Untracked 
| 192|0x000000008c000000, 0x000000008c000000, 0x000000008c100000|  0%| F|  |TAMS 0x000000008c000000| PB 0x000000008c000000| Untracked 
| 193|0x000000008c100000, 0x000000008c100000, 0x000000008c200000|  0%| F|  |TAMS 0x000000008c100000| PB 0x000000008c100000| Untracked 
| 194|0x000000008c200000, 0x000000008c200000, 0x000000008c300000|  0%| F|  |TAMS 0x000000008c200000| PB 0x000000008c200000| Untracked 
| 195|0x000000008c300000, 0x000000008c300000, 0x000000008c400000|  0%| F|  |TAMS 0x000000008c300000| PB 0x000000008c300000| Untracked 
| 196|0x000000008c400000, 0x000000008c400000, 0x000000008c500000|  0%| F|  |TAMS 0x000000008c400000| PB 0x000000008c400000| Untracked 
| 197|0x000000008c500000, 0x000000008c500000, 0x000000008c600000|  0%| F|  |TAMS 0x000000008c500000| PB 0x000000008c500000| Untracked 
| 198|0x000000008c600000, 0x000000008c600000, 0x000000008c700000|  0%| F|  |TAMS 0x000000008c600000| PB 0x000000008c600000| Untracked 
| 199|0x000000008c700000, 0x000000008c700000, 0x000000008c800000|  0%| F|  |TAMS 0x000000008c700000| PB 0x000000008c700000| Untracked 
| 200|0x000000008c800000, 0x000000008c800000, 0x000000008c900000|  0%| F|  |TAMS 0x000000008c800000| PB 0x000000008c800000| Untracked 
| 201|0x000000008c900000, 0x000000008c900000, 0x000000008ca00000|  0%| F|  |TAMS 0x000000008c900000| PB 0x000000008c900000| Untracked 
| 202|0x000000008ca00000, 0x000000008ca00000, 0x000000008cb00000|  0%| F|  |TAMS 0x000000008ca00000| PB 0x000000008ca00000| Untracked 
| 203|0x000000008cb00000, 0x000000008cb00000, 0x000000008cc00000|  0%| F|  |TAMS 0x000000008cb00000| PB 0x000000008cb00000| Untracked 
| 204|0x000000008cc00000, 0x000000008cc00000, 0x000000008cd00000|  0%| F|  |TAMS 0x000000008cc00000| PB 0x000000008cc00000| Untracked 
| 205|0x000000008cd00000, 0x000000008cd00000, 0x000000008ce00000|  0%| F|  |TAMS 0x000000008cd00000| PB 0x000000008cd00000| Untracked 
| 206|0x000000008ce00000, 0x000000008ce00000, 0x000000008cf00000|  0%| F|  |TAMS 0x000000008ce00000| PB 0x000000008ce00000| Untracked 
| 207|0x000000008cf00000, 0x000000008cf00000, 0x000000008d000000|  0%| F|  |TAMS 0x000000008cf00000| PB 0x000000008cf00000| Untracked 
| 208|0x000000008d000000, 0x000000008d000000, 0x000000008d100000|  0%| F|  |TAMS 0x000000008d000000| PB 0x000000008d000000| Untracked 
| 209|0x000000008d100000, 0x000000008d100000, 0x000000008d200000|  0%| F|  |TAMS 0x000000008d100000| PB 0x000000008d100000| Untracked 
| 210|0x000000008d200000, 0x000000008d200000, 0x000000008d300000|  0%| F|  |TAMS 0x000000008d200000| PB 0x000000008d200000| Untracked 
| 211|0x000000008d300000, 0x000000008d300000, 0x000000008d400000|  0%| F|  |TAMS 0x000000008d300000| PB 0x000000008d300000| Untracked 
|2041|0x00000000ff900000, 0x00000000ffa00000, 0x00000000ffa00000|100%| O|  |TAMS 0x00000000ffa00000| PB 0x00000000ff900000| Untracked 
|2042|0x00000000ffa00000, 0x00000000ffb00000, 0x00000000ffb00000|100%| O|  |TAMS 0x00000000ffb00000| PB 0x00000000ffa00000| Untracked 
|2043|0x00000000ffb00000, 0x00000000ffc00000, 0x00000000ffc00000|100%| O|  |TAMS 0x00000000ffc00000| PB 0x00000000ffb00000| Untracked 
|2044|0x00000000ffc00000, 0x00000000ffc00000, 0x00000000ffd00000|  0%| F|  |TAMS 0x00000000ffc00000| PB 0x00000000ffc00000| Untracked 
|2045|0x00000000ffd00000, 0x00000000ffd00000, 0x00000000ffe00000|  0%| F|  |TAMS 0x00000000ffd00000| PB 0x00000000ffd00000| Untracked 
|2046|0x00000000ffe00000, 0x00000000fff00000, 0x00000000fff00000|100%| O|  |TAMS 0x00000000fff00000| PB 0x00000000ffe00000| Untracked 
|2047|0x00000000fff00000, 0x0000000100000000, 0x0000000100000000|100%| O|  |TAMS 0x0000000100000000| PB 0x00000000fff00000| Untracked 

Card table byte_map: [0x000002bcd8800000,0x000002bcd8c00000] _byte_map_base: 0x000002bcd8400000

Marking Bits: (CMBitMap*) 0x000002bcc5fd3680
 Bits: [0x000002bcd8c00000, 0x000002bcdac00000)

Polling page: 0x000002bcc4180000

Metaspace:

Usage:
  Non-class:    108.43 MB used.
      Class:     16.84 MB used.
       Both:    125.27 MB used.

Virtual space:
  Non-class space:      128.00 MB reserved,     109.62 MB ( 86%) committed,  2 nodes.
      Class space:        1.00 GB reserved,      18.00 MB (  2%) committed,  1 nodes.
             Both:        1.12 GB reserved,     127.62 MB ( 11%) committed. 

Chunk freelists:
   Non-Class:  1.47 MB
       Class:  13.81 MB
        Both:  15.29 MB

MaxMetaspaceSize: unlimited
CompressedClassSpaceSize: 1.00 GB
Initial GC threshold: 21.00 MB
Current GC threshold: 202.50 MB
CDS: off
 - commit_granule_bytes: 65536.
 - commit_granule_words: 8192.
 - virtual_space_node_default_size: 8388608.
 - enlarge_chunks_in_place: 1.
 - use_allocation_guard: 0.


Internal statistics:

num_allocs_failed_limit: 6.
num_arena_births: 4760.
num_arena_deaths: 2.
num_vsnodes_births: 3.
num_vsnodes_deaths: 0.
num_space_committed: 2041.
num_space_uncommitted: 0.
num_chunks_returned_to_freelist: 9.
num_chunks_taken_from_freelist: 10376.
num_chunk_merges: 6.
num_chunk_splits: 6712.
num_chunks_enlarged: 4139.
num_inconsistent_stats: 0.

CodeHeap 'non-profiled nmethods': size=120000Kb used=9290Kb max_used=9290Kb free=110709Kb
 bounds [0x000002bcd0ba0000, 0x000002bcd14c0000, 0x000002bcd80d0000]
CodeHeap 'profiled nmethods': size=120000Kb used=24552Kb max_used=24552Kb free=95447Kb
 bounds [0x000002bcc90d0000, 0x000002bcca8d0000, 0x000002bcd0600000]
CodeHeap 'non-nmethods': size=5760Kb used=3245Kb max_used=3274Kb free=2514Kb
 bounds [0x000002bcd0600000, 0x000002bcd0950000, 0x000002bcd0ba0000]
 total_blobs=14303 nmethods=13251 adapters=955
 compilation: enabled
              stopped_count=0, restarted_count=0
 full_count=0

Compilation events (20 events):
Event: 64.303 Thread 0x000002bcedb079b0 nmethod 15611 0x000002bcd14b1410 code [0x000002bcd14b15e0, 0x000002bcd14b1918]
Event: 64.303 Thread 0x000002bcedb079b0 15623       4       java.io.ObjectStreamField::isPrimitive (23 bytes)
Event: 64.303 Thread 0x000002bcedb04330 nmethod 15612 0x000002bcd14b1c10 code [0x000002bcd14b1de0, 0x000002bcd14b2058]
Event: 64.303 Thread 0x000002bcedb04330 15626       4       org.gradle.internal.operations.BuildOperationState::getId (8 bytes)
Event: 64.303 Thread 0x000002bcdd85dc10 nmethod 15620 0x000002bcca8c5c90 code [0x000002bcca8c5ea0, 0x000002bcca8c6498]
Event: 64.303 Thread 0x000002bcdd85dc10 15622       3       jdk.internal.util.ByteArray::getChar (9 bytes)
Event: 64.304 Thread 0x000002bcedb04330 nmethod 15626 0x000002bcd14b2290 code [0x000002bcd14b2420, 0x000002bcd14b24c8]
Event: 64.304 Thread 0x000002bcedb04330 15627       4       java.io.ObjectInputStream$HandleTable::assign (48 bytes)
Event: 64.304 Thread 0x000002bcdd85dc10 nmethod 15622 0x000002bcca8c6810 code [0x000002bcca8c6a00, 0x000002bcca8c6f38]
Event: 64.304 Thread 0x000002bcdd85dc10 15624       3       java.lang.invoke.VarHandleByteArrayAsChars$ArrayHandle::get (36 bytes)
Event: 64.304 Thread 0x000002bcdd85dc10 nmethod 15624 0x000002bcca8c7190 code [0x000002bcca8c7360, 0x000002bcca8c7718]
Event: 64.304 Thread 0x000002bcdd85dc10 15625       3       java.io.DataInputStream::readChar (19 bytes)
Event: 64.304 Thread 0x000002bcedb079b0 nmethod 15623 0x000002bcd14b2590 code [0x000002bcd14b2720, 0x000002bcd14b2850]
Event: 64.304 Thread 0x000002bcedb079b0 15628       4       java.io.ObjectInputStream$BlockDataInputStream::read (62 bytes)
Event: 64.304 Thread 0x000002bcdd85dc10 nmethod 15625 0x000002bcca8c7910 code [0x000002bcca8c7b20, 0x000002bcca8c8130]
Event: 64.304 Thread 0x000002bcdd85dc10 15621  s    3       java.io.File::readObject (81 bytes)
Event: 64.305 Thread 0x000002bcdd85dc10 nmethod 15621 0x000002bcca8c8410 code [0x000002bcca8c8640, 0x000002bcca8c8cc0]
Event: 64.305 Thread 0x000002bcdd85dc10 15619       3       java.lang.invoke.LambdaForm$MH/0x0000000101204c00::invoke (64 bytes)
Event: 64.305 Thread 0x000002bcdd85dc10 nmethod 15619 0x000002bcca8c8f90 code [0x000002bcca8c9240, 0x000002bcca8c9f10]
Event: 64.305 Thread 0x000002bcdd85dc10 15617       3       jdk.internal.misc.Unsafe::getCharUnaligned (34 bytes)

GC Heap History (20 events):
Event: 26.536 GC heap after
{Heap after GC invocations=41 (full 0):
 garbage-first heap   total 211968K, used 97730K [0x0000000080000000, 0x0000000100000000)
  region size 1024K, 3 young (3072K), 3 survivors (3072K)
 Metaspace       used 99588K, committed 101632K, reserved 1179648K
  class space    used 13243K, committed 14272K, reserved 1048576K
}
Event: 27.584 GC heap before
{Heap before GC invocations=42 (full 0):
 garbage-first heap   total 211968K, used 186818K [0x0000000080000000, 0x0000000100000000)
  region size 1024K, 89 young (91136K), 3 survivors (3072K)
 Metaspace       used 106236K, committed 108416K, reserved 1179648K
  class space    used 14324K, committed 15424K, reserved 1048576K
}
Event: 27.589 GC heap after
{Heap after GC invocations=43 (full 0):
 garbage-first heap   total 211968K, used 100945K [0x0000000080000000, 0x0000000100000000)
  region size 1024K, 6 young (6144K), 6 survivors (6144K)
 Metaspace       used 106236K, committed 108416K, reserved 1179648K
  class space    used 14324K, committed 15424K, reserved 1048576K
}
Event: 28.718 GC heap before
{Heap before GC invocations=43 (full 0):
 garbage-first heap   total 211968K, used 194129K [0x0000000080000000, 0x0000000100000000)
  region size 1024K, 97 young (99328K), 6 survivors (6144K)
 Metaspace       used 114491K, committed 116672K, reserved 1179648K
  class space    used 15483K, committed 16576K, reserved 1048576K
}
Event: 28.728 GC heap after
{Heap after GC invocations=44 (full 0):
 garbage-first heap   total 211968K, used 104925K [0x0000000080000000, 0x0000000100000000)
  region size 1024K, 10 young (10240K), 10 survivors (10240K)
 Metaspace       used 114491K, committed 116672K, reserved 1179648K
  class space    used 15483K, committed 16576K, reserved 1048576K
}
Event: 29.474 GC heap before
{Heap before GC invocations=44 (full 0):
 garbage-first heap   total 211968K, used 189917K [0x0000000080000000, 0x0000000100000000)
  region size 1024K, 93 young (95232K), 10 survivors (10240K)
 Metaspace       used 116624K, committed 118912K, reserved 1179648K
  class space    used 15768K, committed 16896K, reserved 1048576K
}
Event: 29.491 GC heap after
{Heap after GC invocations=45 (full 0):
 garbage-first heap   total 211968K, used 114472K [0x0000000080000000, 0x0000000100000000)
  region size 1024K, 12 young (12288K), 12 survivors (12288K)
 Metaspace       used 116624K, committed 118912K, reserved 1179648K
  class space    used 15768K, committed 16896K, reserved 1048576K
}
Event: 29.790 GC heap before
{Heap before GC invocations=45 (full 0):
 garbage-first heap   total 211968K, used 133928K [0x0000000080000000, 0x0000000100000000)
  region size 1024K, 33 young (33792K), 12 survivors (12288K)
 Metaspace       used 117935K, committed 120192K, reserved 1179648K
  class space    used 15858K, committed 16960K, reserved 1048576K
}
Event: 29.804 GC heap after
{Heap after GC invocations=46 (full 0):
 garbage-first heap   total 211968K, used 120892K [0x0000000080000000, 0x0000000100000000)
  region size 1024K, 6 young (6144K), 6 survivors (6144K)
 Metaspace       used 117935K, committed 120192K, reserved 1179648K
  class space    used 15858K, committed 16960K, reserved 1048576K
}
Event: 30.969 GC heap before
{Heap before GC invocations=47 (full 0):
 garbage-first heap   total 211968K, used 192572K [0x0000000080000000, 0x0000000100000000)
  region size 1024K, 71 young (72704K), 6 survivors (6144K)
 Metaspace       used 121204K, committed 123456K, reserved 1179648K
  class space    used 16216K, committed 17344K, reserved 1048576K
}
Event: 30.980 GC heap after
{Heap after GC invocations=48 (full 0):
 garbage-first heap   total 211968K, used 127778K [0x0000000080000000, 0x0000000100000000)
  region size 1024K, 9 young (9216K), 9 survivors (9216K)
 Metaspace       used 121204K, committed 123456K, reserved 1179648K
  class space    used 16216K, committed 17344K, reserved 1048576K
}
Event: 31.561 GC heap before
{Heap before GC invocations=48 (full 0):
 garbage-first heap   total 211968K, used 189218K [0x0000000080000000, 0x0000000100000000)
  region size 1024K, 70 young (71680K), 9 survivors (9216K)
 Metaspace       used 121739K, committed 124032K, reserved 1179648K
  class space    used 16313K, committed 17472K, reserved 1048576K
}
Event: 31.571 GC heap after
{Heap after GC invocations=49 (full 0):
 garbage-first heap   total 211968K, used 130151K [0x0000000080000000, 0x0000000100000000)
  region size 1024K, 5 young (5120K), 5 survivors (5120K)
 Metaspace       used 121739K, committed 124032K, reserved 1179648K
  class space    used 16313K, committed 17472K, reserved 1048576K
}
Event: 32.423 GC heap before
{Heap before GC invocations=49 (full 0):
 garbage-first heap   total 211968K, used 190567K [0x0000000080000000, 0x0000000100000000)
  region size 1024K, 65 young (66560K), 5 survivors (5120K)
 Metaspace       used 122036K, committed 124288K, reserved 1179648K
  class space    used 16345K, committed 17472K, reserved 1048576K
}
Event: 32.431 GC heap after
{Heap after GC invocations=50 (full 0):
 garbage-first heap   total 211968K, used 132334K [0x0000000080000000, 0x0000000100000000)
  region size 1024K, 8 young (8192K), 8 survivors (8192K)
 Metaspace       used 122036K, committed 124288K, reserved 1179648K
  class space    used 16345K, committed 17472K, reserved 1048576K
}
Event: 33.322 GC heap before
{Heap before GC invocations=51 (full 0):
 garbage-first heap   total 224256K, used 188654K [0x0000000080000000, 0x0000000100000000)
  region size 1024K, 64 young (65536K), 8 survivors (8192K)
 Metaspace       used 124864K, committed 127296K, reserved 1179648K
  class space    used 16732K, committed 17984K, reserved 1048576K
}
Event: 33.332 GC heap after
{Heap after GC invocations=52 (full 0):
 garbage-first heap   total 224256K, used 136690K [0x0000000080000000, 0x0000000100000000)
  region size 1024K, 7 young (7168K), 7 survivors (7168K)
 Metaspace       used 124864K, committed 127296K, reserved 1179648K
  class space    used 16732K, committed 17984K, reserved 1048576K
}
Event: 33.731 GC heap before
{Heap before GC invocations=52 (full 0):
 garbage-first heap   total 224256K, used 202226K [0x0000000080000000, 0x0000000100000000)
  region size 1024K, 72 young (73728K), 7 survivors (7168K)
 Metaspace       used 125762K, committed 128128K, reserved 1179648K
  class space    used 16861K, committed 18048K, reserved 1048576K
}
Event: 33.740 GC heap after
{Heap after GC invocations=53 (full 0):
 garbage-first heap   total 224256K, used 137167K [0x0000000080000000, 0x0000000100000000)
  region size 1024K, 5 young (5120K), 5 survivors (5120K)
 Metaspace       used 125762K, committed 128128K, reserved 1179648K
  class space    used 16861K, committed 18048K, reserved 1048576K
}
Event: 64.306 GC heap before
{Heap before GC invocations=53 (full 0):
 garbage-first heap   total 224256K, used 204751K [0x0000000080000000, 0x0000000100000000)
  region size 1024K, 72 young (73728K), 5 survivors (5120K)
 Metaspace       used 128273K, committed 130688K, reserved 1179648K
  class space    used 17244K, committed 18432K, reserved 1048576K
}

Dll operation events (3 events):
Event: 0.017 Loaded shared library D:\Android Studio\jbr\bin\java.dll
Event: 0.028 Loaded shared library D:\Android Studio\jbr\bin\zip.dll
Event: 1.045 Loaded shared library D:\Android Studio\jbr\bin\verify.dll

Deoptimization events (20 events):
Event: 64.243 Thread 0x000002bce8bda550 Uncommon trap: trap_request=0xffffff45 fr.pc=0x000002bcd0bfdbf0 relative=0x0000000000000530
Event: 64.243 Thread 0x000002bce8bda550 Uncommon trap: reason=unstable_if action=reinterpret pc=0x000002bcd0bfdbf0 method=java.util.zip.ZipFile$Source.getEntryPos(Ljava/lang/String;Z)I @ 105 c2
Event: 64.243 Thread 0x000002bce8bda550 DEOPT PACKING pc=0x000002bcd0bfdbf0 sp=0x000000ccffff8550
Event: 64.243 Thread 0x000002bce8bda550 DEOPT UNPACKING pc=0x000002bcd0657da2 sp=0x000000ccffff84e8 mode 2
Event: 64.264 Thread 0x000002bce7ca1080 Uncommon trap: trap_request=0xffffff45 fr.pc=0x000002bcd0d25b10 relative=0x00000000000000f0
Event: 64.264 Thread 0x000002bce7ca1080 Uncommon trap: reason=unstable_if action=reinterpret pc=0x000002bcd0d25b10 method=jdk.internal.misc.Unsafe.convEndian(ZS)S @ 4 c2
Event: 64.264 Thread 0x000002bce7ca1080 DEOPT PACKING pc=0x000002bcd0d25b10 sp=0x000000cc835fd3f0
Event: 64.264 Thread 0x000002bce7ca1080 DEOPT UNPACKING pc=0x000002bcd0657da2 sp=0x000000cc835fd188 mode 2
Event: 64.265 Thread 0x000002bce7ca1080 Uncommon trap: trap_request=0xffffff45 fr.pc=0x000002bcd0caf2b0 relative=0x0000000000000090
Event: 64.265 Thread 0x000002bce7ca1080 Uncommon trap: reason=unstable_if action=reinterpret pc=0x000002bcd0caf2b0 method=jdk.internal.misc.Unsafe.convEndian(ZS)S @ 4 c2
Event: 64.265 Thread 0x000002bce7ca1080 DEOPT PACKING pc=0x000002bcd0caf2b0 sp=0x000000cc835fd2d0
Event: 64.265 Thread 0x000002bce7ca1080 DEOPT UNPACKING pc=0x000002bcd0657da2 sp=0x000000cc835fd1d8 mode 2
Event: 64.299 Thread 0x000002bce7c99a60 Uncommon trap: trap_request=0xffffffc6 fr.pc=0x000002bcd137309c relative=0x00000000000005dc
Event: 64.299 Thread 0x000002bce7c99a60 Uncommon trap: reason=bimorphic_or_optimized_type_check action=maybe_recompile pc=0x000002bcd137309c method=java.util.concurrent.FutureTask.run()V @ 39 c2
Event: 64.299 Thread 0x000002bce7c99a60 DEOPT PACKING pc=0x000002bcd137309c sp=0x000000cc83ffefd0
Event: 64.299 Thread 0x000002bce7c99a60 DEOPT UNPACKING pc=0x000002bcd0657da2 sp=0x000000cc83ffef70 mode 2
Event: 64.301 Thread 0x000002bce7c9a0f0 Uncommon trap: trap_request=0xffffffc6 fr.pc=0x000002bcd137309c relative=0x00000000000005dc
Event: 64.301 Thread 0x000002bce7c9a0f0 Uncommon trap: reason=bimorphic_or_optimized_type_check action=maybe_recompile pc=0x000002bcd137309c method=java.util.concurrent.FutureTask.run()V @ 39 c2
Event: 64.301 Thread 0x000002bce7c9a0f0 DEOPT PACKING pc=0x000002bcd137309c sp=0x000000cc840fe9f0
Event: 64.301 Thread 0x000002bce7c9a0f0 DEOPT UNPACKING pc=0x000002bcd0657da2 sp=0x000000cc840fe990 mode 2

Classes loaded (20 events):
Event: 35.012 Loading class sun/rmi/transport/tcp/TCPTransport$ConnectionHandler
Event: 35.013 Loading class sun/rmi/transport/tcp/TCPTransport$ConnectionHandler done
Event: 35.017 Loading class sun/rmi/transport/Transport$1
Event: 35.017 Loading class sun/rmi/transport/Transport$1 done
Event: 35.018 Loading class sun/rmi/transport/DGCImpl$LeaseInfo
Event: 35.018 Loading class sun/rmi/transport/DGCImpl$LeaseInfo done
Event: 35.018 Loading class sun/rmi/transport/DGCImpl$1
Event: 35.019 Loading class sun/rmi/transport/DGCImpl$1 done
Event: 35.019 Loading class sun/rmi/transport/SequenceEntry
Event: 35.019 Loading class sun/rmi/transport/SequenceEntry done
Event: 64.184 Loading class sun/nio/fs/Globs
Event: 64.185 Loading class sun/nio/fs/Globs done
Event: 64.185 Loading class java/util/regex/Pattern$SliceU
Event: 64.185 Loading class java/util/regex/Pattern$SliceU done
Event: 64.185 Loading class sun/nio/fs/WindowsFileSystem$2
Event: 64.186 Loading class sun/nio/fs/WindowsFileSystem$2 done
Event: 64.232 Loading class java/util/zip/ZipFile$ZipEntryIterator
Event: 64.232 Loading class java/util/zip/ZipFile$ZipEntryIterator done
Event: 64.234 Loading class java/util/zip/ZipOutputStream
Event: 64.235 Loading class java/util/zip/ZipOutputStream done

Classes unloaded (1 events):
Event: 32.549 Thread 0x000002bcdd7cb0d0 Unloading class 0x00000001010c9000 'jdk/internal/reflect/GeneratedSerializationConstructorAccessor100'

Classes redefined (0 events):
No events

Internal exceptions (20 events):
Event: 33.872 Thread 0x000002bce8bdb270 Exception <a 'java/lang/NoSuchMethodError'{0x000000008c608478}: static Ljava/lang/Object;.<clinit>()V> (0x000000008c608478) 
thrown [s\src\hotspot\share\prims\jni.cpp, line 1139]
Event: 34.826 Thread 0x000002bce7ca1080 Exception <a 'java/lang/NoSuchMethodError'{0x000000008c577a10}: static Lorg/jetbrains/kotlin/daemon/common/LoopbackNetworkInterface$AbstractClientLoopbackSocketFactory;.<clinit>()V> (0x000000008c577a10) 
thrown [s\src\hotspot\share\prims\jni.cpp, line 1139]
Event: 34.826 Thread 0x000002bce7ca1080 Exception <a 'java/lang/NoSuchMethodError'{0x000000008c583c60}: static Lorg/jetbrains/kotlin/daemon/common/LoopbackNetworkInterface$ClientLoopbackSocketFactory;.<clinit>()V> (0x000000008c583c60) 
thrown [s\src\hotspot\share\prims\jni.cpp, line 1139]
Event: 34.841 Thread 0x000002bce7ca1080 Exception <a 'java/lang/NoSuchMethodError'{0x000000008c5f3510}: static [Ljava/rmi/server/ObjID;.<clinit>()V> (0x000000008c5f3510) 
thrown [s\src\hotspot\share\prims\jni.cpp, line 1139]
Event: 34.843 Thread 0x000002bce7ca1080 Exception <a 'java/lang/NoSuchMethodError'{0x000000008c4180a8}: static [B.<clinit>()V> (0x000000008c4180a8) 
thrown [s\src\hotspot\share\prims\jni.cpp, line 1139]
Event: 34.852 Thread 0x000002bce7c98020 Exception <a 'java/lang/NoSuchMethodError'{0x000000008c5e4328}: 'java.lang.Object java.lang.invoke.DirectMethodHandle$Holder.newInvokeSpecial(java.lang.Object, java.lang.Object, int, java.lang.Object, long)'> (0x000000008c5e4328) 
thrown [s\src\hotspot\share\interpreter\linkResolver.cpp, line 784]
Event: 34.868 Thread 0x000002bce7ca1080 Exception <a 'java/lang/NoSuchMethodError'{0x000000008c461490}: static Lorg/jetbrains/kotlin/daemon/common/CompileService$CallResult;.<clinit>()V> (0x000000008c461490) 
thrown [s\src\hotspot\share\prims\jni.cpp, line 1139]
Event: 34.869 Thread 0x000002bce7ca1080 Exception <a 'java/lang/NoSuchMethodError'{0x000000008c46d728}: static Lorg/jetbrains/kotlin/daemon/common/CompileService$CallResult$Good;.<clinit>()V> (0x000000008c46d728) 
thrown [s\src\hotspot\share\prims\jni.cpp, line 1139]
Event: 34.869 Thread 0x000002bce7ca1080 Exception <a 'java/lang/NoSuchMethodError'{0x000000008c47aa18}: static Lorg/jetbrains/kotlin/daemon/common/DaemonJVMOptions;.<clinit>()V> (0x000000008c47aa18) 
thrown [s\src\hotspot\share\prims\jni.cpp, line 1139]
Event: 34.876 Thread 0x000002bce7ca1080 Exception <a 'java/lang/NoSuchMethodError'{0x000000008c4958f8}: static Lorg/jetbrains/kotlin/daemon/common/CompileService$CallResult$Ok;.<clinit>()V> (0x000000008c4958f8) 
thrown [s\src\hotspot\share\prims\jni.cpp, line 1139]
Event: 34.920 Thread 0x000002bce7ca1080 Exception <a 'java/lang/NoSuchMethodError'{0x000000008c24f060}: static [Ljava/lang/Integer;.<clinit>()V> (0x000000008c24f060) 
thrown [s\src\hotspot\share\prims\jni.cpp, line 1139]
Event: 61.680 Thread 0x000002bce7c958c0 Exception <a 'java/lang/NoSuchMethodError'{0x000000008be21a90}: 'void java.lang.invoke.DirectMethodHandle$Holder.invokeInterface(java.lang.Object, java.lang.Object, int, java.lang.Object)'> (0x000000008be21a90) 
thrown [s\src\hotspot\share\interpreter\linkResolver.cpp, line 784]
Event: 61.681 Thread 0x000002bce7c958c0 Exception <a 'java/lang/NoSuchMethodError'{0x000000008be25458}: 'void java.lang.invoke.DelegatingMethodHandle$Holder.reinvoke_L(java.lang.Object, java.lang.Object, int, java.lang.Object)'> (0x000000008be25458) 
thrown [s\src\hotspot\share\interpreter\linkResolver.cpp, line 784]
Event: 61.689 Thread 0x000002bce7c958c0 Exception <a 'java/lang/NoSuchMethodError'{0x000000008be44098}: 'void java.lang.invoke.DelegatingMethodHandle$Holder.reinvoke_L(java.lang.Object, java.lang.Object, int, int, java.lang.Object, java.lang.Object)'> (0x000000008be44098) 
thrown [s\src\hotspot\share\interpreter\linkResolver.cpp, line 784]
Event: 63.790 Thread 0x000002bce8bd91a0 Exception <a 'sun/nio/fs/WindowsException'{0x000000008b899810}> (0x000000008b899810) 
thrown [s\src\hotspot\share\prims\jni.cpp, line 535]
Event: 63.790 Thread 0x000002bce8bd91a0 Exception <a 'sun/nio/fs/WindowsException'{0x000000008b89b710}> (0x000000008b89b710) 
thrown [s\src\hotspot\share\prims\jni.cpp, line 535]
Event: 63.791 Thread 0x000002bce8bd91a0 Exception <a 'sun/nio/fs/WindowsException'{0x000000008b89d220}> (0x000000008b89d220) 
thrown [s\src\hotspot\share\prims\jni.cpp, line 535]
Event: 64.050 Thread 0x000002bce8bd91a0 Exception <a 'java/lang/NoSuchMethodError'{0x000000008a7fa958}: static Lcom/android/build/gradle/internal/tasks/MergeJavaResWorkAction$SourcedInput;.<clinit>()V> (0x000000008a7fa958) 
thrown [s\src\hotspot\share\prims\jni.cpp, line 1139]
Event: 64.232 Thread 0x000002bce8bda550 Implicit null exception at 0x000002bcd0d87cea to 0x000002bcd0d88854
Event: 64.298 Thread 0x000002bce8bda550 Exception <a 'java/lang/NoSuchMethodError'{0x000000008955d908}: static Lcom/android/build/gradle/internal/tasks/DexArchiveBuilderTaskDelegate$ClasspathServiceKey;.<clinit>()V> (0x000000008955d908) 
thrown [s\src\hotspot\share\prims\jni.cpp, line 1139]

ZGC Phase Switch (0 events):
No events

VM Operations (20 events):
Event: 59.910 Executing VM operation: Cleanup done
Event: 60.038 Executing VM operation: HandshakeAllThreads (HandshakeForDeflation)
Event: 60.038 Executing VM operation: HandshakeAllThreads (HandshakeForDeflation) done
Event: 60.038 Executing VM operation: RendezvousGCThreads
Event: 60.038 Executing VM operation: RendezvousGCThreads done
Event: 61.038 Executing VM operation: Cleanup
Event: 61.038 Executing VM operation: Cleanup done
Event: 62.039 Executing VM operation: Cleanup
Event: 62.039 Executing VM operation: Cleanup done
Event: 63.039 Executing VM operation: Cleanup
Event: 63.039 Executing VM operation: Cleanup done
Event: 63.056 Executing VM operation: HandshakeAllThreads (Deoptimize)
Event: 63.056 Executing VM operation: HandshakeAllThreads (Deoptimize) done
Event: 63.799 Executing VM operation: HandshakeAllThreads (Deoptimize)
Event: 63.799 Executing VM operation: HandshakeAllThreads (Deoptimize) done
Event: 63.834 Executing VM operation: HandshakeAllThreads (Deoptimize)
Event: 63.834 Executing VM operation: HandshakeAllThreads (Deoptimize) done
Event: 63.908 Executing VM operation: ICBufferFull
Event: 63.908 Executing VM operation: ICBufferFull done
Event: 64.305 Executing VM operation: G1CollectForAllocation (G1 Evacuation Pause)

Memory protections (0 events):
No events

Nmethod flushes (20 events):
Event: 32.562 Thread 0x000002bcdd7cb0d0 flushing  nmethod 0x000002bcc9d0cc90
Event: 32.562 Thread 0x000002bcdd7cb0d0 flushing  nmethod 0x000002bcc9e7aa90
Event: 32.562 Thread 0x000002bcdd7cb0d0 flushing  nmethod 0x000002bcc9ef9310
Event: 32.562 Thread 0x000002bcdd7cb0d0 flushing  nmethod 0x000002bcc9efa210
Event: 32.562 Thread 0x000002bcdd7cb0d0 flushing  nmethod 0x000002bcc9efb810
Event: 32.562 Thread 0x000002bcdd7cb0d0 flushing  nmethod 0x000002bcc9efc410
Event: 32.562 Thread 0x000002bcdd7cb0d0 flushing  nmethod 0x000002bcc9efd110
Event: 32.562 Thread 0x000002bcdd7cb0d0 flushing  nmethod 0x000002bcc9efd910
Event: 32.562 Thread 0x000002bcdd7cb0d0 flushing  nmethod 0x000002bcc9efe610
Event: 32.562 Thread 0x000002bcdd7cb0d0 flushing  nmethod 0x000002bcc9f23e90
Event: 32.562 Thread 0x000002bcdd7cb0d0 flushing  nmethod 0x000002bcc9f24510
Event: 32.562 Thread 0x000002bcdd7cb0d0 flushing  nmethod 0x000002bcca016e10
Event: 32.562 Thread 0x000002bcdd7cb0d0 flushing  nmethod 0x000002bcca019c10
Event: 32.562 Thread 0x000002bcdd7cb0d0 flushing  nmethod 0x000002bcca01a290
Event: 32.562 Thread 0x000002bcdd7cb0d0 flushing  nmethod 0x000002bcca046410
Event: 32.562 Thread 0x000002bcdd7cb0d0 flushing  nmethod 0x000002bcca0b7410
Event: 32.562 Thread 0x000002bcdd7cb0d0 flushing  nmethod 0x000002bcca0b9090
Event: 32.562 Thread 0x000002bcdd7cb0d0 flushing  nmethod 0x000002bcca2ce110
Event: 32.562 Thread 0x000002bcdd7cb0d0 flushing  nmethod 0x000002bcca2ce490
Event: 32.562 Thread 0x000002bcdd7cb0d0 flushing  nmethod 0x000002bcca49c110

Events (20 events):
Event: 32.904 Thread 0x000002bce8a907d0 Thread exited: 0x000002bce8a907d0
Event: 33.024 Thread 0x000002bcdd85dc10 Thread added: 0x000002bcedb05e70
Event: 33.260 Thread 0x000002bce8bd91a0 Thread added: 0x000002bce7ca1080
Event: 33.630 Thread 0x000002bce7ca1080 Thread added: 0x000002bce7c95f50
Event: 34.766 Thread 0x000002bce7c95f50 Thread exited: 0x000002bce7c95f50
Event: 34.767 Thread 0x000002bcedb05e70 Thread exited: 0x000002bcedb05e70
Event: 34.827 Thread 0x000002bce7ca1080 Thread added: 0x000002bce7c95f50
Event: 34.834 Thread 0x000002bce7ca1080 Thread added: 0x000002bce7c98020
Event: 34.837 Loaded shared library D:\Android Studio\jbr\bin\rmi.dll
Event: 34.838 Thread 0x000002bce7ca1080 Thread added: 0x000002bce7c965e0
Event: 34.912 Thread 0x000002bce7ca1080 Thread added: 0x000002bce7c986b0
Event: 34.912 Thread 0x000002bce7ca1080 Thread added: 0x000002bce7c96c70
Event: 35.013 Thread 0x000002bce7c986b0 Thread added: 0x000002bce7c958c0
Event: 63.912 Thread 0x000002bcdd85dc10 Thread added: 0x000002bcedb04330
Event: 63.914 Thread 0x000002bcdd85dc10 Thread added: 0x000002bcedb079b0
Event: 64.052 Thread 0x000002bce8bd91a0 Thread added: 0x000002bce7c99a60
Event: 64.299 Thread 0x000002bce8bda550 Thread added: 0x000002bce7c9a0f0
Event: 64.301 Thread 0x000002bce8bda550 Thread added: 0x000002bce7c97990
Event: 64.302 Thread 0x000002bce8bda550 Thread added: 0x000002bce7c97300
Event: 64.304 Thread 0x000002bce8bda550 Thread added: 0x000002bce7c9c1c0


Dynamic libraries:
0x00007ff7cbac0000 - 0x00007ff7cbaca000 	D:\Android Studio\jbr\bin\java.exe
0x00007ff988e40000 - 0x00007ff9890a7000 	C:\WINDOWS\SYSTEM32\ntdll.dll
0x00007ff987790000 - 0x00007ff987859000 	C:\WINDOWS\System32\KERNEL32.DLL
0x00007ff986140000 - 0x00007ff98652f000 	C:\WINDOWS\System32\KERNELBASE.dll
0x00007ff986860000 - 0x00007ff9869ab000 	C:\WINDOWS\System32\ucrtbase.dll
0x00007ff9679c0000 - 0x00007ff9679db000 	D:\Android Studio\jbr\bin\VCRUNTIME140.dll
0x00007ff971cb0000 - 0x00007ff971cc8000 	D:\Android Studio\jbr\bin\jli.dll
0x00007ff988640000 - 0x00007ff988805000 	C:\WINDOWS\System32\USER32.dll
0x00007ff986110000 - 0x00007ff986137000 	C:\WINDOWS\System32\win32u.dll
0x00007ff969be0000 - 0x00007ff969e73000 	C:\WINDOWS\WinSxS\amd64_microsoft.windows.common-controls_6595b64144ccf1df_6.0.26100.7309_none_3e05feeae336a044\COMCTL32.dll
0x00007ff987760000 - 0x00007ff98778b000 	C:\WINDOWS\System32\GDI32.dll
0x00007ff986c50000 - 0x00007ff986cf9000 	C:\WINDOWS\System32\msvcrt.dll
0x00007ff986540000 - 0x00007ff98666c000 	C:\WINDOWS\System32\gdi32full.dll
0x00007ff986670000 - 0x00007ff986713000 	C:\WINDOWS\System32\msvcp_win.dll
0x00007ff988b30000 - 0x00007ff988b61000 	C:\WINDOWS\System32\IMM32.DLL
0x00007ff9679e0000 - 0x00007ff9679ec000 	D:\Android Studio\jbr\bin\vcruntime140_1.dll
0x00007ff971c20000 - 0x00007ff971cad000 	D:\Android Studio\jbr\bin\msvcp140.dll
0x00007ff9184f0000 - 0x00007ff91917b000 	D:\Android Studio\jbr\bin\server\jvm.dll
0x00007ff988820000 - 0x00007ff9888d4000 	C:\WINDOWS\System32\ADVAPI32.dll
0x00007ff988b70000 - 0x00007ff988c16000 	C:\WINDOWS\System32\sechost.dll
0x00007ff9875a0000 - 0x00007ff9876b8000 	C:\WINDOWS\System32\RPCRT4.dll
0x00007ff9888e0000 - 0x00007ff988954000 	C:\WINDOWS\System32\WS2_32.dll
0x00007ff985df0000 - 0x00007ff985e4e000 	C:\WINDOWS\SYSTEM32\POWRPROF.dll
0x00007ff9761a0000 - 0x00007ff9761ab000 	C:\WINDOWS\SYSTEM32\VERSION.dll
0x00007ff96e670000 - 0x00007ff96e6a5000 	C:\WINDOWS\SYSTEM32\WINMM.dll
0x00007ff985dd0000 - 0x00007ff985de4000 	C:\WINDOWS\SYSTEM32\UMPDC.dll
0x00007ff984d10000 - 0x00007ff984d2b000 	C:\WINDOWS\SYSTEM32\kernel.appcore.dll
0x00007ff9679b0000 - 0x00007ff9679ba000 	D:\Android Studio\jbr\bin\jimage.dll
0x00007ff983250000 - 0x00007ff983492000 	C:\WINDOWS\SYSTEM32\DBGHELP.DLL
0x00007ff987200000 - 0x00007ff987586000 	C:\WINDOWS\System32\combase.dll
0x00007ff986d00000 - 0x00007ff986dd6000 	C:\WINDOWS\System32\OLEAUT32.dll
0x00007ff9741f0000 - 0x00007ff97422c000 	C:\WINDOWS\SYSTEM32\dbgcore.DLL
0x00007ff9867b0000 - 0x00007ff986855000 	C:\WINDOWS\System32\bcryptPrimitives.dll
0x00007ff971c10000 - 0x00007ff971c1e000 	D:\Android Studio\jbr\bin\instrument.dll
0x00007ff967990000 - 0x00007ff9679b0000 	D:\Android Studio\jbr\bin\java.dll
0x00007ff967970000 - 0x00007ff967988000 	D:\Android Studio\jbr\bin\zip.dll
0x00007ff987db0000 - 0x00007ff988503000 	C:\WINDOWS\System32\SHELL32.dll
0x00007ff9869b0000 - 0x00007ff986b1a000 	C:\WINDOWS\System32\wintypes.dll
0x00007ff983b50000 - 0x00007ff9843ae000 	C:\WINDOWS\SYSTEM32\windows.storage.dll
0x00007ff986de0000 - 0x00007ff986ed4000 	C:\WINDOWS\System32\SHCORE.dll
0x00007ff986be0000 - 0x00007ff986c46000 	C:\WINDOWS\System32\shlwapi.dll
0x00007ff985eb0000 - 0x00007ff985ed9000 	C:\WINDOWS\SYSTEM32\profapi.dll
0x00007ff967960000 - 0x00007ff967970000 	D:\Android Studio\jbr\bin\net.dll
0x00007ff976070000 - 0x00007ff976198000 	C:\WINDOWS\SYSTEM32\WINHTTP.dll
0x00007ff985290000 - 0x00007ff9852fb000 	C:\WINDOWS\system32\mswsock.dll
0x00007ff967940000 - 0x00007ff967956000 	D:\Android Studio\jbr\bin\nio.dll
0x00007ff973ba0000 - 0x00007ff973bb0000 	D:\Android Studio\jbr\bin\verify.dll
0x00007ff971160000 - 0x00007ff971187000 	C:\Users\asus8\.gradle\native\1def1411415f61bf3af743bc5b6707747c0891f09f0c88961ee8f79bc544acac\windows-amd64\native-platform.dll
0x00007ff971b90000 - 0x00007ff971c08000 	C:\Users\asus8\.gradle\native\0.2.7\x86_64-windows-gnu\gradle-fileevents.dll
0x00007ff967920000 - 0x00007ff967929000 	D:\Android Studio\jbr\bin\management.dll
0x00007ff962150000 - 0x00007ff96215b000 	D:\Android Studio\jbr\bin\management_ext.dll
0x00007ff988b20000 - 0x00007ff988b28000 	C:\WINDOWS\System32\PSAPI.DLL
0x00007ff984740000 - 0x00007ff984774000 	C:\WINDOWS\SYSTEM32\IPHLPAPI.DLL
0x00007ff988810000 - 0x00007ff98881a000 	C:\WINDOWS\System32\NSI.dll
0x00007ff967930000 - 0x00007ff967939000 	D:\Android Studio\jbr\bin\extnet.dll
0x00007ff985580000 - 0x00007ff98559b000 	C:\WINDOWS\SYSTEM32\CRYPTSP.dll
0x00007ff984c70000 - 0x00007ff984caa000 	C:\WINDOWS\system32\rsaenh.dll
0x00007ff985360000 - 0x00007ff98538b000 	C:\WINDOWS\SYSTEM32\USERENV.dll
0x00007ff985e80000 - 0x00007ff985eaa000 	C:\WINDOWS\SYSTEM32\bcrypt.dll
0x00007ff985570000 - 0x00007ff98557c000 	C:\WINDOWS\SYSTEM32\CRYPTBASE.dll
0x00007ff93daa0000 - 0x00007ff93daa8000 	C:\WINDOWS\system32\wshunix.dll
0x00007ff958a10000 - 0x00007ff958a28000 	C:\WINDOWS\system32\napinsp.dll
0x00007ff9847e0000 - 0x00007ff98490c000 	C:\WINDOWS\SYSTEM32\DNSAPI.dll
0x00007ff9563a0000 - 0x00007ff9563b2000 	C:\WINDOWS\System32\winrnr.dll
0x00007ff956370000 - 0x00007ff956392000 	C:\WINDOWS\system32\nlansp_c.dll
0x00007ff956350000 - 0x00007ff956366000 	C:\WINDOWS\system32\wshbth.dll
0x00007ff9761b0000 - 0x00007ff9761bb000 	C:\Windows\System32\rasadhlp.dll
0x00007ff977320000 - 0x00007ff9773a6000 	C:\WINDOWS\System32\fwpuclnt.dll
0x00007ff974950000 - 0x00007ff974957000 	D:\Android Studio\jbr\bin\rmi.dll

dbghelp: loaded successfully - version: 4.0.5 - missing functions: none
symbol engine: initialized successfully - sym options: 0x614 - pdb path: .;D:\Android Studio\jbr\bin;C:\WINDOWS\SYSTEM32;C:\WINDOWS\WinSxS\amd64_microsoft.windows.common-controls_6595b64144ccf1df_6.0.26100.7309_none_3e05feeae336a044;D:\Android Studio\jbr\bin\server;C:\Users\asus8\.gradle\native\1def1411415f61bf3af743bc5b6707747c0891f09f0c88961ee8f79bc544acac\windows-amd64;C:\Users\asus8\.gradle\native\0.2.7\x86_64-windows-gnu

VM Arguments:
jvm_args: --add-opens=java.base/java.lang=ALL-UNNAMED --add-opens=java.base/java.lang.invoke=ALL-UNNAMED --add-opens=java.base/java.util=ALL-UNNAMED --add-opens=java.prefs/java.util.prefs=ALL-UNNAMED --add-exports=jdk.compiler/com.sun.tools.javac.api=ALL-UNNAMED --add-exports=jdk.compiler/com.sun.tools.javac.util=ALL-UNNAMED --add-opens=java.base/java.util=ALL-UNNAMED --add-opens=java.prefs/java.util.prefs=ALL-UNNAMED --add-opens=java.base/java.nio.charset=ALL-UNNAMED --add-opens=java.base/java.net=ALL-UNNAMED --add-opens=java.base/java.util.concurrent.atomic=ALL-UNNAMED --add-opens=java.xml/javax.xml.namespace=ALL-UNNAMED -Xmx2048m -Dfile.encoding=UTF-8 -Duser.country=ID -Duser.language=en -Duser.variant -javaagent:C:\Users\asus8\.gradle\wrapper\dists\gradle-8.13-bin\5xuhj0ry160q40clulazy9h7d\gradle-8.13\lib\agents\gradle-instrumentation-agent-8.13.jar 
java_command: org.gradle.launcher.daemon.bootstrap.GradleDaemon 8.13
java_class_path (initial): C:\Users\asus8\.gradle\wrapper\dists\gradle-8.13-bin\5xuhj0ry160q40clulazy9h7d\gradle-8.13\lib\gradle-daemon-main-8.13.jar
Launcher Type: SUN_STANDARD

[Global flags]
     intx CICompilerCount                          = 4                                         {product} {ergonomic}
     uint ConcGCThreads                            = 2                                         {product} {ergonomic}
     uint G1ConcRefinementThreads                  = 8                                         {product} {ergonomic}
   size_t G1HeapRegionSize                         = 1048576                                   {product} {ergonomic}
    uintx GCDrainStackTargetSize                   = 64                                        {product} {ergonomic}
   size_t InitialHeapSize                          = 130023424                                 {product} {ergonomic}
   size_t MarkStackSize                            = 4194304                                   {product} {ergonomic}
   size_t MaxHeapSize                              = 2147483648                                {product} {command line}
   size_t MaxNewSize                               = 1287651328                                {product} {ergonomic}
   size_t MinHeapDeltaBytes                        = 1048576                                   {product} {ergonomic}
   size_t MinHeapSize                              = 8388608                                   {product} {ergonomic}
    uintx NonNMethodCodeHeapSize                   = 5839372                                {pd product} {ergonomic}
    uintx NonProfiledCodeHeapSize                  = 122909434                              {pd product} {ergonomic}
    uintx ProfiledCodeHeapSize                     = 122909434                              {pd product} {ergonomic}
    uintx ReservedCodeCacheSize                    = 251658240                              {pd product} {ergonomic}
     bool SegmentedCodeCache                       = true                                      {product} {ergonomic}
   size_t SoftMaxHeapSize                          = 2147483648                             {manageable} {ergonomic}
     bool UseCompressedOops                        = true                           {product lp64_product} {ergonomic}
     bool UseG1GC                                  = true                                      {product} {ergonomic}
     bool UseLargePagesIndividualAllocation        = false                                  {pd product} {ergonomic}

Logging:
Log output configuration:
 #0: stdout all=warning uptime,level,tags foldmultilines=false
 #1: stderr all=off uptime,level,tags foldmultilines=false

Environment Variables:
PATH=C:\Program Files (x86)\Common Files\Oracle\Java\java8path;C:\Program Files (x86)\Common Files\Oracle\Java\javapath;C:\Users\asus8\AppData\Local\Programs\Python\Python313\Scripts\;C:\Users\asus8\AppData\Local\Programs\Python\Python313\;C:\PROGRA~2\Borland\CBUILD~1\Bin;C:\PROGRA~2\Borland\CBUILD~1\Projects\Bpl;C:\Windows\system32;C:\Windows;C:\Windows\System32\Wbem;C:\Windows\System32\WindowsPowerShell\v1.0\;C:\Windows\System32\OpenSSH\;C:\Program Files (x86)\NVIDIA Corporation\PhysX\Common;C:\Program Files\NVIDIA Corporation\NVIDIA NvDLISR;C:\WINDOWS\system32;C:\WINDOWS;C:\WINDOWS\System32\Wbem;C:\WINDOWS\System32\WindowsPowerShell\v1.0\;C:\WINDOWS\System32\OpenSSH\;C:\Program Files\nodejs\;C:\ProgramData\chocolatey\bin;c:\Users\asus8\AppData\Local\Programs\cursor\resources\app\bin;C:\Program Files\Git\cmd;C:\Users\asus8\AppData\Local\Android\Sdk\platform-tools;C:\Users\asus8\AppData\Local\Programs\Python\Launcher\;C:\Users\asus8\AppData\Local\Microsoft\WindowsApps;C:\Users\asus8\AppData\Local\Programs\Microsoft VS Code\bin;C:\Users\asus8\AppData\Roaming\npm;C:\Users\asus8\AppData\Local\GitHubDesktop\bin;C:\Users\asus8\AppData\Local\Programs\cursor\resources\app\bin
USERNAME=Shiera Lkvra
OS=Windows_NT
PROCESSOR_IDENTIFIER=Intel64 Family 6 Model 140 Stepping 1, GenuineIntel
TMP=C:\Users\asus8\AppData\Local\Temp
TEMP=C:\Users\asus8\AppData\Local\Temp




Periodic native trim disabled

JNI global refs:
JNI global refs: 27, weak refs: 0

JNI global refs memory usage: 835, weak refs: 833

Process memory usage:
Resident Set Size: 456820K (5% of 8075524K total physical memory with 643296K free physical memory)

OOME stack traces (most recent first):
Classloader memory used:
Loader org.gradle.internal.classloader.VisitableURLClassLoader                         : 46676K
Loader org.gradle.internal.classloader.VisitableURLClassLoader$InstrumentingVisitableURLClassLoader: 36120K
Loader bootstrap                                                                       : 30483K
Loader org.gradle.initialization.MixInLegacyTypesClassLoader                           : 13220K
Loader jdk.internal.reflect.DelegatingClassLoader                                      : 657K
Loader jdk.internal.loader.ClassLoaders$PlatformClassLoader                            : 504K
Loader jdk.internal.loader.ClassLoaders$AppClassLoader                                 : 235K
Loader org.gradle.internal.classloader.VisitableURLClassLoader                         : 214K
Loader org.gradle.groovy.scripts.internal.DefaultScriptCompilationHandler$ScriptClassLoader: 133K
Loader org.codehaus.groovy.runtime.callsite.CallSiteClassLoader                        : 27232B

Classes loaded by more than one classloader:
Class Program                                                                         : loaded 5 times (x 68B)
Class Build_gradle                                                                    : loaded 3 times (x 126B)
Class Build_gradle$1                                                                  : loaded 3 times (x 70B)
Class org.gradle.internal.classloader.FilteringClassLoader                            : loaded 2 times (x 101B)
Class com.google.common.base.CharMatcher$IsEither                                     : loaded 2 times (x 107B)
Class org.gradle.internal.classloader.ClassLoaderHierarchy                            : loaded 2 times (x 66B)
Class com.google.common.collect.ImmutableEnumSet                                      : loaded 2 times (x 142B)
Class com.google.common.util.concurrent.ExecutionError                                : loaded 2 times (x 78B)
Class com.google.common.collect.ImmutableList$1                                       : loaded 2 times (x 93B)
Class org.gradle.api.internal.classpath.ManifestUtil                                  : loaded 2 times (x 67B)
Class com.google.common.collect.RegularImmutableMap                                   : loaded 2 times (x 117B)
Class com.google.common.collect.ImmutableMap$MapViewOfValuesAsSingletonSets           : loaded 2 times (x 122B)
Class [Lorg.objectweb.asm.Symbol;                                                     : loaded 2 times (x 65B)
Class org.objectweb.asm.ClassVisitor                                                  : loaded 2 times (x 84B)
Class com.google.common.collect.UnmodifiableListIterator                              : loaded 2 times (x 91B)
Class com.google.common.base.Platform$JdkPatternCompiler                              : loaded 2 times (x 71B)
Class org.objectweb.asm.MethodTooLargeException                                       : loaded 2 times (x 79B)
Class [Lcom.google.common.cache.CacheBuilder$OneWeigher;                              : loaded 2 times (x 65B)
Class com.google.common.base.Suppliers                                                : loaded 2 times (x 67B)
Class org.gradle.internal.classloader.DefaultClassLoaderFactory                       : loaded 2 times (x 78B)
Class org.gradle.internal.classloader.ClassLoaderVisitor                              : loaded 2 times (x 72B)
Class [Lcom.google.common.collect.ImmutableMapEntry;                                  : loaded 2 times (x 65B)
Class org.gradle.api.internal.classpath.EffectiveClassPath                            : loaded 2 times (x 86B)
Class com.google.common.collect.ImmutableRangeSet                                     : loaded 2 times (x 111B)
Class com.google.common.collect.ListMultimap                                          : loaded 2 times (x 66B)
Class com.google.common.collect.ImmutableEnumMap                                      : loaded 2 times (x 122B)
Class com.google.common.collect.ImmutableSet$SerializedForm                           : loaded 2 times (x 69B)
Class com.google.common.collect.Sets$1                                                : loaded 2 times (x 135B)
Class org.objectweb.asm.AnnotationVisitor                                             : loaded 2 times (x 74B)
Class org.gradle.api.internal.DefaultClassPathProvider                                : loaded 2 times (x 72B)
Class com.google.common.collect.Sets$2                                                : loaded 2 times (x 135B)
Class [Lorg.gradle.api.internal.ClassPathProvider;                                    : loaded 2 times (x 65B)
Class org.gradle.api.internal.ClassPathProvider                                       : loaded 2 times (x 66B)
Class [Lorg.objectweb.asm.AnnotationVisitor;                                          : loaded 2 times (x 65B)
Class com.google.common.collect.Sets$3                                                : loaded 2 times (x 135B)
Class com.google.common.util.concurrent.AbstractFuture$SafeAtomicHelper               : loaded 2 times (x 75B)
Class com.google.common.cache.LocalCache$LocalLoadingCache                            : loaded 2 times (x 130B)
Class org.gradle.internal.service.UnknownServiceException                             : loaded 2 times (x 79B)
Class com.google.common.collect.Sets$4                                                : loaded 2 times (x 135B)
Class org.objectweb.asm.ModuleVisitor                                                 : loaded 2 times (x 77B)
Class com.google.common.cache.LocalCache$Strength$1                                   : loaded 2 times (x 77B)
Class com.google.common.util.concurrent.SettableFuture                                : loaded 2 times (x 110B)
Class com.google.common.cache.LocalCache$Strength$2                                   : loaded 2 times (x 77B)
Class ijJvmDebugger1_2d2zy2l2jaf97h9hwbkepauhd                                        : loaded 2 times (x 175B)
Class com.google.common.cache.LocalCache$Strength$3                                   : loaded 2 times (x 77B)
Class com.google.common.collect.MapDifference                                         : loaded 2 times (x 66B)
Class org.objectweb.asm.FieldWriter                                                   : loaded 2 times (x 74B)
Class com.google.common.cache.CacheBuilder$NullListener                               : loaded 2 times (x 78B)
Class org.gradle.internal.classpath.TransformedClassPath                              : loaded 2 times (x 92B)
Class org.gradle.internal.classloader.InstrumentingClassLoader                        : loaded 2 times (x 66B)
Class com.google.common.collect.ImmutableRangeSet$AsSet                               : loaded 2 times (x 296B)
Class com.google.common.cache.CacheLoader$FunctionToCacheLoader                       : loaded 2 times (x 71B)
Class com.google.common.collect.Iterators$ArrayItr                                    : loaded 2 times (x 93B)
Class com.google.common.collect.ImmutableCollection$Builder                           : loaded 2 times (x 72B)
Class com.google.common.base.Joiner                                                   : loaded 2 times (x 75B)
Class com.google.common.base.MoreObjects                                              : loaded 2 times (x 67B)
Class com.google.common.collect.Platform                                              : loaded 2 times (x 67B)
Class [Lorg.objectweb.asm.Type;                                                       : loaded 2 times (x 65B)
Class com.google.common.collect.UnmodifiableIterator                                  : loaded 2 times (x 76B)
Class org.gradle.internal.service.ServiceLocator                                      : loaded 2 times (x 66B)
Class com.google.common.base.Ascii                                                    : loaded 2 times (x 67B)
Class com.google.common.collect.SingletonImmutableBiMap                               : loaded 2 times (x 139B)
Class com.google.common.cache.LocalCache$1                                            : loaded 2 times (x 85B)
Class com.google.common.collect.AbstractMapEntry                                      : loaded 2 times (x 77B)
Class com.google.common.collect.Sets$ImprovedAbstractSet                              : loaded 2 times (x 131B)
Class com.google.common.collect.ImmutableList$Builder                                 : loaded 2 times (x 73B)
Class com.google.common.collect.AbstractMultimap                                      : loaded 2 times (x 119B)
Class com.google.common.cache.LocalCache$2                                            : loaded 2 times (x 138B)
Class com.google.common.collect.ImmutableRangeSet$1                                   : loaded 2 times (x 206B)
Class com.google.common.util.concurrent.AbstractFuture$UnsafeAtomicHelper$1           : loaded 2 times (x 72B)
Class com.google.common.collect.RegularImmutableAsList                                : loaded 2 times (x 213B)
Class ijKotlinCoroutineJvmDebugInit1_c3hqpme7v1s15fct5nfqq0jo1$_run_closure1          : loaded 2 times (x 135B)
Class com.google.common.collect.Range                                                 : loaded 2 times (x 83B)
Class com.google.common.util.concurrent.AbstractFuture$Trusted                        : loaded 2 times (x 66B)
Class com.google.common.collect.Iterators                                             : loaded 2 times (x 67B)
Class com.google.common.collect.Lists$StringAsImmutableList                           : loaded 2 times (x 203B)
Class com.google.common.util.concurrent.UncheckedExecutionException                   : loaded 2 times (x 78B)
Class org.gradle.kotlin.dsl.VersionCatalogAccessorsKt                                 : loaded 2 times (x 67B)
Class ijKotlinCoroutineJvmDebugInit1_c3hqpme7v1s15fct5nfqq0jo1                        : loaded 2 times (x 175B)
Class org.gradle.internal.InternalTransformer                                         : loaded 2 times (x 66B)
Class com.google.common.collect.AbstractMapBasedMultimap$KeySet$1                     : loaded 2 times (x 78B)
Class org.objectweb.asm.ClassWriter                                                   : loaded 2 times (x 102B)
Class com.google.common.base.CharMatcher$And                                          : loaded 2 times (x 108B)
Class com.google.common.cache.CacheLoader$UnsupportedLoadingOperationException        : loaded 2 times (x 78B)
Class org.gradle.internal.classloader.ClasspathUtil$1                                 : loaded 2 times (x 72B)
Class com.google.common.base.Objects                                                  : loaded 2 times (x 67B)
Class org.objectweb.asm.FieldVisitor                                                  : loaded 2 times (x 73B)
Class com.google.common.collect.IndexedImmutableSet                                   : loaded 2 times (x 148B)
Class com.google.common.collect.ImmutableMap$1                                        : loaded 2 times (x 77B)
Class com.google.common.collect.BiMap                                                 : loaded 2 times (x 66B)
Class org.gradle.api.internal.classpath.DefaultModuleRegistry$DefaultModule           : loaded 2 times (x 82B)
Class com.google.common.primitives.Ints                                               : loaded 2 times (x 67B)
Class com.google.common.collect.AbstractIterator                                      : loaded 2 times (x 78B)
Class com.google.common.collect.ObjectArrays                                          : loaded 2 times (x 67B)
Class com.google.common.collect.Multiset                                              : loaded 2 times (x 66B)
Class com.google.common.collect.RegularImmutableMap$KeySet                            : loaded 2 times (x 148B)
Class com.google.common.collect.AbstractIndexedListIterator                           : loaded 2 times (x 92B)
Class com.google.common.math.MathPreconditions                                        : loaded 2 times (x 67B)
Class com.google.common.collect.ImmutableMapEntrySet                                  : loaded 2 times (x 148B)
Class org.gradle.api.internal.classpath.Module                                        : loaded 2 times (x 66B)
Class com.google.common.cache.Weigher                                                 : loaded 2 times (x 66B)
Class org.gradle.api.internal.classpath.UnknownModuleException                        : loaded 2 times (x 78B)
Class com.google.common.base.Stopwatch                                                : loaded 2 times (x 68B)
Class com.google.common.cache.LocalCache$Strength                                     : loaded 2 times (x 77B)
Class com.google.common.cache.Cache                                                   : loaded 2 times (x 66B)
Class com.google.common.util.concurrent.AbstractFuture$Cancellation                   : loaded 2 times (x 68B)
Class com.google.common.collect.ImmutableMap$Builder                                  : loaded 2 times (x 78B)
Class com.google.common.cache.RemovalListener                                         : loaded 2 times (x 66B)
Class org.gradle.api.internal.DefaultClassPathRegistry                                : loaded 2 times (x 72B)
Class com.google.common.primitives.IntsMethodsForWeb                                  : loaded 2 times (x 67B)
Class com.google.common.collect.Multimap                                              : loaded 2 times (x 66B)
Class org.gradle.api.internal.ClassPathRegistry                                       : loaded 2 times (x 66B)
Class org.gradle.internal.classpath.DefaultClassPath$ImmutableUniqueList              : loaded 2 times (x 195B)
Class com.google.common.base.ExtraObjectsMethodsForWeb                                : loaded 2 times (x 67B)
Class com.google.common.base.Equivalence$Identity                                     : loaded 2 times (x 78B)
Class com.google.common.cache.CacheBuilder                                            : loaded 2 times (x 68B)
Class com.google.common.collect.SingletonImmutableList                                : loaded 2 times (x 203B)
Class Settings_gradle$1                                                               : loaded 2 times (x 70B)
Class org.gradle.internal.classpath.ClassPath                                         : loaded 2 times (x 66B)
Class org.gradle.api.UncheckedIOException                                             : loaded 2 times (x 78B)
Class com.google.common.base.JdkPattern                                               : loaded 2 times (x 71B)
Class com.google.common.collect.ImmutableList$ReverseImmutableList                    : loaded 2 times (x 205B)
Class org.objectweb.asm.SymbolTable$Entry                                             : loaded 2 times (x 70B)
Class com.google.common.util.concurrent.AbstractFuture$AtomicHelper                   : loaded 2 times (x 74B)
Class org.objectweb.asm.Edge                                                          : loaded 2 times (x 68B)
Class com.google.common.base.Suppliers$SupplierOfInstance                             : loaded 2 times (x 75B)
Class com.google.common.collect.Iterators$1                                           : loaded 2 times (x 77B)
Class com.google.common.cache.LocalCache$ComputingValueReference                      : loaded 2 times (x 92B)
Class com.google.common.collect.SingletonImmutableSet                                 : loaded 2 times (x 142B)
Class com.google.common.collect.ImmutableMap$IteratorBasedImmutableMap                : loaded 2 times (x 122B)
Class ijJvmDebugger1_2d2zy2l2jaf97h9hwbkepauhd$_run_closure1$_closure2                : loaded 2 times (x 136B)
Class com.google.common.cache.LocalCache$Segment                                      : loaded 2 times (x 150B)
Class com.google.common.collect.SortedIterable                                        : loaded 2 times (x 66B)
Class com.google.common.collect.AbstractListMultimap                                  : loaded 2 times (x 168B)
Class [Lorg.objectweb.asm.SymbolTable$Entry;                                          : loaded 2 times (x 65B)
Class com.google.common.cache.CacheLoader                                             : loaded 2 times (x 70B)
Class com.google.common.collect.Iterators$4                                           : loaded 2 times (x 78B)
Class com.google.common.collect.ImmutableBiMap                                        : loaded 2 times (x 139B)
Class org.gradle.internal.installation.GradleInstallation$1                           : loaded 2 times (x 71B)
Class org.gradle.api.internal.classpath.ModuleRegistry                                : loaded 2 times (x 66B)
Class com.google.common.util.concurrent.internal.InternalFutureFailureAccess          : loaded 2 times (x 68B)
Class com.google.common.collect.Iterators$5                                           : loaded 2 times (x 78B)
Class com.google.common.collect.ImmutableSet$JdkBackedSetBuilderImpl                  : loaded 2 times (x 72B)
Class com.google.common.util.concurrent.AbstractFuture$UnsafeAtomicHelper             : loaded 2 times (x 74B)
Class com.google.common.base.CharMatcher$ForPredicate                                 : loaded 2 times (x 108B)
Class com.google.common.cache.LocalCache$LocalManualCache$1                           : loaded 2 times (x 71B)
Class com.google.common.base.CharMatcher$AnyOf                                        : loaded 2 times (x 108B)
Class com.google.common.collect.ImmutableCollection                                   : loaded 2 times (x 121B)
Class org.gradle.api.internal.classpath.DefaultModuleRegistry                         : loaded 2 times (x 82B)
Class com.google.common.collect.Lists                                                 : loaded 2 times (x 67B)
Class com.google.common.util.concurrent.ListenableFuture                              : loaded 2 times (x 66B)
Class com.google.common.cache.ReferenceEntry                                          : loaded 2 times (x 66B)
Class com.google.common.base.Converter                                                : loaded 2 times (x 86B)
Class com.google.common.collect.ImmutableSet$CachingAsList                            : loaded 2 times (x 144B)
Class com.google.common.collect.AbstractMapBasedMultimap                              : loaded 2 times (x 135B)
Class com.google.common.util.concurrent.AbstractFuture                                : loaded 2 times (x 102B)
Class com.google.common.base.FunctionalEquivalence                                    : loaded 2 times (x 79B)
Class com.google.common.collect.Iterators$9                                           : loaded 2 times (x 77B)
Class com.google.common.collect.ImmutableAsList                                       : loaded 2 times (x 205B)
Class org.objectweb.asm.RecordComponentVisitor                                        : loaded 2 times (x 73B)
Class com.google.common.cache.CacheLoader$SupplierToCacheLoader                       : loaded 2 times (x 71B)
Class com.google.common.collect.Maps$EntryTransformer                                 : loaded 2 times (x 66B)
Class org.gradle.internal.service.ServiceLookupException                              : loaded 2 times (x 78B)
Class com.google.common.collect.ImmutableSortedSet                                    : loaded 2 times (x 296B)
Class [Lcom.google.common.cache.LocalCache$EntryFactory;                              : loaded 2 times (x 65B)
Class org.gradle.internal.classloader.ClassLoaderFactory                              : loaded 2 times (x 66B)
Class com.google.common.collect.ImmutableMap$SerializedForm                           : loaded 2 times (x 69B)
Class com.google.common.base.CommonPattern                                            : loaded 2 times (x 70B)
Class com.google.common.base.CharMatcher$IsNot                                        : loaded 2 times (x 107B)
Class com.google.common.cache.LocalCache$LocalManualCache                             : loaded 2 times (x 95B)
Class org.gradle.internal.service.CachingServiceLocator                               : loaded 2 times (x 78B)
Class com.google.common.collect.AbstractMapBasedMultimap$KeySet                       : loaded 2 times (x 133B)
Class com.google.common.collect.RegularImmutableSortedSet                             : loaded 2 times (x 296B)
Class com.google.common.math.IntMath                                                  : loaded 2 times (x 67B)
Class com.google.common.collect.ImmutableMapEntry                                     : loaded 2 times (x 81B)
Class com.google.common.base.Equivalence                                              : loaded 2 times (x 78B)
Class com.google.common.base.Function                                                 : loaded 2 times (x 66B)
Class com.google.common.collect.ImmutableMapEntry$NonTerminalImmutableMapEntry        : loaded 2 times (x 81B)
Class com.google.common.collect.IndexedImmutableSet$1                                 : loaded 2 times (x 209B)
Class com.google.common.cache.CacheBuilder$OneWeigher                                 : loaded 2 times (x 78B)
Class com.google.common.collect.RegularImmutableList                                  : loaded 2 times (x 209B)
Class org.gradle.internal.classloader.ClasspathUtil                                   : loaded 2 times (x 67B)
Class com.google.common.base.Charsets                                                 : loaded 2 times (x 67B)
Class com.google.common.util.concurrent.Uninterruptibles                              : loaded 2 times (x 67B)
Class com.google.common.collect.Maps                                                  : loaded 2 times (x 67B)
Class org.gradle.api.specs.Spec                                                       : loaded 2 times (x 66B)
Class [Lcom.google.common.collect.ImmutableEntry;                                     : loaded 2 times (x 65B)
Class ijKotlinCoroutineJvmDebugInit1_c3hqpme7v1s15fct5nfqq0jo1$_run_closure1$_closure2: loaded 2 times (x 135B)
Class com.google.common.cache.LocalCache$LoadingValueReference                        : loaded 2 times (x 92B)
Class com.google.common.collect.ArrayListMultimapGwtSerializationDependencies         : loaded 2 times (x 168B)
Class com.google.common.base.Platform                                                 : loaded 2 times (x 67B)
Class [Lorg.objectweb.asm.AnnotationWriter;                                           : loaded 2 times (x 65B)
Class com.google.common.collect.Maps$8                                                : loaded 2 times (x 78B)
Class com.google.common.collect.ImmutableRangeSet$Builder                             : loaded 2 times (x 73B)
Class com.google.common.collect.Sets$SetView                                          : loaded 2 times (x 134B)
Class com.google.common.cache.LocalCache$StrongValueReference                         : loaded 2 times (x 86B)
Class com.google.common.util.concurrent.AbstractFuture$SynchronizedHelper             : loaded 2 times (x 74B)
Class org.objectweb.asm.Type                                                          : loaded 2 times (x 68B)
Class org.gradle.internal.classloader.VisitableURLClassLoader$InstrumentingVisitableURLClassLoader: loaded 2 times (x 119B)
Class org.objectweb.asm.ByteVector                                                    : loaded 2 times (x 75B)
Class [Lcom.google.common.cache.CacheBuilder$NullListener;                            : loaded 2 times (x 65B)
Class com.google.common.math.IntMath$1                                                : loaded 2 times (x 67B)
Class org.gradle.internal.classloader.VisitableURLClassLoader$Spec                    : loaded 2 times (x 70B)
Class org.gradle.internal.classpath.DefaultClassPath                                  : loaded 2 times (x 86B)
Class org.objectweb.asm.Symbol                                                        : loaded 2 times (x 69B)
Class com.google.common.io.Closer                                                     : loaded 2 times (x 74B)
Class com.google.common.base.CharMatcher$Ascii                                        : loaded 2 times (x 108B)
Class com.google.common.base.CharMatcher$BitSetMatcher                                : loaded 2 times (x 108B)
Class com.google.common.collect.RegularImmutableMap$Values                            : loaded 2 times (x 203B)
Class com.google.common.collect.ImmutableSet                                          : loaded 2 times (x 141B)
Class org.gradle.internal.classloader.ClassLoaderSpec                                 : loaded 2 times (x 67B)
Class org.objectweb.asm.AnnotationWriter                                              : loaded 2 times (x 75B)
Class com.google.common.cache.CacheStats                                              : loaded 2 times (x 67B)
Class com.google.common.io.Closer$Suppressor                                          : loaded 2 times (x 66B)
Class org.objectweb.asm.RecordComponentWriter                                         : loaded 2 times (x 74B)
Class com.google.common.util.concurrent.AbstractFuture$Listener                       : loaded 2 times (x 68B)
Class com.google.common.base.CharMatcher$Or                                           : loaded 2 times (x 108B)
Class Settings_gradle$1$1                                                             : loaded 2 times (x 70B)
Class org.objectweb.asm.Attribute                                                     : loaded 2 times (x 73B)
Class com.google.common.base.Supplier                                                 : loaded 2 times (x 66B)
Class org.gradle.internal.classloader.VisitableURLClassLoader                         : loaded 2 times (x 113B)
Class com.google.common.collect.ImmutableList$SerializedForm                          : loaded 2 times (x 69B)
Class com.google.common.util.concurrent.AbstractFuture$Waiter                         : loaded 2 times (x 68B)
Class Settings_gradle                                                                 : loaded 2 times (x 124B)
Class org.gradle.internal.Cast                                                        : loaded 2 times (x 67B)
Class org.gradle.api.Action                                                           : loaded 2 times (x 66B)
Class com.google.common.base.Strings                                                  : loaded 2 times (x 67B)
Class com.google.common.collect.Sets                                                  : loaded 2 times (x 67B)
Class org.objectweb.asm.Handler                                                       : loaded 2 times (x 68B)
Class com.google.common.base.CharMatcher$FastMatcher                                  : loaded 2 times (x 107B)
Class com.google.common.base.Ticker                                                   : loaded 2 times (x 68B)
Class [Lcom.google.common.cache.LocalCache$Segment;                                   : loaded 2 times (x 65B)
Class com.google.common.base.Predicate                                                : loaded 2 times (x 66B)
Class [Lcom.google.common.cache.LocalCache$Strength;                                  : loaded 2 times (x 65B)
Class com.google.common.cache.CacheBuilder$1                                          : loaded 2 times (x 81B)
Class com.google.common.collect.ImmutableMap                                          : loaded 2 times (x 116B)
Class org.gradle.internal.classpath.DefaultClassPath$ImmutableUniqueList$Builder      : loaded 2 times (x 71B)
Class com.google.common.collect.AbstractRangeSet                                      : loaded 2 times (x 110B)
Class com.google.common.base.CharMatcher$NegatedFastMatcher                           : loaded 2 times (x 109B)
Class com.google.common.cache.LocalCache                                              : loaded 2 times (x 183B)
Class com.google.common.cache.CacheBuilder$2                                          : loaded 2 times (x 75B)
Class com.google.common.collect.ArrayListMultimap                                     : loaded 2 times (x 168B)
Class com.google.common.cache.CacheBuilder$3                                          : loaded 2 times (x 68B)
Class [Lcom.google.common.collect.AbstractMapEntry;                                   : loaded 2 times (x 65B)
Class com.google.common.collect.ImmutableEntry                                        : loaded 2 times (x 78B)
Class org.gradle.api.GradleException                                                  : loaded 2 times (x 78B)
Class com.google.common.base.Suppliers$MemoizingSupplier                              : loaded 2 times (x 75B)
Class com.google.common.collect.CollectPreconditions                                  : loaded 2 times (x 67B)
Class com.google.common.collect.SortedMapDifference                                   : loaded 2 times (x 66B)
Class com.google.common.cache.LocalCache$EntryFactory                                 : loaded 2 times (x 79B)
Class com.google.common.cache.LocalCache$AbstractReferenceEntry                       : loaded 2 times (x 103B)
Class org.gradle.internal.IoActions                                                   : loaded 2 times (x 67B)
Class com.google.common.collect.ImmutableRangeSet$ComplementRanges                    : loaded 2 times (x 203B)
Class org.objectweb.asm.SymbolTable                                                   : loaded 2 times (x 68B)
Class com.google.common.cache.CacheLoader$InvalidCacheLoadException                   : loaded 2 times (x 78B)
Class com.google.common.collect.ImmutableSet$RegularSetBuilderImpl                    : loaded 2 times (x 73B)
Class org.gradle.internal.classloader.SystemClassLoaderSpec                           : loaded 2 times (x 67B)
Class com.google.common.cache.LocalCache$StrongEntry                                  : loaded 2 times (x 104B)
Class com.google.common.util.concurrent.AbstractFuture$TrustedFuture                  : loaded 2 times (x 110B)
Class com.google.common.cache.LoadingCache                                            : loaded 2 times (x 66B)
Class com.google.common.base.Suppliers$NonSerializableMemoizingSupplier               : loaded 2 times (x 75B)
Class org.objectweb.asm.MethodWriter                                                  : loaded 2 times (x 102B)
Class [Lcom.google.common.cache.Weigher;                                              : loaded 2 times (x 65B)
Class com.google.common.collect.RegularImmutableMap$BucketOverflowException           : loaded 2 times (x 78B)
Class ijJvmDebugger1_2d2zy2l2jaf97h9hwbkepauhd$_run_closure1                          : loaded 2 times (x 135B)
Class com.google.common.collect.RegularImmutableBiMap                                 : loaded 2 times (x 145B)
Class com.google.common.base.CharMatcher$Negated                                      : loaded 2 times (x 109B)
Class com.google.common.base.CharMatcher$Is                                           : loaded 2 times (x 107B)
Class com.google.common.cache.LocalCache$ValueReference                               : loaded 2 times (x 66B)
Class com.google.common.base.PatternCompiler                                          : loaded 2 times (x 66B)
Class com.google.common.util.concurrent.AbstractFuture$Failure                        : loaded 2 times (x 68B)
Class com.google.common.base.Equivalence$Equals                                       : loaded 2 times (x 78B)
Class com.google.common.collect.Hashing                                               : loaded 2 times (x 67B)
Class com.google.common.base.Preconditions                                            : loaded 2 times (x 67B)
Class com.google.common.base.Joiner$1                                                 : loaded 2 times (x 76B)
Class org.objectweb.asm.Label                                                         : loaded 2 times (x 69B)
Class org.objectweb.asm.CurrentFrame                                                  : loaded 2 times (x 69B)
Class org.objectweb.asm.ClassTooLargeException                                        : loaded 2 times (x 79B)
Class com.google.common.base.CharMatcher                                              : loaded 2 times (x 107B)
Class com.google.common.collect.PeekingIterator                                       : loaded 2 times (x 66B)
Class com.google.common.collect.Maps$IteratorBasedAbstractMap                         : loaded 2 times (x 121B)
Class com.google.common.collect.RangeGwtSerializationDependencies                     : loaded 2 times (x 67B)
Class com.google.common.base.Joiner$2                                                 : loaded 2 times (x 75B)
Class org.objectweb.asm.Frame                                                         : loaded 2 times (x 69B)
Class org.objectweb.asm.MethodVisitor                                                 : loaded 2 times (x 101B)
Class com.google.common.base.CharMatcher$NamedFastMatcher                             : loaded 2 times (x 108B)
Class com.google.common.base.CharMatcher$1                                            : loaded 2 times (x 109B)
Class com.google.common.cache.LocalCache$EntryFactory$1                               : loaded 2 times (x 79B)
Class [Lcom.google.common.cache.RemovalListener;                                      : loaded 2 times (x 65B)
Class com.google.common.collect.RangeSet                                              : loaded 2 times (x 66B)
Class com.google.common.cache.LocalCache$EntryFactory$2                               : loaded 2 times (x 79B)
Class org.gradle.api.internal.classpath.GlobalCacheRootsProvider                      : loaded 2 times (x 66B)
Class com.google.common.collect.CollectCollectors                                     : loaded 2 times (x 67B)
Class org.objectweb.asm.ModuleWriter                                                  : loaded 2 times (x 78B)
Class com.google.common.cache.LocalCache$EntryFactory$3                               : loaded 2 times (x 79B)
Class com.google.common.base.Ticker$1                                                 : loaded 2 times (x 68B)
Class com.google.common.collect.Maps$BiMapConverter                                   : loaded 2 times (x 86B)
Class com.google.common.collect.ImmutableMapEntrySet$RegularEntrySet                  : loaded 2 times (x 148B)
Class com.google.common.base.CharMatcher$InRange                                      : loaded 2 times (x 107B)
Class com.google.common.cache.LocalCache$EntryFactory$4                               : loaded 2 times (x 79B)
Class com.google.common.collect.ImmutableSet$Builder                                  : loaded 2 times (x 81B)
Class com.google.common.cache.LocalCache$EntryFactory$5                               : loaded 2 times (x 79B)
Class com.google.common.base.PairwiseEquivalence                                      : loaded 2 times (x 79B)
Class com.google.common.cache.LocalCache$EntryFactory$6                               : loaded 2 times (x 79B)
Class org.gradle.internal.installation.CurrentGradleInstallationLocator               : loaded 2 times (x 67B)
Class com.google.common.collect.Maps$KeySet                                           : loaded 2 times (x 133B)
Class com.google.common.cache.LocalCache$EntryFactory$7                               : loaded 2 times (x 79B)
Class com.google.common.collect.ImmutableSet$EmptySetBuilderImpl                      : loaded 2 times (x 72B)
Class com.google.common.collect.ImmutableList                                         : loaded 2 times (x 202B)
Class org.gradle.internal.service.DefaultServiceLocator                               : loaded 2 times (x 79B)
Class com.google.common.cache.LocalCache$EntryFactory$8                               : loaded 2 times (x 79B)
Class com.google.common.collect.ImmutableSet$SetBuilderImpl                           : loaded 2 times (x 72B)
Class org.gradle.internal.installation.CurrentGradleInstallation                      : loaded 2 times (x 69B)
Class com.google.common.cache.CacheLoader$1                                           : loaded 2 times (x 71B)
Class com.google.common.collect.ForwardingObject                                      : loaded 2 times (x 68B)
Class com.google.common.collect.ImmutableList$SubList                                 : loaded 2 times (x 205B)
Class org.gradle.util.internal.GUtil                                                  : loaded 2 times (x 67B)
Class com.google.common.io.ByteSource                                                 : loaded 2 times (x 80B)
Class com.google.common.util.concurrent.AbstractFuture$SetFuture                      : loaded 2 times (x 71B)
Class com.google.common.cache.AbstractCache$StatsCounter                              : loaded 2 times (x 66B)
Class com.google.common.collect.Iterators$MergingIterator                             : loaded 2 times (x 77B)
Class com.google.common.collect.RegularImmutableSet                                   : loaded 2 times (x 145B)
Class org.gradle.internal.installation.GradleInstallation                             : loaded 2 times (x 71B)
Class com.google.common.collect.Iterables                                             : loaded 2 times (x 67B)

---------------  S Y S T E M  ---------------

OS:
 Windows 11 , 64 bit Build 26100 (10.0.26100.7309)
OS uptime: 0 days 0:08 hours
Hyper-V role detected

CPU: total 8 (initial active 8) (4 cores per cpu, 2 threads per core) family 6 model 140 stepping 1 microcode 0x86, cx8, cmov, fxsr, ht, mmx, 3dnowpref, sse, sse2, sse3, ssse3, sse4.1, sse4.2, popcnt, lzcnt, tsc, tscinvbit, avx, avx2, aes, erms, clmul, bmi1, bmi2, adx, avx512f, avx512dq, avx512cd, avx512bw, avx512vl, sha, fma, vzeroupper, avx512_vpopcntdq, avx512_vpclmulqdq, avx512_vaes, avx512_vnni, clflush, clflushopt, clwb, avx512_vbmi2, avx512_vbmi, hv, rdtscp, rdpid, fsrm, gfni, avx512_bitalg, f16c, cet_ibt, cet_ss, avx512_ifma
Processor Information for the first 8 processors :
  Max Mhz: 2419, Current Mhz: 2419, Mhz Limit: 2419

Memory: 4k page, system-wide physical 7886M (628M free)
TotalPageFile size 14048M (AvailPageFile size 55M)
current process WorkingSet (physical memory assigned to process): 448M, peak: 540M
current process commit charge ("private bytes"): 596M, peak: 641M

vm_info: OpenJDK 64-Bit Server VM (21.0.6+-13391695-b895.109) for windows-amd64 JRE (21.0.6+-13391695-b895.109), built on 2025-04-22T21:19:17Z by "builder" with MS VC++ 16.10 / 16.11 (VS2019)

END.
