#
# There is insufficient memory for the Java Runtime Environment to continue.
# Native memory allocation (mmap) failed to map 464519168 bytes. Error detail: G1 virtual space
# Possible reasons:
#   The system is out of physical RAM or swap space
#   This process is running with CompressedOops enabled, and the Java Heap may be blocking the growth of the native heap
# Possible solutions:
#   Reduce memory load on the system
#   Increase physical memory or swap space
#   Check if swap backing store is full
#   Decrease Java heap size (-Xmx/-Xms)
#   Decrease number of Java threads
#   Decrease Java thread stack sizes (-Xss)
#   Set larger code cache with -XX:ReservedCodeCacheSize=
#   JVM is running with Unscaled Compressed Oops mode in which the Java heap is
#     placed in the first 4GB address space. The Java Heap base address is the
#     maximum limit for the native heap growth. Please use -XX:HeapBaseMinAddress
#     to set the Java Heap base and to place the Java Heap above 4GB virtual address.
# This output file may be truncated or incomplete.
#
#  Out of Memory Error (os_windows.cpp:3898), pid=8972, tid=1856
#
# JRE version: OpenJDK Runtime Environment (21.0.6) (build 21.0.6+-13391695-b895.109)
# Java VM: OpenJDK 64-Bit Server VM (21.0.6+-13391695-b895.109, mixed mode, tiered, compressed oops, compressed class ptrs, g1 gc, windows-amd64)
# No core dump will be written. Minidumps are not enabled by default on client versions of Windows
#

---------------  S U M M A R Y ------------

Command Line: --add-opens=java.base/java.lang=ALL-UNNAMED --add-opens=java.base/java.lang.invoke=ALL-UNNAMED --add-opens=java.base/java.util=ALL-UNNAMED --add-opens=java.prefs/java.util.prefs=ALL-UNNAMED --add-exports=jdk.compiler/com.sun.tools.javac.api=ALL-UNNAMED --add-exports=jdk.compiler/com.sun.tools.javac.util=ALL-UNNAMED --add-opens=java.base/java.util=ALL-UNNAMED --add-opens=java.prefs/java.util.prefs=ALL-UNNAMED --add-opens=java.base/java.nio.charset=ALL-UNNAMED --add-opens=java.base/java.net=ALL-UNNAMED --add-opens=java.base/java.util.concurrent.atomic=ALL-UNNAMED --add-opens=java.xml/javax.xml.namespace=ALL-UNNAMED -Xmx2048m -Dfile.encoding=UTF-8 -Duser.country=ID -Duser.language=en -Duser.variant -javaagent:C:\Users\asus8\.gradle\wrapper\dists\gradle-8.13-bin\5xuhj0ry160q40clulazy9h7d\gradle-8.13\lib\agents\gradle-instrumentation-agent-8.13.jar org.gradle.launcher.daemon.bootstrap.GradleDaemon 8.13

Host: 11th Gen Intel(R) Core(TM) i5-1135G7 @ 2.40GHz, 8 cores, 7G,  Windows 11 , 64 bit Build 26100 (10.0.26100.7309)
Time: Fri Dec  5 19:27:01 2025 SE Asia Standard Time elapsed time: 25.286871 seconds (0d 0h 0m 25s)

---------------  T H R E A D  ---------------

Current thread (0x000001b8b57fe390):  VMThread "VM Thread"          [id=1856, stack(0x0000001faa100000,0x0000001faa200000) (1024K)]

Stack: [0x0000001faa100000,0x0000001faa200000]
Native frames: (J=compiled Java code, j=interpreted, Vv=VM code, C=native code)
V  [jvm.dll+0x6d0639]
V  [jvm.dll+0x85eb03]
V  [jvm.dll+0x86105e]
V  [jvm.dll+0x861743]
V  [jvm.dll+0x27e6e6]
V  [jvm.dll+0x6ccfd5]
V  [jvm.dll+0x6c0a8a]
V  [jvm.dll+0x35537b]
V  [jvm.dll+0x35cfd6]
V  [jvm.dll+0x3aef86]
V  [jvm.dll+0x3af258]
V  [jvm.dll+0x327a2c]
V  [jvm.dll+0x327ab7]
V  [jvm.dll+0x36d93c]
V  [jvm.dll+0x36c0ee]
V  [jvm.dll+0x327181]
V  [jvm.dll+0x36b7f0]
V  [jvm.dll+0x8674c8]
V  [jvm.dll+0x868844]
V  [jvm.dll+0x868d80]
V  [jvm.dll+0x869013]
V  [jvm.dll+0x806ed8]
V  [jvm.dll+0x6cef0d]
C  [ucrtbase.dll+0x37b0]
C  [KERNEL32.DLL+0x2e8d7]
C  [ntdll.dll+0x8c53c]

VM_Operation (0x0000001fb03f7390): G1CollectForAllocation, mode: safepoint, requested by thread 0x000001b8c6a208f0


---------------  P R O C E S S  ---------------

Threads class SMR info:
_java_thread_list=0x000001b8b56435f0, length=142, elements={
0x000001b89e0e8e00, 0x000001b8b59c3ec0, 0x000001b8b59c6920, 0x000001b8b59e8a80,
0x000001b8b59df6d0, 0x000001b8b59e90e0, 0x000001b8b59e9740, 0x000001b8b5a04600,
0x000001b8b5a0bda0, 0x000001b8b5b72250, 0x000001b8b5cb5fa0, 0x000001b8bb843e10,
0x000001b8bbafed20, 0x000001b8bb827300, 0x000001b8bbe0c390, 0x000001b8bbaeea20,
0x000001b8bbc48f60, 0x000001b8bbc495c0, 0x000001b8bbb5dba0, 0x000001b8bbac3530,
0x000001b8bbac00b0, 0x000001b8bbac1af0, 0x000001b8bbac2810, 0x000001b8bbac0740,
0x000001b8bbac0dd0, 0x000001b8bbac1460, 0x000001b8bbac2180, 0x000001b8bbac2ea0,
0x000001b8bd231cd0, 0x000001b8bd230290, 0x000001b8bd22f570, 0x000001b8bd22fc00,
0x000001b8bd2329f0, 0x000001b8bc0d5c00, 0x000001b8bc0d4ee0, 0x000001b8bc0d6290,
0x000001b8bc0d41c0, 0x000001b8bc0d6920, 0x000001b8bc0d34a0, 0x000001b8bc0d6fb0,
0x000001b8bc0d5570, 0x000001b8bc0d3b30, 0x000001b8bc0daac0, 0x000001b8bc0d7640,
0x000001b8bc0d89f0, 0x000001b8bc0d7cd0, 0x000001b8bc0da430, 0x000001b8bc0d9080,
0x000001b8bc0d8360, 0x000001b8bc0d9710, 0x000001b8bc0d9da0, 0x000001b8bfdfbe90,
0x000001b8bfdfd240, 0x000001b8bfdf9dc0, 0x000001b8bfdfb800, 0x000001b8bfdfe5f0,
0x000001b8bfdfd8d0, 0x000001b8bfdfdf60, 0x000001b8bfdfb170, 0x000001b8bfdff310,
0x000001b8bfdff9a0, 0x000001b8bfe00030, 0x000001b8bfe006c0, 0x000001b8bfe00d50,
0x000001b8bfdfec80, 0x000001b8bfcbce50, 0x000001b8bfcbc7c0, 0x000001b8bfcbad80,
0x000001b8bfcbd4e0, 0x000001b8bfcba060, 0x000001b8bfcbe890, 0x000001b8bfcbdb70,
0x000001b8bfcbc130, 0x000001b8bfcc0ff0, 0x000001b8bfe38600, 0x000001b8bfcc0960,
0x000001b8b5a0a260, 0x000001b8bfe36530, 0x000001b8bfe3a040, 0x000001b8c0992900,
0x000001b8c0991be0, 0x000001b8c0992270, 0x000001b8c0992f90, 0x000001b8c0990ec0,
0x000001b8c0991550, 0x000001b8c6a1d470, 0x000001b8c6a1eeb0, 0x000001b8c6a1f540,
0x000001b8c6a1db00, 0x000001b8c6a1fbd0, 0x000001b8c6a208f0, 0x000001b8c6a20f80,
0x000001b8c6a21610, 0x000001b8c6a1e190, 0x000001b8c6a1e820, 0x000001b8c6a229c0,
0x000001b8c6a21ca0, 0x000001b8c6a23050, 0x000001b8c6a236e0, 0x000001b8c6a23d70,
0x000001b8c6a24400, 0x000001b8c098c690, 0x000001b8c098e0d0, 0x000001b8c098da40,
0x000001b8c098cd20, 0x000001b8c098f480, 0x000001b8c098d3b0, 0x000001b8c098c000,
0x000001b8c098fb10, 0x000001b8c09901a0, 0x000001b8c098e760, 0x000001b8c0993620,
0x000001b8c0990830, 0x000001b8bfe3a6d0, 0x000001b8bfe37250, 0x000001b8bfe3ad60,
0x000001b8bfe378e0, 0x000001b8bfe37f70, 0x000001b8bfe3c110, 0x000001b8bc2f1430,
0x000001b8bc2eecd0, 0x000001b8bc2f1ac0, 0x000001b8bc2ee640, 0x000001b8bc2ef360,
0x000001b8bfcbf5b0, 0x000001b8c0ea0470, 0x000001b8c0ea1820, 0x000001b8c0ea1190,
0x000001b8c0ea1eb0, 0x000001b8c0e9f0c0, 0x000001b8c0e9f750, 0x000001b8c0e9ea30,
0x000001b8c1187340, 0x000001b8c1186cb0, 0x000001b8c1188d80, 0x000001b8c117c210,
0x000001b8c117e2e0, 0x000001b8c117fd20, 0x000001b8c117e970, 0x000001b8c117dc50,
0x000001b8c117f690, 0x000001b8c11803b0
}

Java Threads: ( => current thread )
  0x000001b89e0e8e00 JavaThread "main"                              [_thread_blocked, id=12132, stack(0x0000001fa9a00000,0x0000001fa9b00000) (1024K)]
  0x000001b8b59c3ec0 JavaThread "Reference Handler"          daemon [_thread_blocked, id=7152, stack(0x0000001faa200000,0x0000001faa300000) (1024K)]
  0x000001b8b59c6920 JavaThread "Finalizer"                  daemon [_thread_blocked, id=1760, stack(0x0000001faa300000,0x0000001faa400000) (1024K)]
  0x000001b8b59e8a80 JavaThread "Signal Dispatcher"          daemon [_thread_blocked, id=15260, stack(0x0000001faa400000,0x0000001faa500000) (1024K)]
  0x000001b8b59df6d0 JavaThread "Attach Listener"            daemon [_thread_blocked, id=12056, stack(0x0000001faa500000,0x0000001faa600000) (1024K)]
  0x000001b8b59e90e0 JavaThread "Service Thread"             daemon [_thread_blocked, id=16408, stack(0x0000001faa600000,0x0000001faa700000) (1024K)]
  0x000001b8b59e9740 JavaThread "Monitor Deflation Thread"   daemon [_thread_blocked, id=268, stack(0x0000001faa700000,0x0000001faa800000) (1024K)]
  0x000001b8b5a04600 JavaThread "C2 CompilerThread0"         daemon [_thread_blocked, id=11372, stack(0x0000001faa800000,0x0000001faa900000) (1024K)]
  0x000001b8b5a0bda0 JavaThread "C1 CompilerThread0"         daemon [_thread_blocked, id=512, stack(0x0000001faa900000,0x0000001faaa00000) (1024K)]
  0x000001b8b5b72250 JavaThread "Common-Cleaner"             daemon [_thread_blocked, id=5980, stack(0x0000001faaa00000,0x0000001faab00000) (1024K)]
  0x000001b8b5cb5fa0 JavaThread "Notification Thread"        daemon [_thread_blocked, id=17032, stack(0x0000001faab00000,0x0000001faac00000) (1024K)]
  0x000001b8bb843e10 JavaThread "Daemon health stats"               [_thread_blocked, id=11280, stack(0x0000001fab200000,0x0000001fab300000) (1024K)]
  0x000001b8bbafed20 JavaThread "Incoming local TCP Connector on port 49860"        [_thread_in_native, id=6600, stack(0x0000001fab300000,0x0000001fab400000) (1024K)]
  0x000001b8bb827300 JavaThread "Daemon periodic checks"            [_thread_blocked, id=12564, stack(0x0000001fab400000,0x0000001fab500000) (1024K)]
  0x000001b8bbe0c390 JavaThread "Daemon"                            [_thread_blocked, id=1668, stack(0x0000001fab500000,0x0000001fab600000) (1024K)]
  0x000001b8bbaeea20 JavaThread "Handler for socket connection from /127.0.0.1:49860 to /127.0.0.1:49861"        [_thread_in_native, id=8616, stack(0x0000001fab600000,0x0000001fab700000) (1024K)]
  0x000001b8bbc48f60 JavaThread "Cancel handler"                    [_thread_blocked, id=11848, stack(0x0000001fab700000,0x0000001fab800000) (1024K)]
  0x000001b8bbc495c0 JavaThread "Daemon worker"                     [_thread_blocked, id=11768, stack(0x0000001fab800000,0x0000001fab900000) (1024K)]
  0x000001b8bbb5dba0 JavaThread "Asynchronous log dispatcher for DefaultDaemonConnection: socket connection from /127.0.0.1:49860 to /127.0.0.1:49861"        [_thread_blocked, id=15792, stack(0x0000001fab900000,0x0000001faba00000) (1024K)]
  0x000001b8bbac3530 JavaThread "Stdin handler"                     [_thread_blocked, id=16520, stack(0x0000001faba00000,0x0000001fabb00000) (1024K)]
  0x000001b8bbac00b0 JavaThread "Daemon client event forwarder"        [_thread_blocked, id=14620, stack(0x0000001fabb00000,0x0000001fabc00000) (1024K)]
  0x000001b8bbac1af0 JavaThread "Cache worker for journal cache (C:\Users\asus8\.gradle\caches\journal-1)"        [_thread_blocked, id=2964, stack(0x0000001faac00000,0x0000001faad00000) (1024K)]
  0x000001b8bbac2810 JavaThread "File lock request listener"        [_thread_in_native, id=1740, stack(0x0000001fabf00000,0x0000001fac000000) (1024K)]
  0x000001b8bbac0740 JavaThread "Cache worker for file hash cache (C:\Users\asus8\.gradle\caches\8.13\fileHashes)"        [_thread_blocked, id=17916, stack(0x0000001fac000000,0x0000001fac100000) (1024K)]
  0x000001b8bbac0dd0 JavaThread "Cache worker for file hash cache (D:\PTB\TB\CareerLink\.gradle\8.13\fileHashes)"        [_thread_blocked, id=6856, stack(0x0000001fac200000,0x0000001fac300000) (1024K)]
  0x000001b8bbac1460 JavaThread "Cache worker for Build Output Cleanup Cache (D:\PTB\TB\CareerLink\.gradle\buildOutputCleanup)"        [_thread_blocked, id=18852, stack(0x0000001fac300000,0x0000001fac400000) (1024K)]
  0x000001b8bbac2180 JavaThread "File watcher server"        daemon [_thread_blocked, id=17744, stack(0x0000001fac400000,0x0000001fac500000) (1024K)]
  0x000001b8bbac2ea0 JavaThread "File watcher consumer"      daemon [_thread_blocked, id=5888, stack(0x0000001fac500000,0x0000001fac600000) (1024K)]
  0x000001b8bd231cd0 JavaThread "jar transforms"                    [_thread_blocked, id=9828, stack(0x0000001fac600000,0x0000001fac700000) (1024K)]
  0x000001b8bd230290 JavaThread "jar transforms Thread 2"           [_thread_blocked, id=10596, stack(0x0000001fac700000,0x0000001fac800000) (1024K)]
  0x000001b8bd22f570 JavaThread "Cache worker for checksums cache (D:\PTB\TB\CareerLink\.gradle\8.13\checksums)"        [_thread_blocked, id=10996, stack(0x0000001fac900000,0x0000001faca00000) (1024K)]
  0x000001b8bd22fc00 JavaThread "Cache worker for file content cache (C:\Users\asus8\.gradle\caches\8.13\fileContent)"        [_thread_blocked, id=11352, stack(0x0000001faca00000,0x0000001facb00000) (1024K)]
  0x000001b8bd2329f0 JavaThread "jar transforms Thread 3"           [_thread_blocked, id=3320, stack(0x0000001facb00000,0x0000001facc00000) (1024K)]
  0x000001b8bc0d5c00 JavaThread "Cache worker for cache directory md-supplier (C:\Users\asus8\.gradle\caches\8.13\md-supplier)"        [_thread_blocked, id=6832, stack(0x0000001facc00000,0x0000001facd00000) (1024K)]
  0x000001b8bc0d4ee0 JavaThread "Cache worker for cache directory md-rule (C:\Users\asus8\.gradle\caches\8.13\md-rule)"        [_thread_blocked, id=11116, stack(0x0000001facd00000,0x0000001face00000) (1024K)]
  0x000001b8bc0d6290 JavaThread "Unconstrained build operations"        [_thread_blocked, id=10796, stack(0x0000001face00000,0x0000001facf00000) (1024K)]
  0x000001b8bc0d41c0 JavaThread "Unconstrained build operations Thread 2"        [_thread_blocked, id=18844, stack(0x0000001facf00000,0x0000001fad000000) (1024K)]
  0x000001b8bc0d6920 JavaThread "Unconstrained build operations Thread 3"        [_thread_blocked, id=6816, stack(0x0000001fad000000,0x0000001fad100000) (1024K)]
  0x000001b8bc0d34a0 JavaThread "Unconstrained build operations Thread 4"        [_thread_blocked, id=10496, stack(0x0000001fad100000,0x0000001fad200000) (1024K)]
  0x000001b8bc0d6fb0 JavaThread "Unconstrained build operations Thread 5"        [_thread_blocked, id=2740, stack(0x0000001fad200000,0x0000001fad300000) (1024K)]
  0x000001b8bc0d5570 JavaThread "Unconstrained build operations Thread 6"        [_thread_blocked, id=17816, stack(0x0000001fad300000,0x0000001fad400000) (1024K)]
  0x000001b8bc0d3b30 JavaThread "Unconstrained build operations Thread 7"        [_thread_blocked, id=7952, stack(0x0000001fad400000,0x0000001fad500000) (1024K)]
  0x000001b8bc0daac0 JavaThread "Unconstrained build operations Thread 8"        [_thread_blocked, id=7428, stack(0x0000001fad500000,0x0000001fad600000) (1024K)]
  0x000001b8bc0d7640 JavaThread "jar transforms Thread 4"           [_thread_blocked, id=19396, stack(0x0000001fad600000,0x0000001fad700000) (1024K)]
  0x000001b8bc0d89f0 JavaThread "jar transforms Thread 5"           [_thread_blocked, id=5260, stack(0x0000001fad700000,0x0000001fad800000) (1024K)]
  0x000001b8bc0d7cd0 JavaThread "Unconstrained build operations Thread 9"        [_thread_blocked, id=18580, stack(0x0000001fad800000,0x0000001fad900000) (1024K)]
  0x000001b8bc0da430 JavaThread "Unconstrained build operations Thread 10"        [_thread_blocked, id=4676, stack(0x0000001fad900000,0x0000001fada00000) (1024K)]
  0x000001b8bc0d9080 JavaThread "Unconstrained build operations Thread 11"        [_thread_blocked, id=6232, stack(0x0000001fada00000,0x0000001fadb00000) (1024K)]
  0x000001b8bc0d8360 JavaThread "Unconstrained build operations Thread 12"        [_thread_blocked, id=6576, stack(0x0000001fadb00000,0x0000001fadc00000) (1024K)]
  0x000001b8bc0d9710 JavaThread "jar transforms Thread 6"           [_thread_blocked, id=5952, stack(0x0000001fadc00000,0x0000001fadd00000) (1024K)]
  0x000001b8bc0d9da0 JavaThread "jar transforms Thread 7"           [_thread_blocked, id=6644, stack(0x0000001fadd00000,0x0000001fade00000) (1024K)]
  0x000001b8bfdfbe90 JavaThread "jar transforms Thread 8"           [_thread_blocked, id=18276, stack(0x0000001fade00000,0x0000001fadf00000) (1024K)]
  0x000001b8bfdfd240 JavaThread "Unconstrained build operations Thread 13"        [_thread_blocked, id=10564, stack(0x0000001fac800000,0x0000001fac900000) (1024K)]
  0x000001b8bfdf9dc0 JavaThread "Unconstrained build operations Thread 14"        [_thread_blocked, id=3412, stack(0x0000001fadf00000,0x0000001fae000000) (1024K)]
  0x000001b8bfdfb800 JavaThread "Unconstrained build operations Thread 15"        [_thread_blocked, id=18840, stack(0x0000001fae000000,0x0000001fae100000) (1024K)]
  0x000001b8bfdfe5f0 JavaThread "Unconstrained build operations Thread 16"        [_thread_blocked, id=7572, stack(0x0000001fae100000,0x0000001fae200000) (1024K)]
  0x000001b8bfdfd8d0 JavaThread "Unconstrained build operations Thread 17"        [_thread_blocked, id=11744, stack(0x0000001fae200000,0x0000001fae300000) (1024K)]
  0x000001b8bfdfdf60 JavaThread "Unconstrained build operations Thread 18"        [_thread_blocked, id=4000, stack(0x0000001fae300000,0x0000001fae400000) (1024K)]
  0x000001b8bfdfb170 JavaThread "Unconstrained build operations Thread 19"        [_thread_blocked, id=11928, stack(0x0000001fae400000,0x0000001fae500000) (1024K)]
  0x000001b8bfdff310 JavaThread "Unconstrained build operations Thread 20"        [_thread_blocked, id=19152, stack(0x0000001fae500000,0x0000001fae600000) (1024K)]
  0x000001b8bfdff9a0 JavaThread "Unconstrained build operations Thread 21"        [_thread_blocked, id=9656, stack(0x0000001fae600000,0x0000001fae700000) (1024K)]
  0x000001b8bfe00030 JavaThread "Unconstrained build operations Thread 22"        [_thread_blocked, id=17368, stack(0x0000001fae700000,0x0000001fae800000) (1024K)]
  0x000001b8bfe006c0 JavaThread "Unconstrained build operations Thread 23"        [_thread_blocked, id=13824, stack(0x0000001fae800000,0x0000001fae900000) (1024K)]
  0x000001b8bfe00d50 JavaThread "Unconstrained build operations Thread 24"        [_thread_blocked, id=6784, stack(0x0000001fae900000,0x0000001faea00000) (1024K)]
  0x000001b8bfdfec80 JavaThread "Unconstrained build operations Thread 25"        [_thread_blocked, id=6192, stack(0x0000001faea00000,0x0000001faeb00000) (1024K)]
  0x000001b8bfcbce50 JavaThread "Unconstrained build operations Thread 26"        [_thread_blocked, id=12896, stack(0x0000001faeb00000,0x0000001faec00000) (1024K)]
  0x000001b8bfcbc7c0 JavaThread "Unconstrained build operations Thread 27"        [_thread_blocked, id=3640, stack(0x0000001faec00000,0x0000001faed00000) (1024K)]
  0x000001b8bfcbad80 JavaThread "Unconstrained build operations Thread 28"        [_thread_blocked, id=15212, stack(0x0000001faed00000,0x0000001faee00000) (1024K)]
  0x000001b8bfcbd4e0 JavaThread "Unconstrained build operations Thread 29"        [_thread_blocked, id=8624, stack(0x0000001faee00000,0x0000001faef00000) (1024K)]
  0x000001b8bfcba060 JavaThread "Unconstrained build operations Thread 30"        [_thread_blocked, id=13524, stack(0x0000001faef00000,0x0000001faf000000) (1024K)]
  0x000001b8bfcbe890 JavaThread "Unconstrained build operations Thread 31"        [_thread_blocked, id=15584, stack(0x0000001faf000000,0x0000001faf100000) (1024K)]
  0x000001b8bfcbdb70 JavaThread "Unconstrained build operations Thread 32"        [_thread_blocked, id=7720, stack(0x0000001faf100000,0x0000001faf200000) (1024K)]
  0x000001b8bfcbc130 JavaThread "Unconstrained build operations Thread 33"        [_thread_blocked, id=15540, stack(0x0000001faf200000,0x0000001faf300000) (1024K)]
  0x000001b8bfcc0ff0 JavaThread "build event listener"              [_thread_blocked, id=4296, stack(0x0000001faf300000,0x0000001faf400000) (1024K)]
  0x000001b8bfe38600 JavaThread "Memory manager"                    [_thread_blocked, id=18132, stack(0x0000001faf400000,0x0000001faf500000) (1024K)]
  0x000001b8bfcc0960 JavaThread "build event listener"              [_thread_blocked, id=11780, stack(0x0000001faf600000,0x0000001faf700000) (1024K)]
  0x000001b8b5a0a260 JavaThread "C2 CompilerThread1"         daemon [_thread_blocked, id=17732, stack(0x0000001fac100000,0x0000001fac200000) (1024K)]
  0x000001b8bfe36530 JavaThread "pool-3-thread-1"                   [_thread_blocked, id=11336, stack(0x0000001faf500000,0x0000001faf600000) (1024K)]
  0x000001b8bfe3a040 JavaThread "build event listener"              [_thread_blocked, id=10960, stack(0x0000001faf700000,0x0000001faf800000) (1024K)]
  0x000001b8c0992900 JavaThread "included builds"                   [_thread_blocked, id=2304, stack(0x0000001faf800000,0x0000001faf900000) (1024K)]
  0x000001b8c0991be0 JavaThread "Execution worker"                  [_thread_blocked, id=7856, stack(0x0000001faf900000,0x0000001fafa00000) (1024K)]
  0x000001b8c0992270 JavaThread "Execution worker Thread 2"         [_thread_blocked, id=18792, stack(0x0000001fafa00000,0x0000001fafb00000) (1024K)]
  0x000001b8c0992f90 JavaThread "Execution worker Thread 3"         [_thread_blocked, id=14384, stack(0x0000001fafb00000,0x0000001fafc00000) (1024K)]
  0x000001b8c0990ec0 JavaThread "Execution worker Thread 4"         [_thread_blocked, id=5180, stack(0x0000001fafc00000,0x0000001fafd00000) (1024K)]
  0x000001b8c0991550 JavaThread "Execution worker Thread 5"         [_thread_blocked, id=12804, stack(0x0000001fafd00000,0x0000001fafe00000) (1024K)]
  0x000001b8c6a1d470 JavaThread "Execution worker Thread 6"         [_thread_blocked, id=17992, stack(0x0000001fafe00000,0x0000001faff00000) (1024K)]
  0x000001b8c6a1eeb0 JavaThread "Execution worker Thread 7"         [_thread_blocked, id=18748, stack(0x0000001faff00000,0x0000001fb0000000) (1024K)]
  0x000001b8c6a1f540 JavaThread "Cache worker for execution history cache (D:\PTB\TB\CareerLink\.gradle\8.13\executionHistory)"        [_thread_blocked, id=3996, stack(0x0000001fb0000000,0x0000001fb0100000) (1024K)]
  0x000001b8c6a1db00 JavaThread "Unconstrained build operations Thread 34"        [_thread_blocked, id=11944, stack(0x0000001fb0100000,0x0000001fb0200000) (1024K)]
  0x000001b8c6a1fbd0 JavaThread "Unconstrained build operations Thread 35"        [_thread_blocked, id=9508, stack(0x0000001fb0200000,0x0000001fb0300000) (1024K)]
  0x000001b8c6a208f0 JavaThread "Unconstrained build operations Thread 36"        [_thread_blocked, id=7692, stack(0x0000001fb0300000,0x0000001fb0400000) (1024K)]
  0x000001b8c6a20f80 JavaThread "Unconstrained build operations Thread 37"        [_thread_blocked, id=2752, stack(0x0000001fb0400000,0x0000001fb0500000) (1024K)]
  0x000001b8c6a21610 JavaThread "Unconstrained build operations Thread 38"        [_thread_blocked, id=3900, stack(0x0000001fb0500000,0x0000001fb0600000) (1024K)]
  0x000001b8c6a1e190 JavaThread "Unconstrained build operations Thread 39"        [_thread_blocked, id=17128, stack(0x0000001fb0600000,0x0000001fb0700000) (1024K)]
  0x000001b8c6a1e820 JavaThread "Unconstrained build operations Thread 40"        [_thread_blocked, id=14440, stack(0x0000001fb0700000,0x0000001fb0800000) (1024K)]
  0x000001b8c6a229c0 JavaThread "Unconstrained build operations Thread 41"        [_thread_blocked, id=13728, stack(0x0000001fb0800000,0x0000001fb0900000) (1024K)]
  0x000001b8c6a21ca0 JavaThread "Unconstrained build operations Thread 42"        [_thread_blocked, id=6752, stack(0x0000001fb0900000,0x0000001fb0a00000) (1024K)]
  0x000001b8c6a23050 JavaThread "Unconstrained build operations Thread 43"        [_thread_blocked, id=18944, stack(0x0000001fb0a00000,0x0000001fb0b00000) (1024K)]
  0x000001b8c6a236e0 JavaThread "Unconstrained build operations Thread 44"        [_thread_blocked, id=1272, stack(0x0000001fb0b00000,0x0000001fb0c00000) (1024K)]
  0x000001b8c6a23d70 JavaThread "Unconstrained build operations Thread 45"        [_thread_blocked, id=19256, stack(0x0000001fb0c00000,0x0000001fb0d00000) (1024K)]
  0x000001b8c6a24400 JavaThread "Unconstrained build operations Thread 46"        [_thread_blocked, id=9072, stack(0x0000001fb0d00000,0x0000001fb0e00000) (1024K)]
  0x000001b8c098c690 JavaThread "Unconstrained build operations Thread 47"        [_thread_blocked, id=14560, stack(0x0000001fb0e00000,0x0000001fb0f00000) (1024K)]
  0x000001b8c098e0d0 JavaThread "Unconstrained build operations Thread 48"        [_thread_blocked, id=18676, stack(0x0000001fb0f00000,0x0000001fb1000000) (1024K)]
  0x000001b8c098da40 JavaThread "Unconstrained build operations Thread 49"        [_thread_blocked, id=15732, stack(0x0000001fb1000000,0x0000001fb1100000) (1024K)]
  0x000001b8c098cd20 JavaThread "Unconstrained build operations Thread 50"        [_thread_blocked, id=18680, stack(0x0000001fb1100000,0x0000001fb1200000) (1024K)]
  0x000001b8c098f480 JavaThread "Unconstrained build operations Thread 51"        [_thread_blocked, id=12736, stack(0x0000001fb1200000,0x0000001fb1300000) (1024K)]
  0x000001b8c098d3b0 JavaThread "Unconstrained build operations Thread 52"        [_thread_blocked, id=12740, stack(0x0000001fb1300000,0x0000001fb1400000) (1024K)]
  0x000001b8c098c000 JavaThread "Unconstrained build operations Thread 53"        [_thread_blocked, id=7916, stack(0x0000001fb1400000,0x0000001fb1500000) (1024K)]
  0x000001b8c098fb10 JavaThread "Unconstrained build operations Thread 54"        [_thread_blocked, id=17364, stack(0x0000001fb1500000,0x0000001fb1600000) (1024K)]
  0x000001b8c09901a0 JavaThread "Unconstrained build operations Thread 55"        [_thread_blocked, id=18964, stack(0x0000001fb1600000,0x0000001fb1700000) (1024K)]
  0x000001b8c098e760 JavaThread "Unconstrained build operations Thread 56"        [_thread_blocked, id=18968, stack(0x0000001fb1700000,0x0000001fb1800000) (1024K)]
  0x000001b8c0993620 JavaThread "Unconstrained build operations Thread 57"        [_thread_blocked, id=16528, stack(0x0000001fb1800000,0x0000001fb1900000) (1024K)]
  0x000001b8c0990830 JavaThread "Unconstrained build operations Thread 58"        [_thread_blocked, id=15848, stack(0x0000001fb1900000,0x0000001fb1a00000) (1024K)]
  0x000001b8bfe3a6d0 JavaThread "Unconstrained build operations Thread 59"        [_thread_blocked, id=16412, stack(0x0000001fb1a00000,0x0000001fb1b00000) (1024K)]
  0x000001b8bfe37250 JavaThread "Unconstrained build operations Thread 60"        [_thread_blocked, id=6740, stack(0x0000001fb1b00000,0x0000001fb1c00000) (1024K)]
  0x000001b8bfe3ad60 JavaThread "Unconstrained build operations Thread 61"        [_thread_blocked, id=11484, stack(0x0000001fb1c00000,0x0000001fb1d00000) (1024K)]
  0x000001b8bfe378e0 JavaThread "Unconstrained build operations Thread 62"        [_thread_blocked, id=1488, stack(0x0000001fb1d00000,0x0000001fb1e00000) (1024K)]
  0x000001b8bfe37f70 JavaThread "Unconstrained build operations Thread 63"        [_thread_blocked, id=16448, stack(0x0000001fb1e00000,0x0000001fb1f00000) (1024K)]
  0x000001b8bfe3c110 JavaThread "Unconstrained build operations Thread 64"        [_thread_blocked, id=9000, stack(0x0000001fb1f00000,0x0000001fb2000000) (1024K)]
  0x000001b8bc2f1430 JavaThread "Unconstrained build operations Thread 65"        [_thread_blocked, id=14248, stack(0x0000001fb2000000,0x0000001fb2100000) (1024K)]
  0x000001b8bc2eecd0 JavaThread "Unconstrained build operations Thread 66"        [_thread_blocked, id=13064, stack(0x0000001fb2100000,0x0000001fb2200000) (1024K)]
  0x000001b8bc2f1ac0 JavaThread "Unconstrained build operations Thread 67"        [_thread_blocked, id=15264, stack(0x0000001fb2200000,0x0000001fb2300000) (1024K)]
  0x000001b8bc2ee640 JavaThread "Unconstrained build operations Thread 68"        [_thread_blocked, id=9360, stack(0x0000001fb2300000,0x0000001fb2400000) (1024K)]
  0x000001b8bc2ef360 JavaThread "Unconstrained build operations Thread 69"        [_thread_blocked, id=10732, stack(0x0000001fb2400000,0x0000001fb2500000) (1024K)]
  0x000001b8bfcbf5b0 JavaThread "Unconstrained build operations Thread 70"        [_thread_blocked, id=19308, stack(0x0000001fb2500000,0x0000001fb2600000) (1024K)]
  0x000001b8c0ea0470 JavaThread "Unconstrained build operations Thread 71"        [_thread_blocked, id=17784, stack(0x0000001fb2600000,0x0000001fb2700000) (1024K)]
  0x000001b8c0ea1820 JavaThread "Unconstrained build operations Thread 72"        [_thread_blocked, id=3560, stack(0x0000001fb2700000,0x0000001fb2800000) (1024K)]
  0x000001b8c0ea1190 JavaThread "Unconstrained build operations Thread 73"        [_thread_blocked, id=18764, stack(0x0000001fb2800000,0x0000001fb2900000) (1024K)]
  0x000001b8c0ea1eb0 JavaThread "Unconstrained build operations Thread 74"        [_thread_blocked, id=10176, stack(0x0000001fb2900000,0x0000001fb2a00000) (1024K)]
  0x000001b8c0e9f0c0 JavaThread "Unconstrained build operations Thread 75"        [_thread_blocked, id=11368, stack(0x0000001fb2a00000,0x0000001fb2b00000) (1024K)]
  0x000001b8c0e9f750 JavaThread "Unconstrained build operations Thread 76"        [_thread_blocked, id=13536, stack(0x0000001fb2b00000,0x0000001fb2c00000) (1024K)]
  0x000001b8c0e9ea30 JavaThread "Unconstrained build operations Thread 77"        [_thread_blocked, id=3056, stack(0x0000001fb2c00000,0x0000001fb2d00000) (1024K)]
  0x000001b8c1187340 JavaThread "Unconstrained build operations Thread 78"        [_thread_blocked, id=9892, stack(0x0000001fb2e00000,0x0000001fb2f00000) (1024K)]
  0x000001b8c1186cb0 JavaThread "Unconstrained build operations Thread 79"        [_thread_blocked, id=18468, stack(0x0000001fb2f00000,0x0000001fb3000000) (1024K)]
  0x000001b8c1188d80 JavaThread "Unconstrained build operations Thread 80"        [_thread_blocked, id=13252, stack(0x0000001fb3000000,0x0000001fb3100000) (1024K)]
  0x000001b8c117c210 JavaThread "WorkerExecutor Queue"              [_thread_in_native, id=19352, stack(0x0000001fb3100000,0x0000001fb3200000) (1024K)]
  0x000001b8c117e2e0 JavaThread "RMI Scheduler(0)"           daemon [_thread_blocked, id=19332, stack(0x0000001fb3200000,0x0000001fb3300000) (1024K)]
  0x000001b8c117fd20 JavaThread "RMI RenewClean-[127.0.0.1:17824,org.jetbrains.kotlin.daemon.common.LoopbackNetworkInterface$ClientLoopbackSocketFactory@15eeae32]" daemon [_thread_blocked, id=19336, stack(0x0000001fb3300000,0x0000001fb3400000) (1024K)]
  0x000001b8c117e970 JavaThread "RMI GC Daemon"              daemon [_thread_blocked, id=19348, stack(0x0000001fb3400000,0x0000001fb3500000) (1024K)]
  0x000001b8c117dc50 JavaThread "RMI TCP Accept-0"           daemon [_thread_in_native, id=17068, stack(0x0000001fb3500000,0x0000001fb3600000) (1024K)]
  0x000001b8c117f690 JavaThread "RMI Reaper"                        [_thread_blocked, id=18564, stack(0x0000001fb3600000,0x0000001fb3700000) (1024K)]
  0x000001b8c11803b0 JavaThread "RMI TCP Connection(1)-127.0.0.1" daemon [_thread_in_native, id=19380, stack(0x0000001fb3700000,0x0000001fb3800000) (1024K)]
Total: 142

Other Threads:
=>0x000001b8b57fe390 VMThread "VM Thread"                           [id=1856, stack(0x0000001faa100000,0x0000001faa200000) (1024K)]
  0x000001b8b57a9630 WatcherThread "VM Periodic Task Thread"        [id=10896, stack(0x0000001faa000000,0x0000001faa100000) (1024K)]
  0x000001b89e142c70 WorkerThread "GC Thread#0"                     [id=12224, stack(0x0000001fa9b00000,0x0000001fa9c00000) (1024K)]
  0x000001b8ba41b490 WorkerThread "GC Thread#1"                     [id=6884, stack(0x0000001faad00000,0x0000001faae00000) (1024K)]
  0x000001b8ba797040 WorkerThread "GC Thread#2"                     [id=9572, stack(0x0000001faae00000,0x0000001faaf00000) (1024K)]
  0x000001b8baec99e0 WorkerThread "GC Thread#3"                     [id=13852, stack(0x0000001faaf00000,0x0000001fab000000) (1024K)]
  0x000001b8baf03710 WorkerThread "GC Thread#4"                     [id=15972, stack(0x0000001fab000000,0x0000001fab100000) (1024K)]
  0x000001b8bb7b7f70 WorkerThread "GC Thread#5"                     [id=9032, stack(0x0000001fab100000,0x0000001fab200000) (1024K)]
  0x000001b8bbabebd0 WorkerThread "GC Thread#6"                     [id=15748, stack(0x0000001fabc00000,0x0000001fabd00000) (1024K)]
  0x000001b8bbabef70 WorkerThread "GC Thread#7"                     [id=9868, stack(0x0000001fabd00000,0x0000001fabe00000) (1024K)]
  0x000001b89e156dc0 ConcurrentGCThread "G1 Main Marker"            [id=2312, stack(0x0000001fa9c00000,0x0000001fa9d00000) (1024K)]
  0x000001b89e157f70 WorkerThread "G1 Conc#0"                       [id=11808, stack(0x0000001fa9d00000,0x0000001fa9e00000) (1024K)]
  0x000001b8bbab7b90 WorkerThread "G1 Conc#1"                       [id=1848, stack(0x0000001fabe00000,0x0000001fabf00000) (1024K)]
  0x000001b8b566f1a0 ConcurrentGCThread "G1 Refine#0"               [id=17712, stack(0x0000001fa9e00000,0x0000001fa9f00000) (1024K)]
  0x000001b8b5670ad0 ConcurrentGCThread "G1 Service"                [id=6544, stack(0x0000001fa9f00000,0x0000001faa000000) (1024K)]
Total: 15

Threads with active compile tasks:
C2 CompilerThread1  25353 15456       4       com.android.tools.r8.graph.F3::e (267 bytes)
Total: 1

VM state: at safepoint (normal execution)

VM Mutex/Monitor currently owned by a thread:  ([mutex/lock_event])
[0x00007ffddedbe3a0] Threads_lock - owner thread: 0x000001b8b57fe390
[0x00007ffddedbe4a0] Heap_lock - owner thread: 0x000001b8c6a208f0

Heap address: 0x0000000080000000, size: 2048 MB, Compressed Oops mode: 32-bit

CDS archive(s) not mapped
Compressed class space mapped at: 0x0000000100000000-0x0000000140000000, reserved size: 1073741824
Narrow klass base: 0x0000000000000000, Narrow klass shift: 3, Narrow klass range: 0x140000000

GC Precious Log:
 CardTable entry size: 512
 Card Set container configuration: InlinePtr #cards 5 size 8 Array Of Cards #cards 12 size 40 Howl #buckets 4 coarsen threshold 1843 Howl Bitmap #cards 512 size 80 coarsen threshold 460 Card regions per heap region 1 cards per card region 2048
 CPUs: 8 total, 8 available
 Memory: 7886M
 Large Page Support: Disabled
 NUMA Support: Disabled
 Compressed Oops: Enabled (32-bit)
 Heap Region Size: 1M
 Heap Min Capacity: 8M
 Heap Initial Capacity: 124M
 Heap Max Capacity: 2G
 Pre-touch: Disabled
 Parallel Workers: 8
 Concurrent Workers: 2
 Concurrent Refinement Workers: 8
 Periodic GC: Disabled

Heap:
 garbage-first heap   total 302080K, used 225280K [0x0000000080000000, 0x0000000100000000)
  region size 1024K, 9 young (9216K), 9 survivors (9216K)
 Metaspace       used 131069K, committed 133504K, reserved 1179648K
  class space    used 17651K, committed 18880K, reserved 1048576K

Heap Regions: E=young(eden), S=young(survivor), O=old, HS=humongous(starts), HC=humongous(continues), CS=collection set, F=free, TAMS=top-at-mark-start, PB=parsable bottom
|   0|0x0000000080000000, 0x0000000080100000, 0x0000000080100000|100%|HS|  |TAMS 0x0000000080100000| PB 0x0000000080000000| Complete 
|   1|0x0000000080100000, 0x0000000080200000, 0x0000000080200000|100%|HC|  |TAMS 0x0000000080200000| PB 0x0000000080100000| Complete 
|   2|0x0000000080200000, 0x0000000080300000, 0x0000000080300000|100%|HC|  |TAMS 0x0000000080300000| PB 0x0000000080200000| Complete 
|   3|0x0000000080300000, 0x0000000080400000, 0x0000000080400000|100%| O|  |TAMS 0x0000000080400000| PB 0x0000000080300000| Untracked 
|   4|0x0000000080400000, 0x0000000080500000, 0x0000000080500000|100%| O|  |TAMS 0x0000000080500000| PB 0x0000000080400000| Untracked 
|   5|0x0000000080500000, 0x0000000080600000, 0x0000000080600000|100%| O|  |TAMS 0x0000000080600000| PB 0x0000000080500000| Untracked 
|   6|0x0000000080600000, 0x0000000080700000, 0x0000000080700000|100%|HS|  |TAMS 0x0000000080700000| PB 0x0000000080600000| Complete 
|   7|0x0000000080700000, 0x0000000080800000, 0x0000000080800000|100%| O|  |TAMS 0x0000000080800000| PB 0x0000000080700000| Untracked 
|   8|0x0000000080800000, 0x0000000080900000, 0x0000000080900000|100%| O|  |TAMS 0x0000000080900000| PB 0x0000000080800000| Untracked 
|   9|0x0000000080900000, 0x0000000080a00000, 0x0000000080a00000|100%| O|  |TAMS 0x0000000080a00000| PB 0x0000000080900000| Untracked 
|  10|0x0000000080a00000, 0x0000000080b00000, 0x0000000080b00000|100%| O|  |TAMS 0x0000000080b00000| PB 0x0000000080a00000| Untracked 
|  11|0x0000000080b00000, 0x0000000080c00000, 0x0000000080c00000|100%| O|  |TAMS 0x0000000080c00000| PB 0x0000000080b00000| Untracked 
|  12|0x0000000080c00000, 0x0000000080d00000, 0x0000000080d00000|100%| O|  |TAMS 0x0000000080d00000| PB 0x0000000080c00000| Untracked 
|  13|0x0000000080d00000, 0x0000000080e00000, 0x0000000080e00000|100%| O|  |TAMS 0x0000000080e00000| PB 0x0000000080d00000| Untracked 
|  14|0x0000000080e00000, 0x0000000080f00000, 0x0000000080f00000|100%| O|  |TAMS 0x0000000080f00000| PB 0x0000000080e00000| Untracked 
|  15|0x0000000080f00000, 0x0000000081000000, 0x0000000081000000|100%| O|  |TAMS 0x0000000081000000| PB 0x0000000080f00000| Untracked 
|  16|0x0000000081000000, 0x0000000081100000, 0x0000000081100000|100%| O|  |TAMS 0x0000000081100000| PB 0x0000000081000000| Untracked 
|  17|0x0000000081100000, 0x0000000081200000, 0x0000000081200000|100%| O|  |TAMS 0x0000000081200000| PB 0x0000000081100000| Untracked 
|  18|0x0000000081200000, 0x0000000081300000, 0x0000000081300000|100%| O|  |TAMS 0x0000000081300000| PB 0x0000000081200000| Untracked 
|  19|0x0000000081300000, 0x0000000081400000, 0x0000000081400000|100%| O|  |TAMS 0x0000000081400000| PB 0x0000000081300000| Untracked 
|  20|0x0000000081400000, 0x0000000081500000, 0x0000000081500000|100%| O|  |TAMS 0x0000000081500000| PB 0x0000000081400000| Untracked 
|  21|0x0000000081500000, 0x0000000081600000, 0x0000000081600000|100%| O|  |TAMS 0x0000000081600000| PB 0x0000000081500000| Untracked 
|  22|0x0000000081600000, 0x0000000081700000, 0x0000000081700000|100%| O|  |TAMS 0x0000000081700000| PB 0x0000000081600000| Untracked 
|  23|0x0000000081700000, 0x0000000081800000, 0x0000000081800000|100%| O|  |TAMS 0x0000000081800000| PB 0x0000000081700000| Untracked 
|  24|0x0000000081800000, 0x0000000081900000, 0x0000000081900000|100%| O|  |TAMS 0x0000000081900000| PB 0x0000000081800000| Untracked 
|  25|0x0000000081900000, 0x0000000081a00000, 0x0000000081a00000|100%| O|  |TAMS 0x0000000081a00000| PB 0x0000000081900000| Untracked 
|  26|0x0000000081a00000, 0x0000000081b00000, 0x0000000081b00000|100%| O|  |TAMS 0x0000000081b00000| PB 0x0000000081a00000| Untracked 
|  27|0x0000000081b00000, 0x0000000081c00000, 0x0000000081c00000|100%| O|  |TAMS 0x0000000081c00000| PB 0x0000000081b00000| Untracked 
|  28|0x0000000081c00000, 0x0000000081d00000, 0x0000000081d00000|100%| O|  |TAMS 0x0000000081d00000| PB 0x0000000081c00000| Untracked 
|  29|0x0000000081d00000, 0x0000000081e00000, 0x0000000081e00000|100%| O|  |TAMS 0x0000000081e00000| PB 0x0000000081d00000| Untracked 
|  30|0x0000000081e00000, 0x0000000081f00000, 0x0000000081f00000|100%| O|  |TAMS 0x0000000081f00000| PB 0x0000000081e00000| Untracked 
|  31|0x0000000081f00000, 0x0000000082000000, 0x0000000082000000|100%| O|  |TAMS 0x0000000082000000| PB 0x0000000081f00000| Untracked 
|  32|0x0000000082000000, 0x0000000082100000, 0x0000000082100000|100%| O|  |TAMS 0x0000000082100000| PB 0x0000000082000000| Untracked 
|  33|0x0000000082100000, 0x0000000082200000, 0x0000000082200000|100%| O|  |TAMS 0x0000000082200000| PB 0x0000000082100000| Untracked 
|  34|0x0000000082200000, 0x0000000082300000, 0x0000000082300000|100%| O|  |TAMS 0x0000000082300000| PB 0x0000000082200000| Untracked 
|  35|0x0000000082300000, 0x0000000082400000, 0x0000000082400000|100%| O|  |TAMS 0x0000000082400000| PB 0x0000000082300000| Untracked 
|  36|0x0000000082400000, 0x0000000082500000, 0x0000000082500000|100%| O|  |TAMS 0x0000000082500000| PB 0x0000000082400000| Untracked 
|  37|0x0000000082500000, 0x0000000082600000, 0x0000000082600000|100%| O|  |TAMS 0x0000000082600000| PB 0x0000000082500000| Untracked 
|  38|0x0000000082600000, 0x0000000082700000, 0x0000000082700000|100%|HS|  |TAMS 0x0000000082700000| PB 0x0000000082600000| Complete 
|  39|0x0000000082700000, 0x0000000082800000, 0x0000000082800000|100%| O|  |TAMS 0x0000000082800000| PB 0x0000000082700000| Untracked 
|  40|0x0000000082800000, 0x0000000082900000, 0x0000000082900000|100%|HS|  |TAMS 0x0000000082900000| PB 0x0000000082800000| Complete 
|  41|0x0000000082900000, 0x0000000082a00000, 0x0000000082a00000|100%| O|  |TAMS 0x0000000082a00000| PB 0x0000000082900000| Untracked 
|  42|0x0000000082a00000, 0x0000000082b00000, 0x0000000082b00000|100%| O|  |TAMS 0x0000000082b00000| PB 0x0000000082a00000| Untracked 
|  43|0x0000000082b00000, 0x0000000082c00000, 0x0000000082c00000|100%| O|  |TAMS 0x0000000082c00000| PB 0x0000000082b00000| Untracked 
|  44|0x0000000082c00000, 0x0000000082d00000, 0x0000000082d00000|100%| O|  |TAMS 0x0000000082d00000| PB 0x0000000082c00000| Untracked 
|  45|0x0000000082d00000, 0x0000000082e00000, 0x0000000082e00000|100%| O|  |TAMS 0x0000000082e00000| PB 0x0000000082d00000| Untracked 
|  46|0x0000000082e00000, 0x0000000082f00000, 0x0000000082f00000|100%| O|  |TAMS 0x0000000082f00000| PB 0x0000000082e00000| Untracked 
|  47|0x0000000082f00000, 0x0000000083000000, 0x0000000083000000|100%| O|  |TAMS 0x0000000083000000| PB 0x0000000082f00000| Untracked 
|  48|0x0000000083000000, 0x0000000083100000, 0x0000000083100000|100%| O|  |TAMS 0x0000000083100000| PB 0x0000000083000000| Untracked 
|  49|0x0000000083100000, 0x0000000083200000, 0x0000000083200000|100%| O|  |TAMS 0x0000000083200000| PB 0x0000000083100000| Untracked 
|  50|0x0000000083200000, 0x0000000083300000, 0x0000000083300000|100%| O|  |TAMS 0x0000000083300000| PB 0x0000000083200000| Untracked 
|  51|0x0000000083300000, 0x0000000083400000, 0x0000000083400000|100%| O|  |TAMS 0x0000000083400000| PB 0x0000000083300000| Untracked 
|  52|0x0000000083400000, 0x0000000083500000, 0x0000000083500000|100%|HS|  |TAMS 0x0000000083500000| PB 0x0000000083400000| Complete 
|  53|0x0000000083500000, 0x0000000083600000, 0x0000000083600000|100%|HS|  |TAMS 0x0000000083600000| PB 0x0000000083500000| Complete 
|  54|0x0000000083600000, 0x0000000083700000, 0x0000000083700000|100%|HC|  |TAMS 0x0000000083700000| PB 0x0000000083600000| Complete 
|  55|0x0000000083700000, 0x0000000083800000, 0x0000000083800000|100%|HS|  |TAMS 0x0000000083800000| PB 0x0000000083700000| Complete 
|  56|0x0000000083800000, 0x0000000083900000, 0x0000000083900000|100%| O|  |TAMS 0x0000000083900000| PB 0x0000000083800000| Untracked 
|  57|0x0000000083900000, 0x0000000083a00000, 0x0000000083a00000|100%| O|  |TAMS 0x0000000083a00000| PB 0x0000000083900000| Untracked 
|  58|0x0000000083a00000, 0x0000000083b00000, 0x0000000083b00000|100%|HS|  |TAMS 0x0000000083b00000| PB 0x0000000083a00000| Complete 
|  59|0x0000000083b00000, 0x0000000083c00000, 0x0000000083c00000|100%|HC|  |TAMS 0x0000000083c00000| PB 0x0000000083b00000| Complete 
|  60|0x0000000083c00000, 0x0000000083d00000, 0x0000000083d00000|100%|HS|  |TAMS 0x0000000083d00000| PB 0x0000000083c00000| Complete 
|  61|0x0000000083d00000, 0x0000000083e00000, 0x0000000083e00000|100%| O|  |TAMS 0x0000000083e00000| PB 0x0000000083d00000| Untracked 
|  62|0x0000000083e00000, 0x0000000083f00000, 0x0000000083f00000|100%|HS|  |TAMS 0x0000000083f00000| PB 0x0000000083e00000| Complete 
|  63|0x0000000083f00000, 0x0000000084000000, 0x0000000084000000|100%|HC|  |TAMS 0x0000000084000000| PB 0x0000000083f00000| Complete 
|  64|0x0000000084000000, 0x0000000084100000, 0x0000000084100000|100%|HC|  |TAMS 0x0000000084100000| PB 0x0000000084000000| Complete 
|  65|0x0000000084100000, 0x0000000084200000, 0x0000000084200000|100%|HS|  |TAMS 0x0000000084200000| PB 0x0000000084100000| Complete 
|  66|0x0000000084200000, 0x0000000084300000, 0x0000000084300000|100%| O|  |TAMS 0x0000000084300000| PB 0x0000000084200000| Untracked 
|  67|0x0000000084300000, 0x0000000084400000, 0x0000000084400000|100%|HS|  |TAMS 0x0000000084400000| PB 0x0000000084300000| Complete 
|  68|0x0000000084400000, 0x0000000084500000, 0x0000000084500000|100%| O|  |TAMS 0x0000000084500000| PB 0x0000000084400000| Untracked 
|  69|0x0000000084500000, 0x0000000084600000, 0x0000000084600000|100%| O|  |TAMS 0x0000000084600000| PB 0x0000000084500000| Untracked 
|  70|0x0000000084600000, 0x0000000084700000, 0x0000000084700000|100%| O|  |TAMS 0x0000000084700000| PB 0x0000000084600000| Untracked 
|  71|0x0000000084700000, 0x0000000084800000, 0x0000000084800000|100%| O|  |TAMS 0x0000000084800000| PB 0x0000000084700000| Untracked 
|  72|0x0000000084800000, 0x0000000084900000, 0x0000000084900000|100%| O|  |TAMS 0x0000000084900000| PB 0x0000000084800000| Untracked 
|  73|0x0000000084900000, 0x0000000084a00000, 0x0000000084a00000|100%| O|  |TAMS 0x0000000084a00000| PB 0x0000000084900000| Untracked 
|  74|0x0000000084a00000, 0x0000000084b00000, 0x0000000084b00000|100%| O|  |TAMS 0x0000000084b00000| PB 0x0000000084a00000| Untracked 
|  75|0x0000000084b00000, 0x0000000084c00000, 0x0000000084c00000|100%| O|  |TAMS 0x0000000084c00000| PB 0x0000000084b00000| Untracked 
|  76|0x0000000084c00000, 0x0000000084d00000, 0x0000000084d00000|100%|HS|  |TAMS 0x0000000084d00000| PB 0x0000000084c00000| Complete 
|  77|0x0000000084d00000, 0x0000000084e00000, 0x0000000084e00000|100%|HC|  |TAMS 0x0000000084e00000| PB 0x0000000084d00000| Complete 
|  78|0x0000000084e00000, 0x0000000084f00000, 0x0000000084f00000|100%|HC|  |TAMS 0x0000000084f00000| PB 0x0000000084e00000| Complete 
|  79|0x0000000084f00000, 0x0000000085000000, 0x0000000085000000|100%| O|  |TAMS 0x0000000085000000| PB 0x0000000084f00000| Untracked 
|  80|0x0000000085000000, 0x0000000085100000, 0x0000000085100000|100%| O|  |TAMS 0x0000000085100000| PB 0x0000000085000000| Untracked 
|  81|0x0000000085100000, 0x0000000085200000, 0x0000000085200000|100%| O|  |TAMS 0x0000000085200000| PB 0x0000000085100000| Untracked 
|  82|0x0000000085200000, 0x0000000085300000, 0x0000000085300000|100%| O|  |TAMS 0x0000000085300000| PB 0x0000000085200000| Untracked 
|  83|0x0000000085300000, 0x0000000085400000, 0x0000000085400000|100%| O|  |TAMS 0x0000000085400000| PB 0x0000000085300000| Untracked 
|  84|0x0000000085400000, 0x0000000085500000, 0x0000000085500000|100%| O|  |TAMS 0x0000000085500000| PB 0x0000000085400000| Untracked 
|  85|0x0000000085500000, 0x0000000085600000, 0x0000000085600000|100%| O|  |TAMS 0x0000000085600000| PB 0x0000000085500000| Untracked 
|  86|0x0000000085600000, 0x0000000085700000, 0x0000000085700000|100%| O|  |TAMS 0x0000000085700000| PB 0x0000000085600000| Untracked 
|  87|0x0000000085700000, 0x0000000085800000, 0x0000000085800000|100%| O|  |TAMS 0x0000000085800000| PB 0x0000000085700000| Untracked 
|  88|0x0000000085800000, 0x0000000085900000, 0x0000000085900000|100%| O|  |TAMS 0x0000000085900000| PB 0x0000000085800000| Untracked 
|  89|0x0000000085900000, 0x0000000085a00000, 0x0000000085a00000|100%| O|  |TAMS 0x0000000085a00000| PB 0x0000000085900000| Untracked 
|  90|0x0000000085a00000, 0x0000000085b00000, 0x0000000085b00000|100%| O|  |TAMS 0x0000000085b00000| PB 0x0000000085a00000| Untracked 
|  91|0x0000000085b00000, 0x0000000085c00000, 0x0000000085c00000|100%| O|  |TAMS 0x0000000085c00000| PB 0x0000000085b00000| Untracked 
|  92|0x0000000085c00000, 0x0000000085d00000, 0x0000000085d00000|100%| O|  |TAMS 0x0000000085d00000| PB 0x0000000085c00000| Untracked 
|  93|0x0000000085d00000, 0x0000000085e00000, 0x0000000085e00000|100%| O|  |TAMS 0x0000000085e00000| PB 0x0000000085d00000| Untracked 
|  94|0x0000000085e00000, 0x0000000085f00000, 0x0000000085f00000|100%| O|  |TAMS 0x0000000085f00000| PB 0x0000000085e00000| Untracked 
|  95|0x0000000085f00000, 0x0000000086000000, 0x0000000086000000|100%| O|  |TAMS 0x0000000086000000| PB 0x0000000085f00000| Untracked 
|  96|0x0000000086000000, 0x0000000086100000, 0x0000000086100000|100%| O|  |TAMS 0x0000000086100000| PB 0x0000000086000000| Untracked 
|  97|0x0000000086100000, 0x0000000086200000, 0x0000000086200000|100%| O|  |TAMS 0x0000000086200000| PB 0x0000000086100000| Untracked 
|  98|0x0000000086200000, 0x0000000086300000, 0x0000000086300000|100%| O|  |TAMS 0x0000000086300000| PB 0x0000000086200000| Untracked 
|  99|0x0000000086300000, 0x0000000086400000, 0x0000000086400000|100%| O|  |TAMS 0x0000000086400000| PB 0x0000000086300000| Untracked 
| 100|0x0000000086400000, 0x0000000086500000, 0x0000000086500000|100%| O|  |TAMS 0x0000000086500000| PB 0x0000000086400000| Untracked 
| 101|0x0000000086500000, 0x0000000086600000, 0x0000000086600000|100%| O|  |TAMS 0x0000000086600000| PB 0x0000000086500000| Untracked 
| 102|0x0000000086600000, 0x0000000086700000, 0x0000000086700000|100%| O|  |TAMS 0x0000000086700000| PB 0x0000000086600000| Untracked 
| 103|0x0000000086700000, 0x0000000086800000, 0x0000000086800000|100%| O|  |TAMS 0x0000000086800000| PB 0x0000000086700000| Untracked 
| 104|0x0000000086800000, 0x0000000086900000, 0x0000000086900000|100%| O|  |TAMS 0x0000000086900000| PB 0x0000000086800000| Untracked 
| 105|0x0000000086900000, 0x0000000086a00000, 0x0000000086a00000|100%| O|  |TAMS 0x0000000086a00000| PB 0x0000000086900000| Untracked 
| 106|0x0000000086a00000, 0x0000000086b00000, 0x0000000086b00000|100%| O|  |TAMS 0x0000000086b00000| PB 0x0000000086a00000| Untracked 
| 107|0x0000000086b00000, 0x0000000086c00000, 0x0000000086c00000|100%| O|  |TAMS 0x0000000086c00000| PB 0x0000000086b00000| Untracked 
| 108|0x0000000086c00000, 0x0000000086d00000, 0x0000000086d00000|100%| O|  |TAMS 0x0000000086d00000| PB 0x0000000086c00000| Untracked 
| 109|0x0000000086d00000, 0x0000000086e00000, 0x0000000086e00000|100%| O|  |TAMS 0x0000000086e00000| PB 0x0000000086d00000| Untracked 
| 110|0x0000000086e00000, 0x0000000086f00000, 0x0000000086f00000|100%| O|  |TAMS 0x0000000086f00000| PB 0x0000000086e00000| Untracked 
| 111|0x0000000086f00000, 0x0000000087000000, 0x0000000087000000|100%| O|  |TAMS 0x0000000087000000| PB 0x0000000086f00000| Untracked 
| 112|0x0000000087000000, 0x0000000087100000, 0x0000000087100000|100%| O|  |TAMS 0x0000000087100000| PB 0x0000000087000000| Untracked 
| 113|0x0000000087100000, 0x0000000087200000, 0x0000000087200000|100%| O|  |TAMS 0x0000000087200000| PB 0x0000000087100000| Untracked 
| 114|0x0000000087200000, 0x0000000087300000, 0x0000000087300000|100%| O|  |TAMS 0x0000000087300000| PB 0x0000000087200000| Untracked 
| 115|0x0000000087300000, 0x0000000087400000, 0x0000000087400000|100%| O|  |TAMS 0x0000000087400000| PB 0x0000000087300000| Untracked 
| 116|0x0000000087400000, 0x0000000087500000, 0x0000000087500000|100%| O|  |TAMS 0x0000000087500000| PB 0x0000000087400000| Untracked 
| 117|0x0000000087500000, 0x0000000087600000, 0x0000000087600000|100%| O|  |TAMS 0x0000000087600000| PB 0x0000000087500000| Untracked 
| 118|0x0000000087600000, 0x0000000087700000, 0x0000000087700000|100%| O|  |TAMS 0x0000000087700000| PB 0x0000000087600000| Untracked 
| 119|0x0000000087700000, 0x0000000087800000, 0x0000000087800000|100%| O|  |TAMS 0x0000000087700000| PB 0x0000000087700000| Untracked 
| 120|0x0000000087800000, 0x0000000087900000, 0x0000000087900000|100%| O|  |TAMS 0x0000000087900000| PB 0x0000000087800000| Untracked 
| 121|0x0000000087900000, 0x0000000087a00000, 0x0000000087a00000|100%| O|  |TAMS 0x0000000087a00000| PB 0x0000000087900000| Untracked 
| 122|0x0000000087a00000, 0x0000000087b00000, 0x0000000087b00000|100%| O|  |TAMS 0x0000000087a00000| PB 0x0000000087a00000| Untracked 
| 123|0x0000000087b00000, 0x0000000087c00000, 0x0000000087c00000|100%| O|  |TAMS 0x0000000087c00000| PB 0x0000000087b00000| Untracked 
| 124|0x0000000087c00000, 0x0000000087d00000, 0x0000000087d00000|100%| O|  |TAMS 0x0000000087d00000| PB 0x0000000087c00000| Untracked 
| 125|0x0000000087d00000, 0x0000000087e00000, 0x0000000087e00000|100%| O|  |TAMS 0x0000000087e00000| PB 0x0000000087d00000| Untracked 
| 126|0x0000000087e00000, 0x0000000087f00000, 0x0000000087f00000|100%| O|  |TAMS 0x0000000087f00000| PB 0x0000000087e00000| Untracked 
| 127|0x0000000087f00000, 0x0000000088000000, 0x0000000088000000|100%| O|  |TAMS 0x0000000087f00000| PB 0x0000000087f00000| Untracked 
| 128|0x0000000088000000, 0x0000000088100000, 0x0000000088100000|100%|HS|  |TAMS 0x0000000088100000| PB 0x0000000088000000| Complete 
| 129|0x0000000088100000, 0x0000000088200000, 0x0000000088200000|100%|HC|  |TAMS 0x0000000088200000| PB 0x0000000088100000| Complete 
| 130|0x0000000088200000, 0x0000000088300000, 0x0000000088300000|100%| O|  |TAMS 0x0000000088300000| PB 0x0000000088200000| Untracked 
| 131|0x0000000088300000, 0x0000000088400000, 0x0000000088400000|100%| O|  |TAMS 0x0000000088400000| PB 0x0000000088300000| Untracked 
| 132|0x0000000088400000, 0x0000000088500000, 0x0000000088500000|100%| O|  |TAMS 0x0000000088500000| PB 0x0000000088400000| Untracked 
| 133|0x0000000088500000, 0x0000000088600000, 0x0000000088600000|100%| O|  |TAMS 0x0000000088600000| PB 0x0000000088500000| Untracked 
| 134|0x0000000088600000, 0x0000000088700000, 0x0000000088700000|100%| O|  |TAMS 0x0000000088700000| PB 0x0000000088600000| Untracked 
| 135|0x0000000088700000, 0x0000000088800000, 0x0000000088800000|100%| O|  |TAMS 0x0000000088800000| PB 0x0000000088700000| Untracked 
| 136|0x0000000088800000, 0x0000000088900000, 0x0000000088900000|100%| O|  |TAMS 0x0000000088900000| PB 0x0000000088800000| Untracked 
| 137|0x0000000088900000, 0x0000000088a00000, 0x0000000088a00000|100%| O|  |TAMS 0x0000000088a00000| PB 0x0000000088900000| Untracked 
| 138|0x0000000088a00000, 0x0000000088b00000, 0x0000000088b00000|100%| O|  |TAMS 0x0000000088b00000| PB 0x0000000088a00000| Untracked 
| 139|0x0000000088b00000, 0x0000000088c00000, 0x0000000088c00000|100%| O|  |TAMS 0x0000000088c00000| PB 0x0000000088b00000| Untracked 
| 140|0x0000000088c00000, 0x0000000088d00000, 0x0000000088d00000|100%| O|  |TAMS 0x0000000088d00000| PB 0x0000000088c00000| Untracked 
| 141|0x0000000088d00000, 0x0000000088e00000, 0x0000000088e00000|100%| O|  |TAMS 0x0000000088e00000| PB 0x0000000088d00000| Untracked 
| 142|0x0000000088e00000, 0x0000000088f00000, 0x0000000088f00000|100%| O|  |TAMS 0x0000000088f00000| PB 0x0000000088e00000| Untracked 
| 143|0x0000000088f00000, 0x0000000089000000, 0x0000000089000000|100%| O|  |TAMS 0x0000000089000000| PB 0x0000000088f00000| Untracked 
| 144|0x0000000089000000, 0x0000000089100000, 0x0000000089100000|100%| O|  |TAMS 0x0000000089100000| PB 0x0000000089000000| Untracked 
| 145|0x0000000089100000, 0x0000000089200000, 0x0000000089200000|100%| O|  |TAMS 0x0000000089200000| PB 0x0000000089100000| Untracked 
| 146|0x0000000089200000, 0x0000000089300000, 0x0000000089300000|100%| O|  |TAMS 0x0000000089300000| PB 0x0000000089200000| Untracked 
| 147|0x0000000089300000, 0x0000000089400000, 0x0000000089400000|100%| O|  |TAMS 0x0000000089400000| PB 0x0000000089300000| Untracked 
| 148|0x0000000089400000, 0x0000000089500000, 0x0000000089500000|100%| O|  |TAMS 0x0000000089500000| PB 0x0000000089400000| Untracked 
| 149|0x0000000089500000, 0x0000000089600000, 0x0000000089600000|100%| O|  |TAMS 0x0000000089600000| PB 0x0000000089500000| Untracked 
| 150|0x0000000089600000, 0x0000000089700000, 0x0000000089700000|100%| O|  |TAMS 0x0000000089700000| PB 0x0000000089600000| Untracked 
| 151|0x0000000089700000, 0x0000000089800000, 0x0000000089800000|100%| O|  |TAMS 0x0000000089800000| PB 0x0000000089700000| Untracked 
| 152|0x0000000089800000, 0x0000000089900000, 0x0000000089900000|100%| O|  |TAMS 0x0000000089900000| PB 0x0000000089800000| Untracked 
| 153|0x0000000089900000, 0x0000000089a00000, 0x0000000089a00000|100%| O|  |TAMS 0x0000000089a00000| PB 0x0000000089900000| Untracked 
| 154|0x0000000089a00000, 0x0000000089b00000, 0x0000000089b00000|100%| O|  |TAMS 0x0000000089b00000| PB 0x0000000089a00000| Untracked 
| 155|0x0000000089b00000, 0x0000000089c00000, 0x0000000089c00000|100%| O|  |TAMS 0x0000000089c00000| PB 0x0000000089b00000| Untracked 
| 156|0x0000000089c00000, 0x0000000089d00000, 0x0000000089d00000|100%| O|  |TAMS 0x0000000089d00000| PB 0x0000000089c00000| Untracked 
| 157|0x0000000089d00000, 0x0000000089e00000, 0x0000000089e00000|100%| O|  |TAMS 0x0000000089e00000| PB 0x0000000089d00000| Untracked 
| 158|0x0000000089e00000, 0x0000000089f00000, 0x0000000089f00000|100%| O|  |TAMS 0x0000000089f00000| PB 0x0000000089e00000| Untracked 
| 159|0x0000000089f00000, 0x000000008a000000, 0x000000008a000000|100%| O|  |TAMS 0x000000008a000000| PB 0x0000000089f00000| Untracked 
| 160|0x000000008a000000, 0x000000008a100000, 0x000000008a100000|100%| O|  |TAMS 0x000000008a100000| PB 0x000000008a000000| Untracked 
| 161|0x000000008a100000, 0x000000008a200000, 0x000000008a200000|100%| O|  |TAMS 0x000000008a200000| PB 0x000000008a100000| Untracked 
| 162|0x000000008a200000, 0x000000008a300000, 0x000000008a300000|100%| O|  |TAMS 0x000000008a300000| PB 0x000000008a200000| Untracked 
| 163|0x000000008a300000, 0x000000008a400000, 0x000000008a400000|100%| O|  |TAMS 0x000000008a400000| PB 0x000000008a300000| Untracked 
| 164|0x000000008a400000, 0x000000008a500000, 0x000000008a500000|100%| O|  |TAMS 0x000000008a500000| PB 0x000000008a400000| Untracked 
| 165|0x000000008a500000, 0x000000008a600000, 0x000000008a600000|100%| O|  |TAMS 0x000000008a600000| PB 0x000000008a500000| Untracked 
| 166|0x000000008a600000, 0x000000008a700000, 0x000000008a700000|100%| O|  |TAMS 0x000000008a700000| PB 0x000000008a600000| Untracked 
| 167|0x000000008a700000, 0x000000008a800000, 0x000000008a800000|100%| O|  |TAMS 0x000000008a800000| PB 0x000000008a700000| Untracked 
| 168|0x000000008a800000, 0x000000008a900000, 0x000000008a900000|100%| O|  |TAMS 0x000000008a900000| PB 0x000000008a800000| Untracked 
| 169|0x000000008a900000, 0x000000008aa00000, 0x000000008aa00000|100%| O|  |TAMS 0x000000008aa00000| PB 0x000000008a900000| Untracked 
| 170|0x000000008aa00000, 0x000000008ab00000, 0x000000008ab00000|100%| O|  |TAMS 0x000000008ab00000| PB 0x000000008aa00000| Untracked 
| 171|0x000000008ab00000, 0x000000008ac00000, 0x000000008ac00000|100%| O|  |TAMS 0x000000008ac00000| PB 0x000000008ab00000| Untracked 
| 172|0x000000008ac00000, 0x000000008ad00000, 0x000000008ad00000|100%| O|  |TAMS 0x000000008ad00000| PB 0x000000008ac00000| Untracked 
| 173|0x000000008ad00000, 0x000000008ae00000, 0x000000008ae00000|100%| O|  |TAMS 0x000000008ae00000| PB 0x000000008ad00000| Untracked 
| 174|0x000000008ae00000, 0x000000008af00000, 0x000000008af00000|100%| O|  |TAMS 0x000000008af00000| PB 0x000000008ae00000| Untracked 
| 175|0x000000008af00000, 0x000000008b000000, 0x000000008b000000|100%| O|  |TAMS 0x000000008b000000| PB 0x000000008af00000| Untracked 
| 176|0x000000008b000000, 0x000000008b100000, 0x000000008b100000|100%| O|  |TAMS 0x000000008b100000| PB 0x000000008b000000| Untracked 
| 177|0x000000008b100000, 0x000000008b200000, 0x000000008b200000|100%| O|  |TAMS 0x000000008b200000| PB 0x000000008b100000| Untracked 
| 178|0x000000008b200000, 0x000000008b300000, 0x000000008b300000|100%| O|  |TAMS 0x000000008b300000| PB 0x000000008b200000| Untracked 
| 179|0x000000008b300000, 0x000000008b400000, 0x000000008b400000|100%| O|  |TAMS 0x000000008b400000| PB 0x000000008b300000| Untracked 
| 180|0x000000008b400000, 0x000000008b500000, 0x000000008b500000|100%| O|  |TAMS 0x000000008b500000| PB 0x000000008b400000| Untracked 
| 181|0x000000008b500000, 0x000000008b600000, 0x000000008b600000|100%| O|  |TAMS 0x000000008b600000| PB 0x000000008b500000| Untracked 
| 182|0x000000008b600000, 0x000000008b700000, 0x000000008b700000|100%| O|  |TAMS 0x000000008b700000| PB 0x000000008b600000| Untracked 
| 183|0x000000008b700000, 0x000000008b800000, 0x000000008b800000|100%| O|  |TAMS 0x000000008b800000| PB 0x000000008b700000| Untracked 
| 184|0x000000008b800000, 0x000000008b900000, 0x000000008b900000|100%| O|  |TAMS 0x000000008b900000| PB 0x000000008b800000| Untracked 
| 185|0x000000008b900000, 0x000000008ba00000, 0x000000008ba00000|100%| O|  |TAMS 0x000000008ba00000| PB 0x000000008b900000| Untracked 
| 186|0x000000008ba00000, 0x000000008bb00000, 0x000000008bb00000|100%| O|  |TAMS 0x000000008bb00000| PB 0x000000008ba00000| Untracked 
| 187|0x000000008bb00000, 0x000000008bc00000, 0x000000008bc00000|100%| O|  |TAMS 0x000000008bc00000| PB 0x000000008bb00000| Untracked 
| 188|0x000000008bc00000, 0x000000008bd00000, 0x000000008bd00000|100%| O|  |TAMS 0x000000008bd00000| PB 0x000000008bc00000| Untracked 
| 189|0x000000008bd00000, 0x000000008be00000, 0x000000008be00000|100%| O|  |TAMS 0x000000008be00000| PB 0x000000008bd00000| Untracked 
| 190|0x000000008be00000, 0x000000008bf00000, 0x000000008bf00000|100%| O|  |TAMS 0x000000008bf00000| PB 0x000000008be00000| Untracked 
| 191|0x000000008bf00000, 0x000000008c000000, 0x000000008c000000|100%| O|  |TAMS 0x000000008bfdcff8| PB 0x000000008bf00000| Untracked 
| 192|0x000000008c000000, 0x000000008c100000, 0x000000008c100000|100%| O|  |TAMS 0x000000008c000000| PB 0x000000008c000000| Untracked 
| 193|0x000000008c100000, 0x000000008c200000, 0x000000008c200000|100%| O|  |TAMS 0x000000008c100000| PB 0x000000008c100000| Untracked 
| 194|0x000000008c200000, 0x000000008c300000, 0x000000008c300000|100%| O|  |TAMS 0x000000008c200000| PB 0x000000008c200000| Untracked 
| 195|0x000000008c300000, 0x000000008c400000, 0x000000008c400000|100%| O|  |TAMS 0x000000008c300000| PB 0x000000008c300000| Untracked 
| 196|0x000000008c400000, 0x000000008c500000, 0x000000008c500000|100%| O|  |TAMS 0x000000008c400000| PB 0x000000008c400000| Untracked 
| 197|0x000000008c500000, 0x000000008c600000, 0x000000008c600000|100%| O|  |TAMS 0x000000008c500000| PB 0x000000008c500000| Untracked 
| 198|0x000000008c600000, 0x000000008c700000, 0x000000008c700000|100%| O|  |TAMS 0x000000008c600000| PB 0x000000008c600000| Untracked 
| 199|0x000000008c700000, 0x000000008c800000, 0x000000008c800000|100%| O|  |TAMS 0x000000008c700000| PB 0x000000008c700000| Untracked 
| 200|0x000000008c800000, 0x000000008c900000, 0x000000008c900000|100%| O|  |TAMS 0x000000008c800000| PB 0x000000008c800000| Untracked 
| 201|0x000000008c900000, 0x000000008c900000, 0x000000008ca00000|  0%| F|  |TAMS 0x000000008c900000| PB 0x000000008c900000| Untracked 
| 202|0x000000008ca00000, 0x000000008ca00000, 0x000000008cb00000|  0%| F|  |TAMS 0x000000008ca00000| PB 0x000000008ca00000| Untracked 
| 203|0x000000008cb00000, 0x000000008cb00000, 0x000000008cc00000|  0%| F|  |TAMS 0x000000008cb00000| PB 0x000000008cb00000| Untracked 
| 204|0x000000008cc00000, 0x000000008cc00000, 0x000000008cd00000|  0%| F|  |TAMS 0x000000008cc00000| PB 0x000000008cc00000| Untracked 
| 205|0x000000008cd00000, 0x000000008cd00000, 0x000000008ce00000|  0%| F|  |TAMS 0x000000008cd00000| PB 0x000000008cd00000| Untracked 
| 206|0x000000008ce00000, 0x000000008ce00000, 0x000000008cf00000|  0%| F|  |TAMS 0x000000008ce00000| PB 0x000000008ce00000| Untracked 
| 207|0x000000008cf00000, 0x000000008cf00000, 0x000000008d000000|  0%| F|  |TAMS 0x000000008cf00000| PB 0x000000008cf00000| Untracked 
| 208|0x000000008d000000, 0x000000008d000000, 0x000000008d100000|  0%| F|  |TAMS 0x000000008d000000| PB 0x000000008d000000| Untracked 
| 209|0x000000008d100000, 0x000000008d100000, 0x000000008d200000|  0%| F|  |TAMS 0x000000008d100000| PB 0x000000008d100000| Untracked 
| 210|0x000000008d200000, 0x000000008d200000, 0x000000008d300000|  0%| F|  |TAMS 0x000000008d200000| PB 0x000000008d200000| Untracked 
| 211|0x000000008d300000, 0x000000008d400000, 0x000000008d400000|100%| O|  |TAMS 0x000000008d300000| PB 0x000000008d300000| Untracked 
| 212|0x000000008d400000, 0x000000008d500000, 0x000000008d500000|100%| O|  |TAMS 0x000000008d400000| PB 0x000000008d400000| Untracked 
| 213|0x000000008d500000, 0x000000008d600000, 0x000000008d600000|100%| O|  |TAMS 0x000000008d500000| PB 0x000000008d500000| Untracked 
| 214|0x000000008d600000, 0x000000008d600000, 0x000000008d700000|  0%| F|  |TAMS 0x000000008d600000| PB 0x000000008d600000| Untracked 
| 215|0x000000008d700000, 0x000000008d700000, 0x000000008d800000|  0%| F|  |TAMS 0x000000008d700000| PB 0x000000008d700000| Untracked 
| 216|0x000000008d800000, 0x000000008d800000, 0x000000008d900000|  0%| F|  |TAMS 0x000000008d800000| PB 0x000000008d800000| Untracked 
| 217|0x000000008d900000, 0x000000008d900000, 0x000000008da00000|  0%| F|  |TAMS 0x000000008d900000| PB 0x000000008d900000| Untracked 
| 218|0x000000008da00000, 0x000000008da00000, 0x000000008db00000|  0%| F|  |TAMS 0x000000008da00000| PB 0x000000008da00000| Untracked 
| 219|0x000000008db00000, 0x000000008db00000, 0x000000008dc00000|  0%| F|  |TAMS 0x000000008db00000| PB 0x000000008db00000| Untracked 
| 220|0x000000008dc00000, 0x000000008dc00000, 0x000000008dd00000|  0%| F|  |TAMS 0x000000008dc00000| PB 0x000000008dc00000| Untracked 
| 221|0x000000008dd00000, 0x000000008dd00000, 0x000000008de00000|  0%| F|  |TAMS 0x000000008dd00000| PB 0x000000008dd00000| Untracked 
| 222|0x000000008de00000, 0x000000008df00000, 0x000000008df00000|100%| S|CS|TAMS 0x000000008de00000| PB 0x000000008de00000| Complete 
| 223|0x000000008df00000, 0x000000008e000000, 0x000000008e000000|100%| S|CS|TAMS 0x000000008df00000| PB 0x000000008df00000| Complete 
| 224|0x000000008e000000, 0x000000008e100000, 0x000000008e100000|100%| S|CS|TAMS 0x000000008e000000| PB 0x000000008e000000| Complete 
| 225|0x000000008e100000, 0x000000008e200000, 0x000000008e200000|100%| S|CS|TAMS 0x000000008e100000| PB 0x000000008e100000| Complete 
| 226|0x000000008e200000, 0x000000008e300000, 0x000000008e300000|100%| S|CS|TAMS 0x000000008e200000| PB 0x000000008e200000| Complete 
| 227|0x000000008e300000, 0x000000008e400000, 0x000000008e400000|100%| S|CS|TAMS 0x000000008e300000| PB 0x000000008e300000| Complete 
| 228|0x000000008e400000, 0x000000008e500000, 0x000000008e500000|100%| S|CS|TAMS 0x000000008e400000| PB 0x000000008e400000| Complete 
| 229|0x000000008e500000, 0x000000008e600000, 0x000000008e600000|100%| S|CS|TAMS 0x000000008e500000| PB 0x000000008e500000| Complete 
| 230|0x000000008e600000, 0x000000008e700000, 0x000000008e700000|100%| S|CS|TAMS 0x000000008e600000| PB 0x000000008e600000| Complete 
| 231|0x000000008e700000, 0x000000008e700000, 0x000000008e800000|  0%| F|  |TAMS 0x000000008e700000| PB 0x000000008e700000| Untracked 
| 232|0x000000008e800000, 0x000000008e800000, 0x000000008e900000|  0%| F|  |TAMS 0x000000008e800000| PB 0x000000008e800000| Untracked 
| 233|0x000000008e900000, 0x000000008e900000, 0x000000008ea00000|  0%| F|  |TAMS 0x000000008e900000| PB 0x000000008e900000| Untracked 
| 234|0x000000008ea00000, 0x000000008ea00000, 0x000000008eb00000|  0%| F|  |TAMS 0x000000008ea00000| PB 0x000000008ea00000| Untracked 
| 235|0x000000008eb00000, 0x000000008eb00000, 0x000000008ec00000|  0%| F|  |TAMS 0x000000008eb00000| PB 0x000000008eb00000| Untracked 
| 236|0x000000008ec00000, 0x000000008ec00000, 0x000000008ed00000|  0%| F|  |TAMS 0x000000008ec00000| PB 0x000000008ec00000| Untracked 
| 237|0x000000008ed00000, 0x000000008ed00000, 0x000000008ee00000|  0%| F|  |TAMS 0x000000008ed00000| PB 0x000000008ed00000| Untracked 
| 238|0x000000008ee00000, 0x000000008ee00000, 0x000000008ef00000|  0%| F|  |TAMS 0x000000008ee00000| PB 0x000000008ee00000| Untracked 
| 239|0x000000008ef00000, 0x000000008ef00000, 0x000000008f000000|  0%| F|  |TAMS 0x000000008ef00000| PB 0x000000008ef00000| Untracked 
| 240|0x000000008f000000, 0x000000008f000000, 0x000000008f100000|  0%| F|  |TAMS 0x000000008f000000| PB 0x000000008f000000| Untracked 
| 241|0x000000008f100000, 0x000000008f100000, 0x000000008f200000|  0%| F|  |TAMS 0x000000008f100000| PB 0x000000008f100000| Untracked 
| 242|0x000000008f200000, 0x000000008f200000, 0x000000008f300000|  0%| F|  |TAMS 0x000000008f200000| PB 0x000000008f200000| Untracked 
| 243|0x000000008f300000, 0x000000008f300000, 0x000000008f400000|  0%| F|  |TAMS 0x000000008f300000| PB 0x000000008f300000| Untracked 
| 244|0x000000008f400000, 0x000000008f400000, 0x000000008f500000|  0%| F|  |TAMS 0x000000008f400000| PB 0x000000008f400000| Untracked 
| 245|0x000000008f500000, 0x000000008f500000, 0x000000008f600000|  0%| F|  |TAMS 0x000000008f500000| PB 0x000000008f500000| Untracked 
| 246|0x000000008f600000, 0x000000008f600000, 0x000000008f700000|  0%| F|  |TAMS 0x000000008f600000| PB 0x000000008f600000| Untracked 
| 247|0x000000008f700000, 0x000000008f700000, 0x000000008f800000|  0%| F|  |TAMS 0x000000008f700000| PB 0x000000008f700000| Untracked 
| 248|0x000000008f800000, 0x000000008f800000, 0x000000008f900000|  0%| F|  |TAMS 0x000000008f800000| PB 0x000000008f800000| Untracked 
| 249|0x000000008f900000, 0x000000008f900000, 0x000000008fa00000|  0%| F|  |TAMS 0x000000008f900000| PB 0x000000008f900000| Untracked 
| 250|0x000000008fa00000, 0x000000008fa00000, 0x000000008fb00000|  0%| F|  |TAMS 0x000000008fa00000| PB 0x000000008fa00000| Untracked 
| 251|0x000000008fb00000, 0x000000008fb00000, 0x000000008fc00000|  0%| F|  |TAMS 0x000000008fb00000| PB 0x000000008fb00000| Untracked 
| 252|0x000000008fc00000, 0x000000008fc00000, 0x000000008fd00000|  0%| F|  |TAMS 0x000000008fc00000| PB 0x000000008fc00000| Untracked 
| 253|0x000000008fd00000, 0x000000008fd00000, 0x000000008fe00000|  0%| F|  |TAMS 0x000000008fd00000| PB 0x000000008fd00000| Untracked 
| 254|0x000000008fe00000, 0x000000008fe00000, 0x000000008ff00000|  0%| F|  |TAMS 0x000000008fe00000| PB 0x000000008fe00000| Untracked 
| 255|0x000000008ff00000, 0x000000008ff00000, 0x0000000090000000|  0%| F|  |TAMS 0x000000008ff00000| PB 0x000000008ff00000| Untracked 
| 256|0x0000000090000000, 0x0000000090000000, 0x0000000090100000|  0%| F|  |TAMS 0x0000000090000000| PB 0x0000000090000000| Untracked 
| 257|0x0000000090100000, 0x0000000090100000, 0x0000000090200000|  0%| F|  |TAMS 0x0000000090100000| PB 0x0000000090100000| Untracked 
| 258|0x0000000090200000, 0x0000000090200000, 0x0000000090300000|  0%| F|  |TAMS 0x0000000090200000| PB 0x0000000090200000| Untracked 
| 259|0x0000000090300000, 0x0000000090300000, 0x0000000090400000|  0%| F|  |TAMS 0x0000000090300000| PB 0x0000000090300000| Untracked 
| 260|0x0000000090400000, 0x0000000090400000, 0x0000000090500000|  0%| F|  |TAMS 0x0000000090400000| PB 0x0000000090400000| Untracked 
| 261|0x0000000090500000, 0x0000000090500000, 0x0000000090600000|  0%| F|  |TAMS 0x0000000090500000| PB 0x0000000090500000| Untracked 
| 262|0x0000000090600000, 0x0000000090600000, 0x0000000090700000|  0%| F|  |TAMS 0x0000000090600000| PB 0x0000000090600000| Untracked 
| 263|0x0000000090700000, 0x0000000090700000, 0x0000000090800000|  0%| F|  |TAMS 0x0000000090700000| PB 0x0000000090700000| Untracked 
| 264|0x0000000090800000, 0x0000000090800000, 0x0000000090900000|  0%| F|  |TAMS 0x0000000090800000| PB 0x0000000090800000| Untracked 
| 265|0x0000000090900000, 0x0000000090900000, 0x0000000090a00000|  0%| F|  |TAMS 0x0000000090900000| PB 0x0000000090900000| Untracked 
| 266|0x0000000090a00000, 0x0000000090a00000, 0x0000000090b00000|  0%| F|  |TAMS 0x0000000090a00000| PB 0x0000000090a00000| Untracked 
| 267|0x0000000090b00000, 0x0000000090b00000, 0x0000000090c00000|  0%| F|  |TAMS 0x0000000090b00000| PB 0x0000000090b00000| Untracked 
| 268|0x0000000090c00000, 0x0000000090c00000, 0x0000000090d00000|  0%| F|  |TAMS 0x0000000090c00000| PB 0x0000000090c00000| Untracked 
| 269|0x0000000090d00000, 0x0000000090d00000, 0x0000000090e00000|  0%| F|  |TAMS 0x0000000090d00000| PB 0x0000000090d00000| Untracked 
| 270|0x0000000090e00000, 0x0000000090e00000, 0x0000000090f00000|  0%| F|  |TAMS 0x0000000090e00000| PB 0x0000000090e00000| Untracked 
| 271|0x0000000090f00000, 0x0000000090f00000, 0x0000000091000000|  0%| F|  |TAMS 0x0000000090f00000| PB 0x0000000090f00000| Untracked 
| 272|0x0000000091000000, 0x0000000091000000, 0x0000000091100000|  0%| F|  |TAMS 0x0000000091000000| PB 0x0000000091000000| Untracked 
| 273|0x0000000091100000, 0x0000000091100000, 0x0000000091200000|  0%| F|  |TAMS 0x0000000091100000| PB 0x0000000091100000| Untracked 
| 274|0x0000000091200000, 0x0000000091200000, 0x0000000091300000|  0%| F|  |TAMS 0x0000000091200000| PB 0x0000000091200000| Untracked 
| 275|0x0000000091300000, 0x0000000091300000, 0x0000000091400000|  0%| F|  |TAMS 0x0000000091300000| PB 0x0000000091300000| Untracked 
| 276|0x0000000091400000, 0x0000000091400000, 0x0000000091500000|  0%| F|  |TAMS 0x0000000091400000| PB 0x0000000091400000| Untracked 
| 277|0x0000000091500000, 0x0000000091500000, 0x0000000091600000|  0%| F|  |TAMS 0x0000000091500000| PB 0x0000000091500000| Untracked 
| 278|0x0000000091600000, 0x0000000091600000, 0x0000000091700000|  0%| F|  |TAMS 0x0000000091600000| PB 0x0000000091600000| Untracked 
| 279|0x0000000091700000, 0x0000000091700000, 0x0000000091800000|  0%| F|  |TAMS 0x0000000091700000| PB 0x0000000091700000| Untracked 
| 280|0x0000000091800000, 0x0000000091800000, 0x0000000091900000|  0%| F|  |TAMS 0x0000000091800000| PB 0x0000000091800000| Untracked 
| 281|0x0000000091900000, 0x0000000091900000, 0x0000000091a00000|  0%| F|  |TAMS 0x0000000091900000| PB 0x0000000091900000| Untracked 
| 282|0x0000000091a00000, 0x0000000091a00000, 0x0000000091b00000|  0%| F|  |TAMS 0x0000000091a00000| PB 0x0000000091a00000| Untracked 
|2036|0x00000000ff400000, 0x00000000ff400000, 0x00000000ff500000|  0%| F|  |TAMS 0x00000000ff400000| PB 0x00000000ff400000| Untracked 
|2037|0x00000000ff500000, 0x00000000ff600000, 0x00000000ff600000|100%| O|  |TAMS 0x00000000ff600000| PB 0x00000000ff500000| Untracked 
|2038|0x00000000ff600000, 0x00000000ff700000, 0x00000000ff700000|100%| O|  |TAMS 0x00000000ff700000| PB 0x00000000ff600000| Untracked 
|2039|0x00000000ff700000, 0x00000000ff800000, 0x00000000ff800000|100%| O|  |TAMS 0x00000000ff800000| PB 0x00000000ff700000| Untracked 
|2040|0x00000000ff800000, 0x00000000ff900000, 0x00000000ff900000|100%| O|  |TAMS 0x00000000ff900000| PB 0x00000000ff800000| Untracked 
|2041|0x00000000ff900000, 0x00000000ff900000, 0x00000000ffa00000|  0%| F|  |TAMS 0x00000000ff900000| PB 0x00000000ff900000| Untracked 
|2042|0x00000000ffa00000, 0x00000000ffa00000, 0x00000000ffb00000|  0%| F|  |TAMS 0x00000000ffa00000| PB 0x00000000ffa00000| Untracked 
|2043|0x00000000ffb00000, 0x00000000ffb00000, 0x00000000ffc00000|  0%| F|  |TAMS 0x00000000ffb00000| PB 0x00000000ffb00000| Untracked 
|2044|0x00000000ffc00000, 0x00000000ffc00000, 0x00000000ffd00000|  0%| F|  |TAMS 0x00000000ffc00000| PB 0x00000000ffc00000| Untracked 
|2045|0x00000000ffd00000, 0x00000000ffe00000, 0x00000000ffe00000|100%| O|  |TAMS 0x00000000ffe00000| PB 0x00000000ffd00000| Untracked 
|2046|0x00000000ffe00000, 0x00000000fff00000, 0x00000000fff00000|100%| O|  |TAMS 0x00000000fff00000| PB 0x00000000ffe00000| Untracked 
|2047|0x00000000fff00000, 0x0000000100000000, 0x0000000100000000|100%| O|  |TAMS 0x0000000100000000| PB 0x00000000fff00000| Untracked 

Card table byte_map: [0x000001b8b0970000,0x000001b8b0d70000] _byte_map_base: 0x000001b8b0570000

Marking Bits: (CMBitMap*) 0x000001b89e143280
 Bits: [0x000001b8b0d70000, 0x000001b8b2d70000)

Polling page: 0x000001b89bee0000

Metaspace:

Usage:
  Non-class:    110.76 MB used.
      Class:     17.24 MB used.
       Both:    128.00 MB used.

Virtual space:
  Non-class space:      128.00 MB reserved,     111.94 MB ( 87%) committed,  2 nodes.
      Class space:        1.00 GB reserved,      18.44 MB (  2%) committed,  1 nodes.
             Both:        1.12 GB reserved,     130.38 MB ( 11%) committed. 

Chunk freelists:
   Non-Class:  64.00 KB
       Class:  13.47 MB
        Both:  13.53 MB

MaxMetaspaceSize: unlimited
CompressedClassSpaceSize: 1.00 GB
Initial GC threshold: 21.00 MB
Current GC threshold: 212.62 MB
CDS: off
 - commit_granule_bytes: 65536.
 - commit_granule_words: 8192.
 - virtual_space_node_default_size: 8388608.
 - enlarge_chunks_in_place: 1.
 - use_allocation_guard: 0.


Internal statistics:

num_allocs_failed_limit: 12.
num_arena_births: 4672.
num_arena_deaths: 0.
num_vsnodes_births: 3.
num_vsnodes_deaths: 0.
num_space_committed: 2085.
num_space_uncommitted: 0.
num_chunks_returned_to_freelist: 12.
num_chunks_taken_from_freelist: 10359.
num_chunk_merges: 12.
num_chunk_splits: 6781.
num_chunks_enlarged: 4208.
num_inconsistent_stats: 0.

CodeHeap 'non-profiled nmethods': size=120000Kb used=8489Kb max_used=8707Kb free=111510Kb
 bounds [0x000001b8a8d10000, 0x000001b8a95a0000, 0x000001b8b0240000]
CodeHeap 'profiled nmethods': size=120000Kb used=24222Kb max_used=24222Kb free=95777Kb
 bounds [0x000001b8a1240000, 0x000001b8a2a00000, 0x000001b8a8770000]
CodeHeap 'non-nmethods': size=5760Kb used=3259Kb max_used=3271Kb free=2501Kb
 bounds [0x000001b8a8770000, 0x000001b8a8ab0000, 0x000001b8a8d10000]
 total_blobs=14032 nmethods=12980 adapters=954
 compilation: enabled
              stopped_count=0, restarted_count=0
 full_count=0

Compilation events (20 events):
Event: 25.263 Thread 0x000001b8b5a0bda0 nmethod 15487 0x000001b8a2198e10 code [0x000001b8a2198fc0, 0x000001b8a2199118]
Event: 25.263 Thread 0x000001b8b5a0bda0 15482       3       com.android.tools.r8.graph.k1::<init> (250 bytes)
Event: 25.264 Thread 0x000001b8b5a0bda0 nmethod 15482 0x000001b8a1d92410 code [0x000001b8a1d92640, 0x000001b8a1d92ec8]
Event: 25.264 Thread 0x000001b8b5a0bda0 15483       3       com.android.tools.r8.graph.K4::a (31 bytes)
Event: 25.264 Thread 0x000001b8b5a0bda0 nmethod 15483 0x000001b8a1d91e10 code [0x000001b8a1d91fc0, 0x000001b8a1d92280]
Event: 25.265 Thread 0x000001b8b5a0bda0 15484   !   3       com.android.tools.r8.graph.C3::c (53 bytes)
Event: 25.265 Thread 0x000001b8b5a0bda0 nmethod 15484 0x000001b8a1d41a10 code [0x000001b8a1d41c20, 0x000001b8a1d42190]
Event: 25.265 Thread 0x000001b8b5a0bda0 15485       3       com.android.tools.r8.graph.k1::a (27 bytes)
Event: 25.265 Thread 0x000001b8b5a0bda0 nmethod 15485 0x000001b8a2198a10 code [0x000001b8a2198bc0, 0x000001b8a2198d28]
Event: 25.265 Thread 0x000001b8b5a0bda0 15486       3       com.android.tools.r8.internal.IY::a (24 bytes)
Event: 25.266 Thread 0x000001b8b5a0bda0 nmethod 15486 0x000001b8a1d41410 code [0x000001b8a1d415e0, 0x000001b8a1d41860]
Event: 25.266 Thread 0x000001b8b5a0bda0 15488       3       com.android.tools.r8.internal.QY::<init> (84 bytes)
Event: 25.266 Thread 0x000001b8b5a04600 nmethod 15470 0x000001b8a9265010 code [0x000001b8a92651e0, 0x000001b8a92655e0]
Event: 25.266 Thread 0x000001b8b5a04600 15462       4       com.android.tools.r8.graph.J2::o0 (18 bytes)
Event: 25.266 Thread 0x000001b8b5a0bda0 nmethod 15488 0x000001b8a1d40b10 code [0x000001b8a1d40d00, 0x000001b8a1d411b0]
Event: 25.266 Thread 0x000001b8b5a0bda0 15480       3       com.android.tools.r8.graph.h4$$Lambda/0x000000010126f100::accept (20 bytes)
Event: 25.266 Thread 0x000001b8b5a0bda0 nmethod 15480 0x000001b8a149c790 code [0x000001b8a149c960, 0x000001b8a149ccb0]
Event: 25.266 Thread 0x000001b8b5a0bda0 15481       3       com.android.tools.r8.graph.h4::a (46 bytes)
Event: 25.267 Thread 0x000001b8b5a0bda0 nmethod 15481 0x000001b8a149be10 code [0x000001b8a149c000, 0x000001b8a149c568]
Event: 25.267 Thread 0x000001b8b5a04600 nmethod 15462 0x000001b8a9266390 code [0x000001b8a9266540, 0x000001b8a9266820]

GC Heap History (20 events):
Event: 20.919 GC heap after
{Heap after GC invocations=46 (full 0):
 garbage-first heap   total 209920K, used 125983K [0x0000000080000000, 0x0000000100000000)
  region size 1024K, 6 young (6144K), 6 survivors (6144K)
 Metaspace       used 120923K, committed 123264K, reserved 1179648K
  class space    used 16220K, committed 17408K, reserved 1048576K
}
Event: 21.293 GC heap before
{Heap before GC invocations=46 (full 0):
 garbage-first heap   total 209920K, used 187423K [0x0000000080000000, 0x0000000100000000)
  region size 1024K, 67 young (68608K), 6 survivors (6144K)
 Metaspace       used 121369K, committed 123776K, reserved 1179648K
  class space    used 16292K, committed 17472K, reserved 1048576K
}
Event: 21.303 GC heap after
{Heap after GC invocations=47 (full 0):
 garbage-first heap   total 209920K, used 128920K [0x0000000080000000, 0x0000000100000000)
  region size 1024K, 5 young (5120K), 5 survivors (5120K)
 Metaspace       used 121369K, committed 123776K, reserved 1179648K
  class space    used 16292K, committed 17472K, reserved 1048576K
}
Event: 21.991 GC heap before
{Heap before GC invocations=47 (full 0):
 garbage-first heap   total 209920K, used 189336K [0x0000000080000000, 0x0000000100000000)
  region size 1024K, 65 young (66560K), 5 survivors (5120K)
 Metaspace       used 121681K, committed 124096K, reserved 1179648K
  class space    used 16334K, committed 17536K, reserved 1048576K
}
Event: 22.000 GC heap after
{Heap after GC invocations=48 (full 0):
 garbage-first heap   total 209920K, used 131662K [0x0000000080000000, 0x0000000100000000)
  region size 1024K, 8 young (8192K), 8 survivors (8192K)
 Metaspace       used 121681K, committed 124096K, reserved 1179648K
  class space    used 16334K, committed 17536K, reserved 1048576K
}
Event: 23.084 GC heap before
{Heap before GC invocations=49 (full 0):
 garbage-first heap   total 220160K, used 187982K [0x0000000080000000, 0x0000000100000000)
  region size 1024K, 64 young (65536K), 8 survivors (8192K)
 Metaspace       used 123107K, committed 125440K, reserved 1179648K
  class space    used 16540K, committed 17728K, reserved 1048576K
}
Event: 23.092 GC heap after
{Heap after GC invocations=50 (full 0):
 garbage-first heap   total 220160K, used 134532K [0x0000000080000000, 0x0000000100000000)
  region size 1024K, 6 young (6144K), 6 survivors (6144K)
 Metaspace       used 123107K, committed 125440K, reserved 1179648K
  class space    used 16540K, committed 17728K, reserved 1048576K
}
Event: 23.634 GC heap before
{Heap before GC invocations=50 (full 0):
 garbage-first heap   total 220160K, used 198020K [0x0000000080000000, 0x0000000100000000)
  region size 1024K, 69 young (70656K), 6 survivors (6144K)
 Metaspace       used 125741K, committed 128192K, reserved 1179648K
  class space    used 16847K, committed 18048K, reserved 1048576K
}
Event: 23.648 GC heap after
{Heap after GC invocations=51 (full 0):
 garbage-first heap   total 220160K, used 136298K [0x0000000080000000, 0x0000000100000000)
  region size 1024K, 7 young (7168K), 7 survivors (7168K)
 Metaspace       used 125741K, committed 128192K, reserved 1179648K
  class space    used 16847K, committed 18048K, reserved 1048576K
}
Event: 23.902 GC heap before
{Heap before GC invocations=51 (full 0):
 garbage-first heap   total 220160K, used 162922K [0x0000000080000000, 0x0000000100000000)
  region size 1024K, 35 young (35840K), 7 survivors (7168K)
 Metaspace       used 126623K, committed 129088K, reserved 1179648K
  class space    used 16993K, committed 18240K, reserved 1048576K
}
Event: 23.910 GC heap after
{Heap after GC invocations=52 (full 0):
 garbage-first heap   total 264192K, used 138531K [0x0000000080000000, 0x0000000100000000)
  region size 1024K, 5 young (5120K), 5 survivors (5120K)
 Metaspace       used 126623K, committed 129088K, reserved 1179648K
  class space    used 16993K, committed 18240K, reserved 1048576K
}
Event: 24.197 GC heap before
{Heap before GC invocations=52 (full 0):
 garbage-first heap   total 264192K, used 238883K [0x0000000080000000, 0x0000000100000000)
  region size 1024K, 102 young (104448K), 5 survivors (5120K)
 Metaspace       used 127286K, committed 129728K, reserved 1179648K
  class space    used 17079K, committed 18304K, reserved 1048576K
}
Event: 24.207 GC heap after
{Heap after GC invocations=53 (full 0):
 garbage-first heap   total 269312K, used 164618K [0x0000000080000000, 0x0000000100000000)
  region size 1024K, 13 young (13312K), 13 survivors (13312K)
 Metaspace       used 127286K, committed 129728K, reserved 1179648K
  class space    used 17079K, committed 18304K, reserved 1048576K
}
Event: 24.339 GC heap before
{Heap before GC invocations=53 (full 0):
 garbage-first heap   total 269312K, used 234250K [0x0000000080000000, 0x0000000100000000)
  region size 1024K, 82 young (83968K), 13 survivors (13312K)
 Metaspace       used 127663K, committed 130112K, reserved 1179648K
  class space    used 17132K, committed 18368K, reserved 1048576K
}
Event: 24.350 GC heap after
{Heap after GC invocations=54 (full 0):
 garbage-first heap   total 269312K, used 181008K [0x0000000080000000, 0x0000000100000000)
  region size 1024K, 11 young (11264K), 11 survivors (11264K)
 Metaspace       used 127663K, committed 130112K, reserved 1179648K
  class space    used 17132K, committed 18368K, reserved 1048576K
}
Event: 24.686 GC heap before
{Heap before GC invocations=55 (full 0):
 garbage-first heap   total 302080K, used 239376K [0x0000000080000000, 0x0000000100000000)
  region size 1024K, 69 young (70656K), 11 survivors (11264K)
 Metaspace       used 128365K, committed 130816K, reserved 1179648K
  class space    used 17244K, committed 18432K, reserved 1048576K
}
Event: 24.702 GC heap after
{Heap after GC invocations=56 (full 0):
 garbage-first heap   total 302080K, used 195584K [0x0000000080000000, 0x0000000100000000)
  region size 1024K, 9 young (9216K), 9 survivors (9216K)
 Metaspace       used 128365K, committed 130816K, reserved 1179648K
  class space    used 17244K, committed 18432K, reserved 1048576K
}
Event: 24.964 GC heap before
{Heap before GC invocations=56 (full 0):
 garbage-first heap   total 302080K, used 264192K [0x0000000080000000, 0x0000000100000000)
  region size 1024K, 76 young (77824K), 9 survivors (9216K)
 Metaspace       used 129579K, committed 132096K, reserved 1179648K
  class space    used 17429K, committed 18688K, reserved 1048576K
}
Event: 24.975 GC heap after
{Heap after GC invocations=57 (full 0):
 garbage-first heap   total 302080K, used 210803K [0x0000000080000000, 0x0000000100000000)
  region size 1024K, 10 young (10240K), 10 survivors (10240K)
 Metaspace       used 129579K, committed 132096K, reserved 1179648K
  class space    used 17429K, committed 18688K, reserved 1048576K
}
Event: 25.274 GC heap before
{Heap before GC invocations=57 (full 0):
 garbage-first heap   total 302080K, used 268147K [0x0000000080000000, 0x0000000100000000)
  region size 1024K, 67 young (68608K), 10 survivors (10240K)
 Metaspace       used 131069K, committed 133504K, reserved 1179648K
  class space    used 17651K, committed 18880K, reserved 1048576K
}

Dll operation events (3 events):
Event: 0.020 Loaded shared library D:\Android Studio\jbr\bin\java.dll
Event: 0.029 Loaded shared library D:\Android Studio\jbr\bin\zip.dll
Event: 1.004 Loaded shared library D:\Android Studio\jbr\bin\verify.dll

Deoptimization events (20 events):
Event: 25.079 Thread 0x000001b8c6a1e820 Uncommon trap: trap_request=0xffffff45 fr.pc=0x000001b8a9582a24 relative=0x0000000000000084
Event: 25.079 Thread 0x000001b8c6a1e820 Uncommon trap: reason=unstable_if action=reinterpret pc=0x000001b8a9582a24 method=com.android.tools.r8.graph.J2.a(C[BI)I @ 1 c2
Event: 25.079 Thread 0x000001b8c6a1e820 DEOPT PACKING pc=0x000001b8a9582a24 sp=0x0000001fb07fa330
Event: 25.079 Thread 0x000001b8c6a1e820 DEOPT UNPACKING pc=0x000001b8a87c7da2 sp=0x0000001fb07fa2c8 mode 2
Event: 25.095 Thread 0x000001b8c6a20f80 Uncommon trap: trap_request=0xffffff45 fr.pc=0x000001b8a95788d0 relative=0x0000000000000af0
Event: 25.095 Thread 0x000001b8c6a20f80 Uncommon trap: reason=unstable_if action=reinterpret pc=0x000001b8a95788d0 method=java.util.zip.ZipCoder$UTF8ZipCoder.compare(Ljava/lang/String;[BIIZ)Ljava/util/zip/ZipCoder$Comparison; @ 43 c2
Event: 25.095 Thread 0x000001b8c6a20f80 DEOPT PACKING pc=0x000001b8a95788d0 sp=0x0000001fb04f5da0
Event: 25.095 Thread 0x000001b8c6a20f80 DEOPT UNPACKING pc=0x000001b8a87c7da2 sp=0x0000001fb04f5cc0 mode 2
Event: 25.095 Thread 0x000001b8c6a20f80 Uncommon trap: trap_request=0xffffff45 fr.pc=0x000001b8a9579e90 relative=0x0000000000000630
Event: 25.095 Thread 0x000001b8c6a20f80 Uncommon trap: reason=unstable_if action=reinterpret pc=0x000001b8a9579e90 method=java.util.zip.ZipCoder$UTF8ZipCoder.compare(Ljava/lang/String;[BIIZ)Ljava/util/zip/ZipCoder$Comparison; @ 43 c2
Event: 25.095 Thread 0x000001b8c6a20f80 DEOPT PACKING pc=0x000001b8a9579e90 sp=0x0000001fb04f5cd0
Event: 25.095 Thread 0x000001b8c6a20f80 DEOPT UNPACKING pc=0x000001b8a87c7da2 sp=0x0000001fb04f5cc0 mode 2
Event: 25.118 Thread 0x000001b8c6a1e820 Uncommon trap: trap_request=0xffffff45 fr.pc=0x000001b8a8ef0fc4 relative=0x0000000000001084
Event: 25.118 Thread 0x000001b8c6a1e820 Uncommon trap: reason=unstable_if action=reinterpret pc=0x000001b8a8ef0fc4 method=java.util.WeakHashMap.remove(Ljava/lang/Object;)Ljava/lang/Object; @ 92 c2
Event: 25.118 Thread 0x000001b8c6a1e820 DEOPT PACKING pc=0x000001b8a8ef0fc4 sp=0x0000001fb07f5ff0
Event: 25.118 Thread 0x000001b8c6a1e820 DEOPT UNPACKING pc=0x000001b8a87c7da2 sp=0x0000001fb07f5ec8 mode 2
Event: 25.218 Thread 0x000001b8c6a1e820 Uncommon trap: trap_request=0xffffff45 fr.pc=0x000001b8a90d0cfc relative=0x00000000000004dc
Event: 25.218 Thread 0x000001b8c6a1e820 Uncommon trap: reason=unstable_if action=reinterpret pc=0x000001b8a90d0cfc method=com.android.tools.r8.internal.Ql.d(Ljava/lang/String;)I @ 100 c2
Event: 25.218 Thread 0x000001b8c6a1e820 DEOPT PACKING pc=0x000001b8a90d0cfc sp=0x0000001fb07fa7d0
Event: 25.218 Thread 0x000001b8c6a1e820 DEOPT UNPACKING pc=0x000001b8a87c7da2 sp=0x0000001fb07fa768 mode 2

Classes loaded (20 events):
Event: 23.813 Loading class sun/rmi/transport/DGCAckHandler
Event: 23.813 Loading class sun/rmi/transport/DGCAckHandler done
Event: 23.820 Loading class sun/rmi/transport/DGCAckHandler$1
Event: 23.820 Loading class sun/rmi/transport/DGCAckHandler$1 done
Event: 23.828 Loading class sun/rmi/transport/tcp/TCPTransport$ConnectionHandler
Event: 23.835 Loading class sun/rmi/transport/tcp/TCPTransport$ConnectionHandler done
Event: 23.874 Loading class sun/rmi/transport/Transport$1
Event: 23.875 Loading class sun/rmi/transport/Transport$1 done
Event: 23.876 Loading class sun/rmi/transport/DGCImpl$LeaseInfo
Event: 23.876 Loading class sun/rmi/transport/DGCImpl$LeaseInfo done
Event: 23.876 Loading class sun/rmi/transport/DGCImpl$1
Event: 23.876 Loading class sun/rmi/transport/DGCImpl$1 done
Event: 23.876 Loading class sun/rmi/transport/SequenceEntry
Event: 23.876 Loading class sun/rmi/transport/SequenceEntry done
Event: 24.017 Loading class java/util/zip/ZipInputStream
Event: 24.018 Loading class java/util/zip/ZipInputStream done
Event: 24.296 Loading class java/io/UTFDataFormatException
Event: 24.296 Loading class java/io/UTFDataFormatException done
Event: 24.659 Loading class java/util/concurrent/RejectedExecutionException
Event: 24.660 Loading class java/util/concurrent/RejectedExecutionException done

Classes unloaded (0 events):
No events

Classes redefined (0 events):
No events

Internal exceptions (20 events):
Event: 23.377 Thread 0x000001b8c6a1d470 Exception <a 'sun/nio/fs/WindowsException'{0x000000008c034660}> (0x000000008c034660) 
thrown [s\src\hotspot\share\prims\jni.cpp, line 535]
Event: 23.480 Thread 0x000001b8c117c210 Exception <a 'java/lang/NoSuchMethodError'{0x000000008b3a2d70}: 'long java.lang.invoke.DirectMethodHandle$Holder.invokeStatic(java.lang.Object)'> (0x000000008b3a2d70) 
thrown [s\src\hotspot\share\interpreter\linkResolver.cpp, line 784]
Event: 23.481 Thread 0x000001b8c117c210 Exception <a 'java/lang/NoSuchMethodError'{0x000000008b3a60d0}: 'long java.lang.invoke.DirectMethodHandle$Holder.invokeStaticInit(java.lang.Object)'> (0x000000008b3a60d0) 
thrown [s\src\hotspot\share\interpreter\linkResolver.cpp, line 784]
Event: 23.661 Thread 0x000001b8c117c210 Exception <a 'java/lang/NoSuchMethodError'{0x00000000ffce9338}: static Lorg/jetbrains/kotlin/daemon/common/LoopbackNetworkInterface$AbstractClientLoopbackSocketFactory;.<clinit>()V> (0x00000000ffce9338) 
thrown [s\src\hotspot\share\prims\jni.cpp, line 1139]
Event: 23.664 Thread 0x000001b8c117c210 Exception <a 'java/lang/NoSuchMethodError'{0x00000000ffcf52c0}: static Lorg/jetbrains/kotlin/daemon/common/LoopbackNetworkInterface$ClientLoopbackSocketFactory;.<clinit>()V> (0x00000000ffcf52c0) 
thrown [s\src\hotspot\share\prims\jni.cpp, line 1139]
Event: 23.670 Thread 0x000001b8c6a1fbd0 Implicit null exception at 0x000001b8a9471530 to 0x000001b8a94727b4
Event: 23.706 Thread 0x000001b8c117c210 Exception <a 'java/lang/NoSuchMethodError'{0x00000000ff96cd80}: static [Ljava/rmi/server/ObjID;.<clinit>()V> (0x00000000ff96cd80) 
thrown [s\src\hotspot\share\prims\jni.cpp, line 1139]
Event: 23.710 Thread 0x000001b8c117c210 Exception <a 'java/lang/NoSuchMethodError'{0x000000008cd394e0}: static [B.<clinit>()V> (0x000000008cd394e0) 
thrown [s\src\hotspot\share\prims\jni.cpp, line 1139]
Event: 23.737 Thread 0x000001b8c117c210 Exception <a 'java/lang/NoSuchMethodError'{0x000000008cb43f48}: static Lorg/jetbrains/kotlin/daemon/common/CompileService$CallResult;.<clinit>()V> (0x000000008cb43f48) 
thrown [s\src\hotspot\share\prims\jni.cpp, line 1139]
Event: 23.738 Thread 0x000001b8c117c210 Exception <a 'java/lang/NoSuchMethodError'{0x000000008cbf94a0}: static Lorg/jetbrains/kotlin/daemon/common/CompileService$CallResult$Good;.<clinit>()V> (0x000000008cbf94a0) 
thrown [s\src\hotspot\share\prims\jni.cpp, line 1139]
Event: 23.740 Thread 0x000001b8c117c210 Exception <a 'java/lang/NoSuchMethodError'{0x000000008ca07770}: static Lorg/jetbrains/kotlin/daemon/common/DaemonJVMOptions;.<clinit>()V> (0x000000008ca07770) 
thrown [s\src\hotspot\share\prims\jni.cpp, line 1139]
Event: 23.751 Thread 0x000001b8c117c210 Exception <a 'java/lang/NoSuchMethodError'{0x000000008c97a548}: static Lorg/jetbrains/kotlin/daemon/common/CompileService$CallResult$Ok;.<clinit>()V> (0x000000008c97a548) 
thrown [s\src\hotspot\share\prims\jni.cpp, line 1139]
Event: 23.804 Thread 0x000001b8c117c210 Exception <a 'java/lang/NoSuchMethodError'{0x000000008c39ae30}: static [Ljava/lang/Integer;.<clinit>()V> (0x000000008c39ae30) 
thrown [s\src\hotspot\share\prims\jni.cpp, line 1139]
Event: 23.806 Thread 0x000001b8c6a1d470 Implicit null exception at 0x000001b8a8ef6aea to 0x000001b8a8ef7654
Event: 24.960 Thread 0x000001b8c6a1d470 Exception <a 'java/lang/NoSuchMethodError'{0x000000008d5a0e38}: 'java.lang.Object java.lang.invoke.DirectMethodHandle$Holder.invokeStaticInit(java.lang.Object, java.lang.Object, java.lang.Object, java.lang.Object, java.lang.Object, java.lang.Object, java.lang.Object, java.lang.Object, java.lang.Object, java.lang.Object, java.lang.Object, java.lang.Object, java.lang.Object, java.lang.Object, java.lang.Object, java.lang.Object, java.lang.Object, java.lang.Object, java.lang.Object, java.lang.Object, int, java
Event: 24.961 Thread 0x000001b8c6a1d470 Exception <a 'java/lang/IncompatibleClassChangeError'{0x000000008d488150}: Found class java.lang.Object, but interface was expected> (0x000000008d488150) 
thrown [s\src\hotspot\share\interpreter\linkResolver.cpp, line 851]
Event: 24.962 Thread 0x000001b8c6a1d470 Exception <a 'java/lang/IncompatibleClassChangeError'{0x000000008d492a98}: Found class java.lang.Object, but interface was expected> (0x000000008d492a98) 
thrown [s\src\hotspot\share\interpreter\linkResolver.cpp, line 851]
Event: 25.036 Thread 0x000001b8c6a20f80 Exception <a 'java/lang/IncompatibleClassChangeError'{0x00000000910058c0}: Found class java.lang.Object, but interface was expected> (0x00000000910058c0) 
thrown [s\src\hotspot\share\interpreter\linkResolver.cpp, line 851]
Event: 25.036 Thread 0x000001b8c6a1fbd0 Exception <a 'java/lang/IncompatibleClassChangeError'{0x00000000ffc9ad90}: Found class java.lang.Object, but interface was expected> (0x00000000ffc9ad90) 
thrown [s\src\hotspot\share\interpreter\linkResolver.cpp, line 851]
Event: 25.036 Thread 0x000001b8c6a1e190 Exception <a 'java/lang/IncompatibleClassChangeError'{0x000000009119ac28}: Found class java.lang.Object, but interface was expected> (0x000000009119ac28) 
thrown [s\src\hotspot\share\interpreter\linkResolver.cpp, line 851]

ZGC Phase Switch (0 events):
No events

VM Operations (20 events):
Event: 24.130 Executing VM operation: HandshakeAllThreads (Deoptimize) done
Event: 24.196 Executing VM operation: G1CollectForAllocation (G1 Evacuation Pause)
Event: 24.208 Executing VM operation: G1CollectForAllocation (G1 Evacuation Pause) done
Event: 24.339 Executing VM operation: G1CollectForAllocation (G1 Evacuation Pause)
Event: 24.350 Executing VM operation: G1CollectForAllocation (G1 Evacuation Pause) done
Event: 24.401 Executing VM operation: HandshakeAllThreads (Deoptimize)
Event: 24.402 Executing VM operation: HandshakeAllThreads (Deoptimize) done
Event: 24.557 Executing VM operation: G1PauseRemark
Event: 24.567 Executing VM operation: G1PauseRemark done
Event: 24.680 Executing VM operation: G1PauseCleanup
Event: 24.681 Executing VM operation: G1PauseCleanup done
Event: 24.686 Executing VM operation: G1CollectForAllocation (G1 Evacuation Pause)
Event: 24.702 Executing VM operation: G1CollectForAllocation (G1 Evacuation Pause) done
Event: 24.773 Executing VM operation: HandshakeAllThreads (Deoptimize)
Event: 24.774 Executing VM operation: HandshakeAllThreads (Deoptimize) done
Event: 24.964 Executing VM operation: G1CollectForAllocation (G1 Evacuation Pause)
Event: 24.975 Executing VM operation: G1CollectForAllocation (G1 Evacuation Pause) done
Event: 24.989 Executing VM operation: HandshakeAllThreads (Deoptimize)
Event: 24.989 Executing VM operation: HandshakeAllThreads (Deoptimize) done
Event: 25.273 Executing VM operation: G1CollectForAllocation (G1 Evacuation Pause)

Memory protections (0 events):
No events

Nmethod flushes (20 events):
Event: 24.565 Thread 0x000001b8b57fe390 flushing  nmethod 0x000001b8a1cd9090
Event: 24.565 Thread 0x000001b8b57fe390 flushing  nmethod 0x000001b8a1d3a410
Event: 24.565 Thread 0x000001b8b57fe390 flushing  nmethod 0x000001b8a1d3a890
Event: 24.565 Thread 0x000001b8b57fe390 flushing  nmethod 0x000001b8a1d3b690
Event: 24.565 Thread 0x000001b8b57fe390 flushing  nmethod 0x000001b8a1d3be10
Event: 24.565 Thread 0x000001b8b57fe390 flushing  nmethod 0x000001b8a1d3c810
Event: 24.565 Thread 0x000001b8b57fe390 flushing  nmethod 0x000001b8a1d3d010
Event: 24.565 Thread 0x000001b8b57fe390 flushing  nmethod 0x000001b8a1d3e490
Event: 24.565 Thread 0x000001b8b57fe390 flushing  nmethod 0x000001b8a1d3e910
Event: 24.565 Thread 0x000001b8b57fe390 flushing  nmethod 0x000001b8a1d82190
Event: 24.565 Thread 0x000001b8b57fe390 flushing  nmethod 0x000001b8a1db9c90
Event: 24.565 Thread 0x000001b8b57fe390 flushing  nmethod 0x000001b8a1e24c10
Event: 24.565 Thread 0x000001b8b57fe390 flushing  nmethod 0x000001b8a1e26890
Event: 24.565 Thread 0x000001b8b57fe390 flushing  nmethod 0x000001b8a1e6bf10
Event: 24.565 Thread 0x000001b8b57fe390 flushing  nmethod 0x000001b8a1e6ea10
Event: 24.565 Thread 0x000001b8b57fe390 flushing  nmethod 0x000001b8a1ecc990
Event: 24.565 Thread 0x000001b8b57fe390 flushing  nmethod 0x000001b8a1ed2a90
Event: 24.565 Thread 0x000001b8b57fe390 flushing  nmethod 0x000001b8a1ff0190
Event: 24.565 Thread 0x000001b8b57fe390 flushing  nmethod 0x000001b8a2058b90
Event: 24.565 Thread 0x000001b8b57fe390 flushing  nmethod 0x000001b8a26efa10

Events (20 events):
Event: 21.906 Thread 0x000001b8c0992900 Thread added: 0x000001b8c0ea0470
Event: 21.907 Thread 0x000001b8c0992900 Thread added: 0x000001b8c0ea1820
Event: 21.907 Thread 0x000001b8c0992900 Thread added: 0x000001b8c0ea1190
Event: 21.908 Thread 0x000001b8c0992900 Thread added: 0x000001b8c0ea1eb0
Event: 21.908 Thread 0x000001b8c0992900 Thread added: 0x000001b8c0e9f0c0
Event: 21.908 Thread 0x000001b8c0992900 Thread added: 0x000001b8c0e9f750
Event: 21.909 Thread 0x000001b8c0992900 Thread added: 0x000001b8c0e9ea30
Event: 22.089 Thread 0x000001b8b5a0bda0 Thread added: 0x000001b8bcd60100
Event: 22.506 Thread 0x000001b8c0992900 Thread added: 0x000001b8c1187340
Event: 22.506 Thread 0x000001b8c0992900 Thread added: 0x000001b8c1186cb0
Event: 22.506 Thread 0x000001b8c0992900 Thread added: 0x000001b8c1188d80
Event: 23.347 Thread 0x000001b8c0992900 Thread added: 0x000001b8c117c210
Event: 23.668 Thread 0x000001b8c117c210 Thread added: 0x000001b8c117e2e0
Event: 23.679 Thread 0x000001b8c117c210 Thread added: 0x000001b8c117fd20
Event: 23.692 Loaded shared library D:\Android Studio\jbr\bin\rmi.dll
Event: 23.693 Thread 0x000001b8c117c210 Thread added: 0x000001b8c117e970
Event: 23.794 Thread 0x000001b8c117c210 Thread added: 0x000001b8c117dc50
Event: 23.795 Thread 0x000001b8c117c210 Thread added: 0x000001b8c117f690
Event: 23.835 Thread 0x000001b8c117dc50 Thread added: 0x000001b8c11803b0
Event: 24.922 Thread 0x000001b8bcd60100 Thread exited: 0x000001b8bcd60100


Dynamic libraries:
0x00007ff635040000 - 0x00007ff63504a000 	D:\Android Studio\jbr\bin\java.exe
0x00007ffe9e4a0000 - 0x00007ffe9e707000 	C:\WINDOWS\SYSTEM32\ntdll.dll
0x00007ffe9c5f0000 - 0x00007ffe9c6b9000 	C:\WINDOWS\System32\KERNEL32.DLL
0x00007ffe9b900000 - 0x00007ffe9bcef000 	C:\WINDOWS\System32\KERNELBASE.dll
0x00007ffe9bd00000 - 0x00007ffe9be4b000 	C:\WINDOWS\System32\ucrtbase.dll
0x00007ffe7c7b0000 - 0x00007ffe7c7cb000 	D:\Android Studio\jbr\bin\VCRUNTIME140.dll
0x00007ffe53960000 - 0x00007ffe53978000 	D:\Android Studio\jbr\bin\jli.dll
0x00007ffe9c420000 - 0x00007ffe9c5e5000 	C:\WINDOWS\System32\USER32.dll
0x00007ffe80530000 - 0x00007ffe807c3000 	C:\WINDOWS\WinSxS\amd64_microsoft.windows.common-controls_6595b64144ccf1df_6.0.26100.7309_none_3e05feeae336a044\COMCTL32.dll
0x00007ffe9b770000 - 0x00007ffe9b797000 	C:\WINDOWS\System32\win32u.dll
0x00007ffe9db30000 - 0x00007ffe9dbd9000 	C:\WINDOWS\System32\msvcrt.dll
0x00007ffe9d260000 - 0x00007ffe9d28b000 	C:\WINDOWS\System32\GDI32.dll
0x00007ffe9c110000 - 0x00007ffe9c23c000 	C:\WINDOWS\System32\gdi32full.dll
0x00007ffe9b7a0000 - 0x00007ffe9b843000 	C:\WINDOWS\System32\msvcp_win.dll
0x00007ffe9c3e0000 - 0x00007ffe9c411000 	C:\WINDOWS\System32\IMM32.DLL
0x00007ffe83540000 - 0x00007ffe8354c000 	D:\Android Studio\jbr\bin\vcruntime140_1.dll
0x00007ffe538d0000 - 0x00007ffe5395d000 	D:\Android Studio\jbr\bin\msvcp140.dll
0x00007ffdde210000 - 0x00007ffddee9b000 	D:\Android Studio\jbr\bin\server\jvm.dll
0x00007ffe9c6d0000 - 0x00007ffe9c784000 	C:\WINDOWS\System32\ADVAPI32.dll
0x00007ffe9cf80000 - 0x00007ffe9d026000 	C:\WINDOWS\System32\sechost.dll
0x00007ffe9e340000 - 0x00007ffe9e458000 	C:\WINDOWS\System32\RPCRT4.dll
0x00007ffe9d030000 - 0x00007ffe9d0a4000 	C:\WINDOWS\System32\WS2_32.dll
0x00007ffe9b450000 - 0x00007ffe9b4ae000 	C:\WINDOWS\SYSTEM32\POWRPROF.dll
0x00007ffe83e50000 - 0x00007ffe83e85000 	C:\WINDOWS\SYSTEM32\WINMM.dll
0x00007ffe8c9c0000 - 0x00007ffe8c9cb000 	C:\WINDOWS\SYSTEM32\VERSION.dll
0x00007ffe9b430000 - 0x00007ffe9b444000 	C:\WINDOWS\SYSTEM32\UMPDC.dll
0x00007ffe9a360000 - 0x00007ffe9a37b000 	C:\WINDOWS\SYSTEM32\kernel.appcore.dll
0x00007ffe832e0000 - 0x00007ffe832ea000 	D:\Android Studio\jbr\bin\jimage.dll
0x00007ffe98b90000 - 0x00007ffe98dd2000 	C:\WINDOWS\SYSTEM32\DBGHELP.DLL
0x00007ffe9c900000 - 0x00007ffe9cc86000 	C:\WINDOWS\System32\combase.dll
0x00007ffe9d0b0000 - 0x00007ffe9d186000 	C:\WINDOWS\System32\OLEAUT32.dll
0x00007ffe73780000 - 0x00007ffe737bc000 	C:\WINDOWS\SYSTEM32\dbgcore.DLL
0x00007ffe9b850000 - 0x00007ffe9b8f5000 	C:\WINDOWS\System32\bcryptPrimitives.dll
0x00007ffe8c6c0000 - 0x00007ffe8c6ce000 	D:\Android Studio\jbr\bin\instrument.dll
0x00007ffe79f90000 - 0x00007ffe79fb0000 	D:\Android Studio\jbr\bin\java.dll
0x00007ffe79f70000 - 0x00007ffe79f88000 	D:\Android Studio\jbr\bin\zip.dll
0x00007ffe9dbe0000 - 0x00007ffe9e333000 	C:\WINDOWS\System32\SHELL32.dll
0x00007ffe9bee0000 - 0x00007ffe9c04a000 	C:\WINDOWS\System32\wintypes.dll
0x00007ffe991b0000 - 0x00007ffe99a0e000 	C:\WINDOWS\SYSTEM32\windows.storage.dll
0x00007ffe9d9a0000 - 0x00007ffe9da94000 	C:\WINDOWS\System32\SHCORE.dll
0x00007ffe9dac0000 - 0x00007ffe9db26000 	C:\WINDOWS\System32\shlwapi.dll
0x00007ffe9b510000 - 0x00007ffe9b539000 	C:\WINDOWS\SYSTEM32\profapi.dll
0x00007ffe7a390000 - 0x00007ffe7a3a0000 	D:\Android Studio\jbr\bin\net.dll
0x00007ffe8c570000 - 0x00007ffe8c698000 	C:\WINDOWS\SYSTEM32\WINHTTP.dll
0x00007ffe9a8c0000 - 0x00007ffe9a92b000 	C:\WINDOWS\system32\mswsock.dll
0x00007ffe74460000 - 0x00007ffe74476000 	D:\Android Studio\jbr\bin\nio.dll
0x00007ffe73e10000 - 0x00007ffe73e20000 	D:\Android Studio\jbr\bin\verify.dll
0x00007ffe57ab0000 - 0x00007ffe57ad7000 	C:\Users\asus8\.gradle\native\1def1411415f61bf3af743bc5b6707747c0891f09f0c88961ee8f79bc544acac\windows-amd64\native-platform.dll
0x00007ffe851d0000 - 0x00007ffe85248000 	C:\Users\asus8\.gradle\native\0.2.7\x86_64-windows-gnu\gradle-fileevents.dll
0x00007ffe74450000 - 0x00007ffe74459000 	D:\Android Studio\jbr\bin\management.dll
0x00007ffe73ec0000 - 0x00007ffe73ecb000 	D:\Android Studio\jbr\bin\management_ext.dll
0x00007ffe9c6c0000 - 0x00007ffe9c6c8000 	C:\WINDOWS\System32\PSAPI.DLL
0x00007ffe99d50000 - 0x00007ffe99d84000 	C:\WINDOWS\SYSTEM32\IPHLPAPI.DLL
0x00007ffe9d2a0000 - 0x00007ffe9d2aa000 	C:\WINDOWS\System32\NSI.dll
0x00007ffe799a0000 - 0x00007ffe799a9000 	D:\Android Studio\jbr\bin\extnet.dll
0x00007ffe9ab70000 - 0x00007ffe9ab8b000 	C:\WINDOWS\SYSTEM32\CRYPTSP.dll
0x00007ffe9a2c0000 - 0x00007ffe9a2fa000 	C:\WINDOWS\system32\rsaenh.dll
0x00007ffe9a970000 - 0x00007ffe9a99b000 	C:\WINDOWS\SYSTEM32\USERENV.dll
0x00007ffe9b4e0000 - 0x00007ffe9b50a000 	C:\WINDOWS\SYSTEM32\bcrypt.dll
0x00007ffe9ab90000 - 0x00007ffe9ab9c000 	C:\WINDOWS\SYSTEM32\CRYPTBASE.dll
0x00007ffe0e210000 - 0x00007ffe0e218000 	C:\WINDOWS\system32\wshunix.dll
0x00007ffe81220000 - 0x00007ffe81238000 	C:\WINDOWS\system32\napinsp.dll
0x00007ffe99d90000 - 0x00007ffe99ebc000 	C:\WINDOWS\SYSTEM32\DNSAPI.dll
0x00007ffe81200000 - 0x00007ffe81212000 	C:\WINDOWS\System32\winrnr.dll
0x00007ffe811d0000 - 0x00007ffe811f2000 	C:\WINDOWS\system32\nlansp_c.dll
0x00007ffe811b0000 - 0x00007ffe811c6000 	C:\WINDOWS\system32\wshbth.dll
0x00007ffe90ab0000 - 0x00007ffe90abb000 	C:\Windows\System32\rasadhlp.dll
0x00007ffe92b60000 - 0x00007ffe92be6000 	C:\WINDOWS\System32\fwpuclnt.dll
0x00007ffe85250000 - 0x00007ffe85257000 	D:\Android Studio\jbr\bin\rmi.dll

dbghelp: loaded successfully - version: 4.0.5 - missing functions: none
symbol engine: initialized successfully - sym options: 0x614 - pdb path: .;D:\Android Studio\jbr\bin;C:\WINDOWS\SYSTEM32;C:\WINDOWS\WinSxS\amd64_microsoft.windows.common-controls_6595b64144ccf1df_6.0.26100.7309_none_3e05feeae336a044;D:\Android Studio\jbr\bin\server;C:\Users\asus8\.gradle\native\1def1411415f61bf3af743bc5b6707747c0891f09f0c88961ee8f79bc544acac\windows-amd64;C:\Users\asus8\.gradle\native\0.2.7\x86_64-windows-gnu

VM Arguments:
jvm_args: --add-opens=java.base/java.lang=ALL-UNNAMED --add-opens=java.base/java.lang.invoke=ALL-UNNAMED --add-opens=java.base/java.util=ALL-UNNAMED --add-opens=java.prefs/java.util.prefs=ALL-UNNAMED --add-exports=jdk.compiler/com.sun.tools.javac.api=ALL-UNNAMED --add-exports=jdk.compiler/com.sun.tools.javac.util=ALL-UNNAMED --add-opens=java.base/java.util=ALL-UNNAMED --add-opens=java.prefs/java.util.prefs=ALL-UNNAMED --add-opens=java.base/java.nio.charset=ALL-UNNAMED --add-opens=java.base/java.net=ALL-UNNAMED --add-opens=java.base/java.util.concurrent.atomic=ALL-UNNAMED --add-opens=java.xml/javax.xml.namespace=ALL-UNNAMED -Xmx2048m -Dfile.encoding=UTF-8 -Duser.country=ID -Duser.language=en -Duser.variant -javaagent:C:\Users\asus8\.gradle\wrapper\dists\gradle-8.13-bin\5xuhj0ry160q40clulazy9h7d\gradle-8.13\lib\agents\gradle-instrumentation-agent-8.13.jar 
java_command: org.gradle.launcher.daemon.bootstrap.GradleDaemon 8.13
java_class_path (initial): C:\Users\asus8\.gradle\wrapper\dists\gradle-8.13-bin\5xuhj0ry160q40clulazy9h7d\gradle-8.13\lib\gradle-daemon-main-8.13.jar
Launcher Type: SUN_STANDARD

[Global flags]
     intx CICompilerCount                          = 4                                         {product} {ergonomic}
     uint ConcGCThreads                            = 2                                         {product} {ergonomic}
     uint G1ConcRefinementThreads                  = 8                                         {product} {ergonomic}
   size_t G1HeapRegionSize                         = 1048576                                   {product} {ergonomic}
    uintx GCDrainStackTargetSize                   = 64                                        {product} {ergonomic}
   size_t InitialHeapSize                          = 130023424                                 {product} {ergonomic}
   size_t MarkStackSize                            = 4194304                                   {product} {ergonomic}
   size_t MaxHeapSize                              = 2147483648                                {product} {command line}
   size_t MaxNewSize                               = 1287651328                                {product} {ergonomic}
   size_t MinHeapDeltaBytes                        = 1048576                                   {product} {ergonomic}
   size_t MinHeapSize                              = 8388608                                   {product} {ergonomic}
    uintx NonNMethodCodeHeapSize                   = 5839372                                {pd product} {ergonomic}
    uintx NonProfiledCodeHeapSize                  = 122909434                              {pd product} {ergonomic}
    uintx ProfiledCodeHeapSize                     = 122909434                              {pd product} {ergonomic}
    uintx ReservedCodeCacheSize                    = 251658240                              {pd product} {ergonomic}
     bool SegmentedCodeCache                       = true                                      {product} {ergonomic}
   size_t SoftMaxHeapSize                          = 2147483648                             {manageable} {ergonomic}
     bool UseCompressedOops                        = true                           {product lp64_product} {ergonomic}
     bool UseG1GC                                  = true                                      {product} {ergonomic}
     bool UseLargePagesIndividualAllocation        = false                                  {pd product} {ergonomic}

Logging:
Log output configuration:
 #0: stdout all=warning uptime,level,tags foldmultilines=false
 #1: stderr all=off uptime,level,tags foldmultilines=false

Environment Variables:
PATH=C:\Program Files (x86)\Common Files\Oracle\Java\java8path;C:\Program Files (x86)\Common Files\Oracle\Java\javapath;C:\Users\asus8\AppData\Local\Programs\Python\Python313\Scripts\;C:\Users\asus8\AppData\Local\Programs\Python\Python313\;C:\PROGRA~2\Borland\CBUILD~1\Bin;C:\PROGRA~2\Borland\CBUILD~1\Projects\Bpl;C:\Windows\system32;C:\Windows;C:\Windows\System32\Wbem;C:\Windows\System32\WindowsPowerShell\v1.0\;C:\Windows\System32\OpenSSH\;C:\Program Files (x86)\NVIDIA Corporation\PhysX\Common;C:\Program Files\NVIDIA Corporation\NVIDIA NvDLISR;C:\WINDOWS\system32;C:\WINDOWS;C:\WINDOWS\System32\Wbem;C:\WINDOWS\System32\WindowsPowerShell\v1.0\;C:\WINDOWS\System32\OpenSSH\;C:\Program Files\nodejs\;C:\ProgramData\chocolatey\bin;c:\Users\asus8\AppData\Local\Programs\cursor\resources\app\bin;C:\Program Files\Git\cmd;C:\Users\asus8\AppData\Local\Android\Sdk\platform-tools;C:\Users\asus8\AppData\Local\Programs\Python\Launcher\;C:\Users\asus8\AppData\Local\Microsoft\WindowsApps;C:\Users\asus8\AppData\Local\Programs\Microsoft VS Code\bin;C:\Users\asus8\AppData\Roaming\npm;C:\Users\asus8\AppData\Local\GitHubDesktop\bin;C:\Users\asus8\AppData\Local\Programs\cursor\resources\app\bin
USERNAME=Shiera Lkvra
OS=Windows_NT
PROCESSOR_IDENTIFIER=Intel64 Family 6 Model 140 Stepping 1, GenuineIntel
TMP=C:\Users\asus8\AppData\Local\Temp
TEMP=C:\Users\asus8\AppData\Local\Temp




Periodic native trim disabled

JNI global refs:
JNI global refs: 28, weak refs: 0

JNI global refs memory usage: 835, weak refs: 833

Process memory usage:
Resident Set Size: 554064K (6% of 8075524K total physical memory with 548072K free physical memory)

OOME stack traces (most recent first):
Classloader memory used:
Loader org.gradle.internal.classloader.VisitableURLClassLoader                         : 46401K
Loader org.gradle.internal.classloader.VisitableURLClassLoader$InstrumentingVisitableURLClassLoader: 39398K
Loader bootstrap                                                                       : 30297K
Loader org.gradle.initialization.MixInLegacyTypesClassLoader                           : 13255K
Loader jdk.internal.reflect.DelegatingClassLoader                                      : 599K
Loader jdk.internal.loader.ClassLoaders$PlatformClassLoader                            : 503K
Loader jdk.internal.loader.ClassLoaders$AppClassLoader                                 : 236K
Loader org.gradle.internal.classloader.VisitableURLClassLoader                         : 214K
Loader org.gradle.groovy.scripts.internal.DefaultScriptCompilationHandler$ScriptClassLoader: 136K
Loader org.codehaus.groovy.runtime.callsite.CallSiteClassLoader                        : 27232B

Classes loaded by more than one classloader:
Class Program                                                                         : loaded 5 times (x 68B)
Class Build_gradle                                                                    : loaded 3 times (x 126B)
Class Build_gradle$1                                                                  : loaded 3 times (x 70B)
Class org.gradle.internal.classloader.FilteringClassLoader                            : loaded 2 times (x 101B)
Class com.google.common.base.CharMatcher$IsEither                                     : loaded 2 times (x 107B)
Class org.gradle.internal.classloader.ClassLoaderHierarchy                            : loaded 2 times (x 66B)
Class com.google.common.collect.ImmutableEnumSet                                      : loaded 2 times (x 142B)
Class com.google.common.util.concurrent.ExecutionError                                : loaded 2 times (x 78B)
Class com.google.common.collect.ImmutableList$1                                       : loaded 2 times (x 93B)
Class org.gradle.api.internal.classpath.ManifestUtil                                  : loaded 2 times (x 67B)
Class com.google.common.io.ByteArrayDataOutput                                        : loaded 2 times (x 66B)
Class com.google.common.collect.RegularImmutableMap                                   : loaded 2 times (x 117B)
Class com.google.common.collect.ImmutableMap$MapViewOfValuesAsSingletonSets           : loaded 2 times (x 122B)
Class [Lorg.objectweb.asm.Symbol;                                                     : loaded 2 times (x 65B)
Class org.objectweb.asm.ClassVisitor                                                  : loaded 2 times (x 84B)
Class com.google.common.collect.UnmodifiableListIterator                              : loaded 2 times (x 91B)
Class com.google.common.base.Platform$JdkPatternCompiler                              : loaded 2 times (x 71B)
Class org.objectweb.asm.MethodTooLargeException                                       : loaded 2 times (x 79B)
Class [Lcom.google.common.cache.CacheBuilder$OneWeigher;                              : loaded 2 times (x 65B)
Class com.google.common.base.Suppliers                                                : loaded 2 times (x 67B)
Class org.gradle.internal.classloader.DefaultClassLoaderFactory                       : loaded 2 times (x 78B)
Class org.gradle.internal.classloader.ClassLoaderVisitor                              : loaded 2 times (x 72B)
Class [Lcom.google.common.collect.ImmutableMapEntry;                                  : loaded 2 times (x 65B)
Class org.gradle.api.internal.classpath.EffectiveClassPath                            : loaded 2 times (x 86B)
Class com.google.common.collect.ImmutableRangeSet                                     : loaded 2 times (x 111B)
Class com.google.common.collect.ListMultimap                                          : loaded 2 times (x 66B)
Class com.google.common.collect.ImmutableEnumMap                                      : loaded 2 times (x 122B)
Class com.google.common.collect.ImmutableSet$SerializedForm                           : loaded 2 times (x 69B)
Class com.google.common.collect.Sets$1                                                : loaded 2 times (x 135B)
Class org.objectweb.asm.AnnotationVisitor                                             : loaded 2 times (x 74B)
Class org.gradle.api.internal.DefaultClassPathProvider                                : loaded 2 times (x 72B)
Class com.google.common.collect.Sets$2                                                : loaded 2 times (x 135B)
Class [Lorg.gradle.api.internal.ClassPathProvider;                                    : loaded 2 times (x 65B)
Class org.gradle.api.internal.ClassPathProvider                                       : loaded 2 times (x 66B)
Class com.google.common.collect.Sets$3                                                : loaded 2 times (x 135B)
Class com.google.common.util.concurrent.AbstractFuture$SafeAtomicHelper               : loaded 2 times (x 75B)
Class com.google.common.cache.LocalCache$LocalLoadingCache                            : loaded 2 times (x 130B)
Class org.gradle.internal.service.UnknownServiceException                             : loaded 2 times (x 79B)
Class com.google.common.io.ByteArrayDataInput                                         : loaded 2 times (x 66B)
Class com.google.common.collect.Sets$4                                                : loaded 2 times (x 135B)
Class org.objectweb.asm.ModuleVisitor                                                 : loaded 2 times (x 77B)
Class com.google.common.cache.LocalCache$Strength$1                                   : loaded 2 times (x 77B)
Class com.google.common.util.concurrent.SettableFuture                                : loaded 2 times (x 110B)
Class com.google.common.cache.LocalCache$Strength$2                                   : loaded 2 times (x 77B)
Class ijJvmDebugger1_2d2zy2l2jaf97h9hwbkepauhd                                        : loaded 2 times (x 175B)
Class com.google.common.io.ByteStreams                                                : loaded 2 times (x 67B)
Class com.google.common.cache.LocalCache$Strength$3                                   : loaded 2 times (x 77B)
Class com.google.common.collect.MapDifference                                         : loaded 2 times (x 66B)
Class org.objectweb.asm.FieldWriter                                                   : loaded 2 times (x 74B)
Class com.google.common.cache.CacheBuilder$NullListener                               : loaded 2 times (x 78B)
Class org.gradle.internal.classpath.TransformedClassPath                              : loaded 2 times (x 92B)
Class org.gradle.internal.classloader.InstrumentingClassLoader                        : loaded 2 times (x 66B)
Class com.google.common.collect.ImmutableRangeSet$AsSet                               : loaded 2 times (x 296B)
Class com.google.common.cache.CacheLoader$FunctionToCacheLoader                       : loaded 2 times (x 71B)
Class com.google.common.collect.Iterators$ArrayItr                                    : loaded 2 times (x 93B)
Class com.google.common.collect.ImmutableCollection$Builder                           : loaded 2 times (x 72B)
Class com.google.common.base.Joiner                                                   : loaded 2 times (x 75B)
Class com.google.common.base.MoreObjects                                              : loaded 2 times (x 67B)
Class com.google.common.collect.Platform                                              : loaded 2 times (x 67B)
Class [Lorg.objectweb.asm.Type;                                                       : loaded 2 times (x 65B)
Class com.google.common.collect.UnmodifiableIterator                                  : loaded 2 times (x 76B)
Class org.gradle.internal.service.ServiceLocator                                      : loaded 2 times (x 66B)
Class com.google.common.base.Ascii                                                    : loaded 2 times (x 67B)
Class com.google.common.collect.SingletonImmutableBiMap                               : loaded 2 times (x 139B)
Class com.google.common.cache.LocalCache$1                                            : loaded 2 times (x 85B)
Class com.google.common.collect.AbstractMapEntry                                      : loaded 2 times (x 77B)
Class com.google.common.collect.Sets$ImprovedAbstractSet                              : loaded 2 times (x 131B)
Class com.google.common.collect.ImmutableList$Builder                                 : loaded 2 times (x 73B)
Class com.google.common.collect.AbstractMultimap                                      : loaded 2 times (x 119B)
Class com.google.common.cache.LocalCache$2                                            : loaded 2 times (x 138B)
Class com.google.common.collect.ImmutableRangeSet$1                                   : loaded 2 times (x 206B)
Class com.google.common.util.concurrent.AbstractFuture$UnsafeAtomicHelper$1           : loaded 2 times (x 72B)
Class com.google.common.collect.RegularImmutableAsList                                : loaded 2 times (x 213B)
Class ijKotlinCoroutineJvmDebugInit1_c3hqpme7v1s15fct5nfqq0jo1$_run_closure1          : loaded 2 times (x 135B)
Class com.google.common.collect.Range                                                 : loaded 2 times (x 83B)
Class com.google.common.util.concurrent.AbstractFuture$Trusted                        : loaded 2 times (x 66B)
Class com.google.common.collect.Iterators                                             : loaded 2 times (x 67B)
Class com.google.common.collect.Lists$StringAsImmutableList                           : loaded 2 times (x 203B)
Class com.google.common.util.concurrent.UncheckedExecutionException                   : loaded 2 times (x 78B)
Class org.gradle.kotlin.dsl.VersionCatalogAccessorsKt                                 : loaded 2 times (x 67B)
Class ijKotlinCoroutineJvmDebugInit1_c3hqpme7v1s15fct5nfqq0jo1                        : loaded 2 times (x 175B)
Class org.gradle.internal.InternalTransformer                                         : loaded 2 times (x 66B)
Class com.google.common.collect.AbstractMapBasedMultimap$KeySet$1                     : loaded 2 times (x 78B)
Class org.objectweb.asm.ClassWriter                                                   : loaded 2 times (x 102B)
Class com.google.common.base.CharMatcher$And                                          : loaded 2 times (x 108B)
Class com.google.common.cache.CacheLoader$UnsupportedLoadingOperationException        : loaded 2 times (x 78B)
Class org.gradle.internal.classloader.ClasspathUtil$1                                 : loaded 2 times (x 72B)
Class com.google.common.base.Objects                                                  : loaded 2 times (x 67B)
Class org.objectweb.asm.FieldVisitor                                                  : loaded 2 times (x 73B)
Class com.google.common.collect.IndexedImmutableSet                                   : loaded 2 times (x 148B)
Class com.google.common.collect.ImmutableMap$1                                        : loaded 2 times (x 77B)
Class com.google.common.collect.BiMap                                                 : loaded 2 times (x 66B)
Class org.gradle.api.internal.classpath.DefaultModuleRegistry$DefaultModule           : loaded 2 times (x 82B)
Class com.google.common.primitives.Ints                                               : loaded 2 times (x 67B)
Class com.google.common.collect.AbstractIterator                                      : loaded 2 times (x 78B)
Class com.google.common.collect.RegularImmutableMap$KeySet                            : loaded 2 times (x 148B)
Class com.google.common.collect.Multiset                                              : loaded 2 times (x 66B)
Class com.google.common.collect.ArrayListMultimapGwtSerializationDependencies         : loaded 2 times (x 168B)
Class com.google.common.collect.AbstractIndexedListIterator                           : loaded 2 times (x 92B)
Class com.google.common.math.MathPreconditions                                        : loaded 2 times (x 67B)
Class com.google.common.collect.ImmutableMapEntrySet                                  : loaded 2 times (x 148B)
Class org.gradle.api.internal.classpath.Module                                        : loaded 2 times (x 66B)
Class com.google.common.cache.Weigher                                                 : loaded 2 times (x 66B)
Class org.gradle.api.internal.classpath.UnknownModuleException                        : loaded 2 times (x 78B)
Class com.google.common.base.Stopwatch                                                : loaded 2 times (x 68B)
Class com.google.common.cache.LocalCache$Strength                                     : loaded 2 times (x 77B)
Class com.google.common.cache.Cache                                                   : loaded 2 times (x 66B)
Class com.google.common.util.concurrent.AbstractFuture$Cancellation                   : loaded 2 times (x 68B)
Class com.google.common.collect.ImmutableMap$Builder                                  : loaded 2 times (x 78B)
Class com.google.common.cache.RemovalListener                                         : loaded 2 times (x 66B)
Class org.gradle.api.internal.DefaultClassPathRegistry                                : loaded 2 times (x 72B)
Class com.google.common.primitives.IntsMethodsForWeb                                  : loaded 2 times (x 67B)
Class com.google.common.collect.Multimap                                              : loaded 2 times (x 66B)
Class org.gradle.api.internal.ClassPathRegistry                                       : loaded 2 times (x 66B)
Class org.gradle.internal.classpath.DefaultClassPath$ImmutableUniqueList              : loaded 2 times (x 195B)
Class com.google.common.base.ExtraObjectsMethodsForWeb                                : loaded 2 times (x 67B)
Class com.google.common.base.Equivalence$Identity                                     : loaded 2 times (x 78B)
Class com.google.common.cache.CacheBuilder                                            : loaded 2 times (x 68B)
Class com.google.common.collect.SingletonImmutableList                                : loaded 2 times (x 203B)
Class Settings_gradle$1                                                               : loaded 2 times (x 70B)
Class org.gradle.internal.classpath.ClassPath                                         : loaded 2 times (x 66B)
Class org.gradle.api.UncheckedIOException                                             : loaded 2 times (x 78B)
Class com.google.common.base.JdkPattern                                               : loaded 2 times (x 71B)
Class com.google.common.collect.ImmutableList$ReverseImmutableList                    : loaded 2 times (x 205B)
Class org.objectweb.asm.SymbolTable$Entry                                             : loaded 2 times (x 70B)
Class com.google.common.util.concurrent.AbstractFuture$AtomicHelper                   : loaded 2 times (x 74B)
Class org.objectweb.asm.Edge                                                          : loaded 2 times (x 68B)
Class com.google.common.base.Suppliers$SupplierOfInstance                             : loaded 2 times (x 75B)
Class com.google.common.collect.Iterators$1                                           : loaded 2 times (x 77B)
Class com.google.common.cache.LocalCache$ComputingValueReference                      : loaded 2 times (x 92B)
Class com.google.common.collect.SingletonImmutableSet                                 : loaded 2 times (x 142B)
Class com.google.common.collect.ImmutableMap$IteratorBasedImmutableMap                : loaded 2 times (x 122B)
Class ijJvmDebugger1_2d2zy2l2jaf97h9hwbkepauhd$_run_closure1$_closure2                : loaded 2 times (x 136B)
Class com.google.common.cache.LocalCache$Segment                                      : loaded 2 times (x 150B)
Class com.google.common.collect.SortedIterable                                        : loaded 2 times (x 66B)
Class com.google.common.collect.AbstractListMultimap                                  : loaded 2 times (x 168B)
Class [Lorg.objectweb.asm.SymbolTable$Entry;                                          : loaded 2 times (x 65B)
Class com.google.common.cache.CacheLoader                                             : loaded 2 times (x 70B)
Class com.google.common.collect.Iterators$4                                           : loaded 2 times (x 78B)
Class com.google.common.collect.ImmutableBiMap                                        : loaded 2 times (x 139B)
Class org.gradle.internal.installation.GradleInstallation$1                           : loaded 2 times (x 71B)
Class org.gradle.api.internal.classpath.ModuleRegistry                                : loaded 2 times (x 66B)
Class com.google.common.util.concurrent.internal.InternalFutureFailureAccess          : loaded 2 times (x 68B)
Class com.google.common.collect.Iterators$5                                           : loaded 2 times (x 78B)
Class com.google.common.collect.ImmutableSet$JdkBackedSetBuilderImpl                  : loaded 2 times (x 72B)
Class com.google.common.util.concurrent.AbstractFuture$UnsafeAtomicHelper             : loaded 2 times (x 74B)
Class com.google.common.base.CharMatcher$ForPredicate                                 : loaded 2 times (x 108B)
Class com.google.common.cache.LocalCache$LocalManualCache$1                           : loaded 2 times (x 71B)
Class com.google.common.base.CharMatcher$AnyOf                                        : loaded 2 times (x 108B)
Class com.google.common.collect.ImmutableCollection                                   : loaded 2 times (x 121B)
Class org.gradle.api.internal.classpath.DefaultModuleRegistry                         : loaded 2 times (x 82B)
Class com.google.common.collect.Lists                                                 : loaded 2 times (x 67B)
Class com.google.common.util.concurrent.ListenableFuture                              : loaded 2 times (x 66B)
Class com.google.common.cache.ReferenceEntry                                          : loaded 2 times (x 66B)
Class com.google.common.base.Converter                                                : loaded 2 times (x 86B)
Class com.google.common.collect.ImmutableSet$CachingAsList                            : loaded 2 times (x 144B)
Class com.google.common.collect.AbstractMapBasedMultimap                              : loaded 2 times (x 135B)
Class com.google.common.util.concurrent.AbstractFuture                                : loaded 2 times (x 102B)
Class com.google.common.base.FunctionalEquivalence                                    : loaded 2 times (x 79B)
Class com.google.common.collect.Iterators$9                                           : loaded 2 times (x 77B)
Class com.google.common.collect.ImmutableAsList                                       : loaded 2 times (x 205B)
Class org.objectweb.asm.RecordComponentVisitor                                        : loaded 2 times (x 73B)
Class com.google.common.cache.CacheLoader$SupplierToCacheLoader                       : loaded 2 times (x 71B)
Class com.google.common.collect.Maps$EntryTransformer                                 : loaded 2 times (x 66B)
Class org.gradle.internal.service.ServiceLookupException                              : loaded 2 times (x 78B)
Class com.google.common.collect.ImmutableSortedSet                                    : loaded 2 times (x 296B)
Class [Lcom.google.common.cache.LocalCache$EntryFactory;                              : loaded 2 times (x 65B)
Class org.gradle.internal.classloader.ClassLoaderFactory                              : loaded 2 times (x 66B)
Class com.google.common.base.CommonPattern                                            : loaded 2 times (x 70B)
Class com.google.common.base.CharMatcher$IsNot                                        : loaded 2 times (x 107B)
Class com.google.common.cache.LocalCache$LocalManualCache                             : loaded 2 times (x 95B)
Class org.gradle.internal.service.CachingServiceLocator                               : loaded 2 times (x 78B)
Class com.google.common.collect.AbstractMapBasedMultimap$KeySet                       : loaded 2 times (x 133B)
Class com.google.common.collect.RegularImmutableSortedSet                             : loaded 2 times (x 296B)
Class com.google.common.math.IntMath                                                  : loaded 2 times (x 67B)
Class com.google.common.collect.ImmutableMapEntry                                     : loaded 2 times (x 81B)
Class com.google.common.base.Equivalence                                              : loaded 2 times (x 78B)
Class com.google.common.base.Function                                                 : loaded 2 times (x 66B)
Class com.google.common.collect.ImmutableMapEntry$NonTerminalImmutableMapEntry        : loaded 2 times (x 81B)
Class com.google.common.collect.IndexedImmutableSet$1                                 : loaded 2 times (x 209B)
Class com.google.common.cache.CacheBuilder$OneWeigher                                 : loaded 2 times (x 78B)
Class com.google.common.collect.RegularImmutableList                                  : loaded 2 times (x 209B)
Class org.gradle.internal.classloader.ClasspathUtil                                   : loaded 2 times (x 67B)
Class com.google.common.base.Charsets                                                 : loaded 2 times (x 67B)
Class com.google.common.util.concurrent.Uninterruptibles                              : loaded 2 times (x 67B)
Class com.google.common.collect.Maps                                                  : loaded 2 times (x 67B)
Class org.gradle.api.specs.Spec                                                       : loaded 2 times (x 66B)
Class [Lcom.google.common.collect.ImmutableEntry;                                     : loaded 2 times (x 65B)
Class ijKotlinCoroutineJvmDebugInit1_c3hqpme7v1s15fct5nfqq0jo1$_run_closure1$_closure2: loaded 2 times (x 135B)
Class com.google.common.cache.LocalCache$LoadingValueReference                        : loaded 2 times (x 92B)
Class com.google.common.collect.ObjectArrays                                          : loaded 2 times (x 67B)
Class com.google.common.base.Platform                                                 : loaded 2 times (x 67B)
Class com.google.common.collect.Maps$8                                                : loaded 2 times (x 78B)
Class com.google.common.collect.ImmutableRangeSet$Builder                             : loaded 2 times (x 73B)
Class com.google.common.collect.Sets$SetView                                          : loaded 2 times (x 134B)
Class com.google.common.cache.LocalCache$StrongValueReference                         : loaded 2 times (x 86B)
Class com.google.common.util.concurrent.AbstractFuture$SynchronizedHelper             : loaded 2 times (x 74B)
Class org.objectweb.asm.Type                                                          : loaded 2 times (x 68B)
Class org.gradle.internal.classloader.VisitableURLClassLoader$InstrumentingVisitableURLClassLoader: loaded 2 times (x 119B)
Class org.objectweb.asm.ByteVector                                                    : loaded 2 times (x 75B)
Class [Lcom.google.common.cache.CacheBuilder$NullListener;                            : loaded 2 times (x 65B)
Class com.google.common.math.IntMath$1                                                : loaded 2 times (x 67B)
Class org.gradle.internal.classloader.VisitableURLClassLoader$Spec                    : loaded 2 times (x 70B)
Class org.gradle.internal.classpath.DefaultClassPath                                  : loaded 2 times (x 86B)
Class org.objectweb.asm.Symbol                                                        : loaded 2 times (x 69B)
Class com.google.common.io.Closer                                                     : loaded 2 times (x 74B)
Class com.google.common.base.CharMatcher$Ascii                                        : loaded 2 times (x 108B)
Class com.google.common.base.CharMatcher$BitSetMatcher                                : loaded 2 times (x 108B)
Class com.google.common.collect.ImmutableSet                                          : loaded 2 times (x 141B)
Class com.google.common.collect.RegularImmutableMap$Values                            : loaded 2 times (x 203B)
Class org.gradle.internal.classloader.ClassLoaderSpec                                 : loaded 2 times (x 67B)
Class org.objectweb.asm.AnnotationWriter                                              : loaded 2 times (x 75B)
Class com.google.common.cache.CacheStats                                              : loaded 2 times (x 67B)
Class com.google.common.io.Closer$Suppressor                                          : loaded 2 times (x 66B)
Class org.objectweb.asm.RecordComponentWriter                                         : loaded 2 times (x 74B)
Class com.google.common.util.concurrent.AbstractFuture$Listener                       : loaded 2 times (x 68B)
Class com.google.common.base.CharMatcher$Or                                           : loaded 2 times (x 108B)
Class Settings_gradle$1$1                                                             : loaded 2 times (x 70B)
Class org.objectweb.asm.Attribute                                                     : loaded 2 times (x 73B)
Class com.google.common.base.Supplier                                                 : loaded 2 times (x 66B)
Class org.gradle.internal.classloader.VisitableURLClassLoader                         : loaded 2 times (x 113B)
Class com.google.common.util.concurrent.AbstractFuture$Waiter                         : loaded 2 times (x 68B)
Class Settings_gradle                                                                 : loaded 2 times (x 124B)
Class org.gradle.internal.Cast                                                        : loaded 2 times (x 67B)
Class org.gradle.api.Action                                                           : loaded 2 times (x 66B)
Class com.google.common.base.Strings                                                  : loaded 2 times (x 67B)
Class com.google.common.collect.Sets                                                  : loaded 2 times (x 67B)
Class org.objectweb.asm.Handler                                                       : loaded 2 times (x 68B)
Class com.google.common.base.CharMatcher$FastMatcher                                  : loaded 2 times (x 107B)
Class com.google.common.base.Ticker                                                   : loaded 2 times (x 68B)
Class [Lcom.google.common.cache.LocalCache$Segment;                                   : loaded 2 times (x 65B)
Class com.google.common.base.Predicate                                                : loaded 2 times (x 66B)
Class [Lcom.google.common.cache.LocalCache$Strength;                                  : loaded 2 times (x 65B)
Class com.google.common.cache.CacheBuilder$1                                          : loaded 2 times (x 81B)
Class com.google.common.collect.ImmutableMap                                          : loaded 2 times (x 116B)
Class org.gradle.internal.classpath.DefaultClassPath$ImmutableUniqueList$Builder      : loaded 2 times (x 71B)
Class com.google.common.collect.AbstractRangeSet                                      : loaded 2 times (x 110B)
Class com.google.common.base.CharMatcher$NegatedFastMatcher                           : loaded 2 times (x 109B)
Class com.google.common.cache.LocalCache                                              : loaded 2 times (x 183B)
Class com.google.common.cache.CacheBuilder$2                                          : loaded 2 times (x 75B)
Class com.google.common.collect.ArrayListMultimap                                     : loaded 2 times (x 168B)
Class com.google.common.cache.CacheBuilder$3                                          : loaded 2 times (x 68B)
Class [Lcom.google.common.collect.AbstractMapEntry;                                   : loaded 2 times (x 65B)
Class com.google.common.collect.ImmutableEntry                                        : loaded 2 times (x 78B)
Class org.gradle.api.GradleException                                                  : loaded 2 times (x 78B)
Class com.google.common.base.Suppliers$MemoizingSupplier                              : loaded 2 times (x 75B)
Class com.google.common.collect.CollectPreconditions                                  : loaded 2 times (x 67B)
Class com.google.common.collect.SortedMapDifference                                   : loaded 2 times (x 66B)
Class com.google.common.cache.LocalCache$EntryFactory                                 : loaded 2 times (x 79B)
Class com.google.common.cache.LocalCache$AbstractReferenceEntry                       : loaded 2 times (x 103B)
Class org.gradle.internal.IoActions                                                   : loaded 2 times (x 67B)
Class com.google.common.collect.ImmutableRangeSet$ComplementRanges                    : loaded 2 times (x 203B)
Class org.objectweb.asm.SymbolTable                                                   : loaded 2 times (x 68B)
Class com.google.common.cache.CacheLoader$InvalidCacheLoadException                   : loaded 2 times (x 78B)
Class com.google.common.collect.ImmutableSet$RegularSetBuilderImpl                    : loaded 2 times (x 73B)
Class org.gradle.internal.classloader.SystemClassLoaderSpec                           : loaded 2 times (x 67B)
Class com.google.common.cache.LocalCache$StrongEntry                                  : loaded 2 times (x 104B)
Class com.google.common.util.concurrent.AbstractFuture$TrustedFuture                  : loaded 2 times (x 110B)
Class com.google.common.cache.LoadingCache                                            : loaded 2 times (x 66B)
Class com.google.common.io.ByteStreams$LimitedInputStream                             : loaded 2 times (x 88B)
Class com.google.common.base.Suppliers$NonSerializableMemoizingSupplier               : loaded 2 times (x 75B)
Class org.objectweb.asm.MethodWriter                                                  : loaded 2 times (x 102B)
Class [Lcom.google.common.cache.Weigher;                                              : loaded 2 times (x 65B)
Class com.google.common.collect.RegularImmutableMap$BucketOverflowException           : loaded 2 times (x 78B)
Class ijJvmDebugger1_2d2zy2l2jaf97h9hwbkepauhd$_run_closure1                          : loaded 2 times (x 135B)
Class com.google.common.collect.RegularImmutableBiMap                                 : loaded 2 times (x 145B)
Class com.google.common.base.CharMatcher$Negated                                      : loaded 2 times (x 109B)
Class com.google.common.base.CharMatcher$Is                                           : loaded 2 times (x 107B)
Class com.google.common.cache.LocalCache$ValueReference                               : loaded 2 times (x 66B)
Class com.google.common.base.PatternCompiler                                          : loaded 2 times (x 66B)
Class com.google.common.util.concurrent.AbstractFuture$Failure                        : loaded 2 times (x 68B)
Class com.google.common.base.Equivalence$Equals                                       : loaded 2 times (x 78B)
Class com.google.common.collect.Hashing                                               : loaded 2 times (x 67B)
Class com.google.common.base.Preconditions                                            : loaded 2 times (x 67B)
Class com.google.common.base.Joiner$1                                                 : loaded 2 times (x 76B)
Class org.objectweb.asm.Label                                                         : loaded 2 times (x 69B)
Class org.objectweb.asm.CurrentFrame                                                  : loaded 2 times (x 69B)
Class org.objectweb.asm.ClassTooLargeException                                        : loaded 2 times (x 79B)
Class com.google.common.base.CharMatcher                                              : loaded 2 times (x 107B)
Class com.google.common.collect.PeekingIterator                                       : loaded 2 times (x 66B)
Class com.google.common.collect.Maps$IteratorBasedAbstractMap                         : loaded 2 times (x 121B)
Class com.google.common.collect.RangeGwtSerializationDependencies                     : loaded 2 times (x 67B)
Class com.google.common.base.Joiner$2                                                 : loaded 2 times (x 75B)
Class org.objectweb.asm.Frame                                                         : loaded 2 times (x 69B)
Class org.objectweb.asm.MethodVisitor                                                 : loaded 2 times (x 101B)
Class com.google.common.base.CharMatcher$1                                            : loaded 2 times (x 109B)
Class com.google.common.base.CharMatcher$NamedFastMatcher                             : loaded 2 times (x 108B)
Class com.google.common.cache.LocalCache$EntryFactory$1                               : loaded 2 times (x 79B)
Class [Lcom.google.common.cache.RemovalListener;                                      : loaded 2 times (x 65B)
Class com.google.common.collect.RangeSet                                              : loaded 2 times (x 66B)
Class com.google.common.cache.LocalCache$EntryFactory$2                               : loaded 2 times (x 79B)
Class org.gradle.api.internal.classpath.GlobalCacheRootsProvider                      : loaded 2 times (x 66B)
Class com.google.common.collect.CollectCollectors                                     : loaded 2 times (x 67B)
Class org.objectweb.asm.ModuleWriter                                                  : loaded 2 times (x 78B)
Class com.google.common.cache.LocalCache$EntryFactory$3                               : loaded 2 times (x 79B)
Class com.google.common.base.Ticker$1                                                 : loaded 2 times (x 68B)
Class com.google.common.collect.Maps$BiMapConverter                                   : loaded 2 times (x 86B)
Class com.google.common.collect.ImmutableMapEntrySet$RegularEntrySet                  : loaded 2 times (x 148B)
Class com.google.common.base.CharMatcher$InRange                                      : loaded 2 times (x 107B)
Class com.google.common.cache.LocalCache$EntryFactory$4                               : loaded 2 times (x 79B)
Class com.google.common.collect.ImmutableSet$Builder                                  : loaded 2 times (x 81B)
Class com.google.common.io.ByteStreams$1                                              : loaded 2 times (x 81B)
Class com.google.common.cache.LocalCache$EntryFactory$5                               : loaded 2 times (x 79B)
Class com.google.common.base.PairwiseEquivalence                                      : loaded 2 times (x 79B)
Class com.google.common.cache.LocalCache$EntryFactory$6                               : loaded 2 times (x 79B)
Class org.gradle.internal.installation.CurrentGradleInstallationLocator               : loaded 2 times (x 67B)
Class com.google.common.collect.Maps$KeySet                                           : loaded 2 times (x 133B)
Class com.google.common.cache.LocalCache$EntryFactory$7                               : loaded 2 times (x 79B)
Class com.google.common.collect.ImmutableSet$EmptySetBuilderImpl                      : loaded 2 times (x 72B)
Class com.google.common.collect.ImmutableList                                         : loaded 2 times (x 202B)
Class org.gradle.internal.service.DefaultServiceLocator                               : loaded 2 times (x 79B)
Class com.google.common.cache.LocalCache$EntryFactory$8                               : loaded 2 times (x 79B)
Class com.google.common.collect.ImmutableSet$SetBuilderImpl                           : loaded 2 times (x 72B)
Class org.gradle.internal.installation.CurrentGradleInstallation                      : loaded 2 times (x 69B)
Class com.google.common.cache.CacheLoader$1                                           : loaded 2 times (x 71B)
Class com.google.common.collect.ForwardingObject                                      : loaded 2 times (x 68B)
Class com.google.common.collect.ImmutableList$SubList                                 : loaded 2 times (x 205B)
Class org.gradle.util.internal.GUtil                                                  : loaded 2 times (x 67B)
Class com.google.common.util.concurrent.AbstractFuture$SetFuture                      : loaded 2 times (x 71B)
Class com.google.common.cache.AbstractCache$StatsCounter                              : loaded 2 times (x 66B)
Class com.google.common.collect.Iterators$MergingIterator                             : loaded 2 times (x 77B)
Class com.google.common.collect.RegularImmutableSet                                   : loaded 2 times (x 145B)
Class org.gradle.internal.installation.GradleInstallation                             : loaded 2 times (x 71B)
Class com.google.common.collect.Iterables                                             : loaded 2 times (x 67B)

---------------  S Y S T E M  ---------------

OS:
 Windows 11 , 64 bit Build 26100 (10.0.26100.7309)
OS uptime: 0 days 0:09 hours
Hyper-V role detected

CPU: total 8 (initial active 8) (4 cores per cpu, 2 threads per core) family 6 model 140 stepping 1 microcode 0x86, cx8, cmov, fxsr, ht, mmx, 3dnowpref, sse, sse2, sse3, ssse3, sse4.1, sse4.2, popcnt, lzcnt, tsc, tscinvbit, avx, avx2, aes, erms, clmul, bmi1, bmi2, adx, avx512f, avx512dq, avx512cd, avx512bw, avx512vl, sha, fma, vzeroupper, avx512_vpopcntdq, avx512_vpclmulqdq, avx512_vaes, avx512_vnni, clflush, clflushopt, clwb, avx512_vbmi2, avx512_vbmi, hv, rdtscp, rdpid, fsrm, gfni, avx512_bitalg, f16c, cet_ibt, cet_ss, avx512_ifma
Processor Information for the first 8 processors :
  Max Mhz: 2419, Current Mhz: 2419, Mhz Limit: 2419

Memory: 4k page, system-wide physical 7886M (563M free)
TotalPageFile size 14755M (AvailPageFile size 59M)
current process WorkingSet (physical memory assigned to process): 541M, peak: 584M
current process commit charge ("private bytes"): 693M, peak: 1137M

vm_info: OpenJDK 64-Bit Server VM (21.0.6+-13391695-b895.109) for windows-amd64 JRE (21.0.6+-13391695-b895.109), built on 2025-04-22T21:19:17Z by "builder" with MS VC++ 16.10 / 16.11 (VS2019)

END.
